{"type":"FeatureCollection","features":[{"id":"d237a40c-9bee-42e9-b241-8418114d3a15","type":"Feature","geometry":{"type":"Point","coordinates":[-95.39342,29.50139]},"properties":{"categories":{"primary":"mortgage_broker","alternate":null},"confidence":0.85,"websites":["https://mottomortgage.com/offices/praxis-manvel"],"phones":["8326524790"],"addresses":[{"freeform":"37 Terra Bella Dr","locality":"Manvel","postcode":"77578","region":"TX","country":"US"}],"names":{"primary":"Motto Mortgage Praxis","common":null,"rules":null},"sources":[{"property":"","dataset":"Microsoft","license":"CDLA-Permissive-2.0","record_id":"1407374889899012","update_time":"2025-06-02T17:28:05.430Z","confidence":0.85,"between":null,"provider":"microsoft","resource":"microsoft","version":"2025-10-20"},{"property":"/properties/confidence","dataset":"Overture","license":"CDLA-Permissive-2.0","record_id":null,"update_time":"2026-08-14T19:46:07Z","confidence":null,"between":null,"provider":"overture","resource":"confidence_calculation","version":"2026-08-14"}],"basic_category":"financial_service","taxonomy":{"primary":"mortgage_broker","hierarchy":["services_and_business","financial_service","mortgage_broker"],"alternates":null},"version":7}},{"id":"2b7ffe66-d54a-466a-885c-f0d5b5dc017c","type":"Feature","geometry":{"type":"Point","coordinates":[-95.39342,29.50139]},"properties":{"categories":{"primary":"mortgage_broker","alternate":null},"confidence":0.9199122190475464,"websites":["https://mottomortgage.com/offices/praxis-manvel/derek-hehn"],"phones":["8324603750"],"addresses":[{"freeform":"37 Terra Bella Dr","locality":"Manvel","postcode":"77578","region":"TX","country":"US"}],"names":{"primary":"Derek Hehn Motto Mortgage Praxis","common":null,"rules":null},"sources":[{"property":"","dataset":"Microsoft","license":"CDLA-Permissive-2.0","record_id":"1407374889894489","update_time":"2025-06-02T17:28:05.430Z","confidence":0.85,"between":null,"provider":"microsoft","resource":"microsoft","version":"2025-10-20"},{"property":"/properties/confidence","dataset":"Overture","license":"CDLA-Permissive-2.0","record_id":null,"update_time":"2026-08-14T19:46:07Z","confidence":null,"between":null,"provider":"overture","resource":"confidence_calculation","version":"2026-08-14"},{"property":"/properties/operating_status","dataset":"Overture-signals","license":"CDLA-Permissive-2.0","record_id":"dc790939-e9df-4663-acf7-18642b5e49a7","update_time":"2026-08-10T22:54:24Z","confidence":1.0,"between":null,"provider":"overture","resource":"operating_status_signal","version":"2026-08-10"}],"operating_status":"open","basic_category":"financial_service","taxonomy":{"primary":"mortgage_broker","hierarchy":["services_and_business","financial_service","mortgage_broker"],"alternates":null},"version":6}},{"id":"8912f8e6-2c69-47fb-97ed-8bd7b6f1fc25","type":"Feature","geometry":{"type":"Point","coordinates":[-95.392086,29.503629]},"properties":{"categories":{"primary":"real_estate_service","alternate":["home_developer","real_estate_agent"]},"confidence":0.9722161889076233,"socials":["https://www.facebook.com/329022974344311"],"brand":{"wikidata":null,"names":{"primary":null,"common":null,"rules":null}},"addresses":[{"freeform":"","locality":"Manvel","postcode":"77578","region":"TX","country":"US"}],"names":{"primary":"Rodeo Palms Neighborhood","common":null,"rules":null},"sources":[{"property":"","dataset":"meta","license":"CDLA-Permissive-2.0","record_id":"329022974344311","update_time":"2026-08-10T00:00:00.000Z","confidence":0.6488434672355652,"between":null,"provider":"meta","resource":"meta","version":"2026-08-10"},{"property":"/properties/confidence","dataset":"Overture","license":"CDLA-Permissive-2.0","record_id":null,"update_time":"2026-08-14T19:46:07Z","confidence":null,"between":null,"provider":"overture","resource":"confidence_calculation","version":"2026-08-14"},{"property":"/properties/operating_status","dataset":"Overture-signals","license":"CDLA-Permissive-2.0","record_id":"e51adf79-05b2-4e29-b693-a2ba34f6016b","update_time":"2026-08-10T22:54:24Z","confidence":1.0,"between":null,"provider":"overture","resource":"operating_status_signal","version":"2026-08-10"}],"operating_status":"open","basic_category":"real_estate_service","taxonomy":{"primary":"real_estate_service","hierarchy":["services_and_business","real_estate_service"],"alternates":null},"version":9}},{"id":"693201fe-e675-4742-a5ca-1adc0864d9d1","type":"Feature","geometry":{"type":"Point","coordinates":[-95.39373204,29.50397749]},"properties":{"categories":{"primary":"bakery","alternate":["desserts","cupcake_shop"]},"confidence":0.9199122190475464,"websites":["http://lediacustomcakes.com/"],"emails":["order@lediacustomcakes.com"],"socials":["https://www.facebook.com/109845365320987"],"phones":["+13465522091"],"brand":{"wikidata":null,"names":{"primary":null,"common":null,"rules":null}},"addresses":[{"freeform":"46 Rodeo Crest Dr","locality":"Manvel","postcode":"77578","region":"TX","country":"US"}],"names":{"primary":"Ledia Custom Cakes","common":null,"rules":null},"sources":[{"property":"","dataset":"meta","license":"CDLA-Permissive-2.0","record_id":"109845365320987","update_time":"2026-08-10T00:00:00.000Z","confidence":0.23267237842082977,"between":null,"provider":"meta","resource":"meta","version":"2026-08-10"},{"property":"/properties/confidence","dataset":"Overture","license":"CDLA-Permissive-2.0","record_id":null,"update_time":"2026-08-14T19:46:07Z","confidence":null,"between":null,"provider":"overture","resource":"confidence_calculation","version":"2026-08-14"},{"property":"/properties/operating_status","dataset":"Overture-signals","license":"CDLA-Permissive-2.0","record_id":"8db5f29d-a9c7-40a3-a591-61b81a028216","update_time":"2026-08-10T22:54:24Z","confidence":1.0,"between":null,"provider":"overture","resource":"operating_status_signal","version":"2026-08-10"}],"operating_status":"open","basic_category":"casual_eatery","taxonomy":{"primary":"bakery","hierarchy":["food_and_drink","casual_eatery","bakery"],"alternates":null},"version":8}},{"id":"0087038d-6ea7-4938-96aa-179c62082aa5","type":"Feature","geometry":{"type":"Point","coordinates":[-95.39587,29.50008]},"properties":{"confidence":0.9448995947837829,"websites":["https://kbhome.com/new-homes-houston/avellino"],"phones":["2816683975"],"addresses":[{"freeform":"32 Rodeo Dr","locality":"Manvel","postcode":"77578","region":"TX","country":"US"}],"names":{"primary":"KB Home Avellino","common":null,"rules":null},"sources":[{"property":"","dataset":"Microsoft","license":"CDLA-Permissive-2.0","record_id":"1407374888301147","update_time":"2025-10-06T02:44:36.733Z","confidence":0.85,"between":null,"provider":"microsoft","resource":"microsoft","version":"2025-10-20"},{"property":"/properties/confidence","dataset":"Overture","license":"CDLA-Permissive-2.0","record_id":null,"update_time":"2026-08-14T19:46:07Z","confidence":null,"between":null,"provider":"overture","resource":"confidence_calculation","version":"2026-08-14"},{"property":"/properties/operating_status","dataset":"Overture-signals","license":"CDLA-Permissive-2.0","record_id":"58950eb5-3d68-414f-b3c0-648e6c8fc0a1","update_time":"2026-08-10T22:54:24Z","confidence":1.0,"between":null,"provider":"overture","resource":"operating_status_signal","version":"2026-08-10"}],"operating_status":"open","version":10}},{"id":"35af7829-51d7-4aa6-938c-76bb275eb2d6","type":"Feature","geometry":{"type":"Point","coordinates":[-95.3959707,29.5002275]},"properties":{"categories":{"primary":"real_estate_agent","alternate":["builders"]},"confidence":0.9902192950248718,"websites":[""],"phones":["8322205566"],"addresses":[{"freeform":"34 Rodeo Dr","locality":"Manvel","postcode":"77578","region":"TX","country":"US"}],"names":{"primary":"Saratoga Homes Rodeo Palms","common":null,"rules":null},"sources":[{"property":"","dataset":"Microsoft","license":"CDLA-Permissive-2.0","record_id":"2251799819403689","update_time":"2020-07-16T01:30:05.520Z","confidence":0.85,"between":null,"provider":"microsoft","resource":"microsoft","version":"2025-10-20"},{"property":"/properties/confidence","dataset":"Overture","license":"CDLA-Permissive-2.0","record_id":null,"update_time":"2026-08-14T19:46:07Z","confidence":null,"between":null,"provider":"overture","resource":"confidence_calculation","version":"2026-08-14"},{"property":"/properties/operating_status","dataset":"Overture-signals","license":"CDLA-Permissive-2.0","record_id":"6b19eb2f-d9fa-4321-887a-676acfb5f5cc","update_time":"2026-08-10T22:54:24Z","confidence":1.0,"between":null,"provider":"overture","resource":"operating_status_signal","version":"2026-08-10"}],"operating_status":"open","basic_category":"real_estate_service","taxonomy":{"primary":"real_estate_agent","hierarchy":["services_and_business","real_estate_service","real_estate_agent"],"alternates":null},"version":7}},{"id":"f1997d26-72b8-4400-a19a-678000d92c2d","type":"Feature","geometry":{"type":"Point","coordinates":[-95.396031,29.500404]},"properties":{"categories":{"primary":"home_developer","alternate":["rodeo","contractor"]},"confidence":0.669047474861145,"websites":["http://c-rock.com/find-your-new-home/rodeo-palms"],"emails":["srichard@c-rock.com"],"socials":["https://www.facebook.com/219567692070356"],"phones":["+12814894047"],"brand":{"wikidata":null,"names":{"primary":null,"common":null,"rules":null}},"addresses":[{"freeform":"36 Rodeo Dr","locality":"Manvel","postcode":"77578-4976","region":"TX","country":"US"}],"names":{"primary":"Rodeo Palms by CastleRock Communities","common":null,"rules":null},"sources":[{"property":"","dataset":"meta","license":"CDLA-Permissive-2.0","record_id":"219567692070356","update_time":"2026-08-10T00:00:00.000Z","confidence":0.669047474861145,"between":null,"provider":"meta","resource":"meta","version":"2026-08-10"},{"property":"/properties/confidence","dataset":"Overture","license":"CDLA-Permissive-2.0","record_id":null,"update_time":"2026-08-14T19:46:07Z","confidence":null,"between":null,"provider":"overture","resource":"confidence_calculation","version":"2026-08-14"}],"basic_category":"real_estate_service","taxonomy":{"primary":"home_developer","hierarchy":["services_and_business","real_estate_service","builder","home_developer"],"alternates":null},"version":3}},{"id":"5027ff5e-e29c-4553-a5e3-fcf6fd2658a6","type":"Feature","geometry":{"type":"Point","coordinates":[-95.3990783691406,29.5040855407715]},"properties":{"categories":{"primary":"garage_door_service","alternate":null},"confidence":0.9199122190475464,"websites":[""],"phones":["2819903282"],"addresses":[{"freeform":"13 Palomar Dr","locality":"Manvel","postcode":"77578","region":"TX","country":"US"}],"names":{"primary":"Manvel Garage Door Repairs","common":null,"rules":null},"sources":[{"property":"","dataset":"Microsoft","license":"CDLA-Permissive-2.0","record_id":"1970324837157399","update_time":"2013-10-18T19:17:30.643Z","confidence":0.85,"between":null,"provider":"microsoft","resource":"microsoft","version":"2025-10-20"},{"property":"/properties/confidence","dataset":"Overture","license":"CDLA-Permissive-2.0","record_id":null,"update_time":"2026-08-14T19:46:07Z","confidence":null,"between":null,"provider":"overture","resource":"confidence_calculation","version":"2026-08-14"},{"property":"/properties/operating_status","dataset":"Overture-signals","license":"CDLA-Permissive-2.0","record_id":"f5d45872-1f41-482a-bed8-8f61d8ca589a","update_time":"2026-08-10T22:54:24Z","confidence":1.0,"between":null,"provider":"overture","resource":"operating_status_signal","version":"2026-08-10"}],"operating_status":"open","basic_category":"home_service","taxonomy":{"primary":"garage_door_service","hierarchy":["services_and_business","home_service","garage_door_service"],"alternates":null},"version":5}},{"id":"37602efd-69ce-4bae-a53d-d07d335213cc","type":"Feature","geometry":{"type":"Point","coordinates":[-95.39999409,29.52769834]},"properties":{"categories":{"primary":"sports_and_recreation_venue","alternate":["private_association","community_center"]},"confidence":0.9722161889076233,"socials":["https://www.facebook.com/193954181241130"],"phones":["+18325832498"],"brand":{"wikidata":null,"names":{"primary":null,"common":null,"rules":null}},"addresses":[{"freeform":"4545 Pomona Pkwy","locality":"Manvel","postcode":"77578","region":"TX","country":"US"}],"names":{"primary":"Camp Pomona (Private) Recreation Center - For Residents Only","common":null,"rules":null},"sources":[{"property":"","dataset":"meta","license":"CDLA-Permissive-2.0","record_id":"193954181241130","update_time":"2026-08-10T00:00:00.000Z","confidence":0.7652853727340698,"between":null,"provider":"meta","resource":"meta","version":"2026-08-10"},{"property":"/properties/confidence","dataset":"Overture","license":"CDLA-Permissive-2.0","record_id":null,"update_time":"2026-08-14T19:46:07Z","confidence":null,"between":null,"provider":"overture","resource":"confidence_calculation","version":"2026-08-14"},{"property":"/properties/operating_status","dataset":"Overture-signals","license":"CDLA-Permissive-2.0","record_id":"fb2a1618-382d-44c4-a68d-76cc06d8e757","update_time":"2026-08-10T22:54:24Z","confidence":1.0,"between":null,"provider":"overture","resource":"operating_status_signal","version":"2026-08-10"}],"operating_status":"open","basic_category":"sport_or_fitness_facility","taxonomy":{"primary":"sport_or_fitness_facility","hierarchy":["sports_and_recreation","sport_or_fitness_facility"],"alternates":null},"version":2}},{"id":"eed2dca6-8b50-4e5c-b99c-1325c03877a5","type":"Feature","geometry":{"type":"Point","coordinates":[-95.39843,29.51244]},"properties":{"categories":{"primary":"pilates_studio","alternate":["gym","yoga_studio"]},"confidence":0.27042120695114136,"websites":["http://fireandformpilates.com/subscribe"],"emails":["info@fireandformpilates.com"],"socials":["https://www.facebook.com/1083375781517675"],"brand":{"wikidata":null,"names":{"primary":null,"common":null,"rules":null}},"addresses":[{"freeform":"3573 CR-58","locality":"Manvel","postcode":"77578","region":"TX","country":"US"}],"names":{"primary":"Fire + Form Pilates & Lagree","common":null,"rules":null},"sources":[{"property":"","dataset":"meta","license":"CDLA-Permissive-2.0","record_id":"1083375781517675","update_time":"2026-08-10T00:00:00.000Z","confidence":0.27042120695114136,"between":null,"provider":"meta","resource":"meta","version":"2026-08-10"},{"property":"/properties/confidence","dataset":"Overture","license":"CDLA-Permissive-2.0","record_id":null,"update_time":"2026-08-14T19:46:07Z","confidence":null,"between":null,"provider":"overture","resource":"confidence_calculation","version":"2026-08-14"}],"basic_category":"fitness_studio","taxonomy":{"primary":"pilates_studio","hierarchy":["sports_and_recreation","sport_or_fitness_facility","fitness_studio","pilates_studio"],"alternates":null},"version":1}},{"id":"5fcc23c5-550b-4dcc-a922-9de05808a1a4","type":"Feature","geometry":{"type":"Point","coordinates":[-95.39516333,29.50796885]},"properties":{"categories":{"primary":"church_cathedral","alternate":["school","religious_organization"]},"confidence":0.9722161889076233,"websites":["http://newhopechurch.tv/students"],"emails":["students@newhopechurch.tv"],"socials":["https://www.facebook.com/456743851008148"],"phones":["+12816044000"],"brand":{"wikidata":null,"names":{"primary":null,"common":null,"rules":null}},"addresses":[{"freeform":"3640 Croix Rd","locality":"Manvel","postcode":"77578-2919","region":"TX","country":"US"}],"names":{"primary":"NH Students","common":null,"rules":null},"sources":[{"property":"","dataset":"meta","license":"CDLA-Permissive-2.0","record_id":"456743851008148","update_time":"2026-08-10T00:00:00.000Z","confidence":0.7320109009742737,"between":null,"provider":"meta","resource":"meta","version":"2026-08-10"},{"property":"/properties/confidence","dataset":"Overture","license":"CDLA-Permissive-2.0","record_id":null,"update_time":"2026-08-14T19:46:07Z","confidence":null,"between":null,"provider":"overture","resource":"confidence_calculation","version":"2026-08-14"}],"basic_category":"christian_place_of_worship","taxonomy":{"primary":"christian_place_of_worship","hierarchy":["cultural_and_historic","place_of_worship","christian_place_of_worship"],"alternates":null},"version":10}},{"id":"ea24b376-0947-4d1e-adbb-64138e796ccb","type":"Feature","geometry":{"type":"Point","coordinates":[-95.3949657598879,29.512852917670283]},"properties":{"categories":{"primary":"courthouse","alternate":null},"confidence":0.9199122190475464,"websites":["http://brazoriacountytx.gov/departments/justice-of-the-peace"],"phones":["(713) 844-1777"],"addresses":[{"freeform":"3633 County Road 58","locality":"Manvel","postcode":"77578","region":"TX","country":"US"}],"names":{"primary":"Brazoria County Pct 4 Justice Court","common":null,"rules":null},"sources":[{"property":"","dataset":"Foursquare","license":"Apache-2.0","record_id":"5c37cb6d2b274a002cb51f51","update_time":"2025-10-28T00:00:00.000","confidence":0.77,"between":null,"provider":"foursquare","resource":"foursquare","version":"2026-04-14"},{"property":"/properties/confidence","dataset":"Overture","license":"CDLA-Permissive-2.0","record_id":null,"update_time":"2026-08-14T19:46:07Z","confidence":null,"between":null,"provider":"overture","resource":"confidence_calculation","version":"2026-08-14"},{"property":"/properties/operating_status","dataset":"Overture-signals","license":"CDLA-Permissive-2.0","record_id":"067ebcba-9691-4353-a04e-509ac2812102","update_time":"2026-08-10T22:54:24Z","confidence":1.0,"between":null,"provider":"overture","resource":"operating_status_signal","version":"2026-08-10"}],"operating_status":"open","basic_category":"courthouse","taxonomy":{"primary":"courthouse","hierarchy":["community_and_government","government_office","courthouse"],"alternates":null},"version":4}},{"id":"dc9ba8f1-08f6-4063-955f-d57443889729","type":"Feature","geometry":{"type":"Point","coordinates":[-95.394966,29.512853]},"properties":{"categories":{"primary":"non_governmental_association","alternate":["public_and_government_association","courthouse"]},"confidence":0.9046903252601624,"websites":["http://brazoriacountytx.gov/departments/justice-of-the-peace"],"socials":["https://www.facebook.com/1673228672962048"],"phones":["+17138441700"],"brand":{"wikidata":null,"names":{"primary":null,"common":null,"rules":null}},"addresses":[{"freeform":"3633 Croix Rd","locality":"Manvel","postcode":"77578-2920","region":"TX","country":"US"}],"names":{"primary":"Brazoria County Precinct 4","common":null,"rules":null},"sources":[{"property":"","dataset":"meta","license":"CDLA-Permissive-2.0","record_id":"1673228672962048","update_time":"2026-08-10T00:00:00.000Z","confidence":0.9046903252601624,"between":null,"provider":"meta","resource":"meta","version":"2026-08-10"},{"property":"/properties/confidence","dataset":"Overture","license":"CDLA-Permissive-2.0","record_id":null,"update_time":"2026-08-14T19:46:07Z","confidence":null,"between":null,"provider":"overture","resource":"confidence_calculation","version":"2026-08-14"},{"property":"/properties/operating_status","dataset":"Overture-signals","license":"CDLA-Permissive-2.0","record_id":"f7196c84-fc90-4870-b42f-dc598ac34640","update_time":"2026-08-10T22:54:24Z","confidence":1.0,"between":null,"provider":"overture","resource":"operating_status_signal","version":"2026-08-10"}],"operating_status":"open","basic_category":"civic_organization","taxonomy":{"primary":"non_governmental_association","hierarchy":["community_and_government","civic_organization","non_governmental_association"],"alternates":null},"version":12}},{"id":"c0036d44-7410-4ea9-aa06-82ecb9bdf793","type":"Feature","geometry":{"type":"Point","coordinates":[-95.39491711,29.51295804]},"properties":{"categories":{"primary":"public_service_and_government","alternate":["public_and_government_association"]},"confidence":0.9570930004119873,"websites":["brazoriacountytx.gov/departments/tax-office/sub-office-locations"],"socials":["https://www.facebook.com/950987948275308"],"phones":["+12817562460"],"brand":{"wikidata":null,"names":{"primary":null,"common":null,"rules":null}},"addresses":[{"freeform":"3633 County Rd 58","locality":"Manvel","postcode":"77578","region":"TX","country":"US"}],"names":{"primary":"Brazoria County Adult Probation","common":null,"rules":null},"sources":[{"property":"","dataset":"meta","license":"CDLA-Permissive-2.0","record_id":"950987948275308","update_time":"2026-08-10T00:00:00.000Z","confidence":0.9570930004119873,"between":null,"provider":"meta","resource":"meta","version":"2026-08-10"},{"property":"/properties/confidence","dataset":"Overture","license":"CDLA-Permissive-2.0","record_id":null,"update_time":"2026-08-14T19:46:07Z","confidence":null,"between":null,"provider":"overture","resource":"confidence_calculation","version":"2026-08-14"}],"basic_category":"community_and_government","taxonomy":{"primary":"community_and_government","hierarchy":["community_and_government"],"alternates":null},"version":2}},{"id":"7276bc34-6340-46d7-ab22-0350d2aaccba","type":"Feature","geometry":{"type":"Point","coordinates":[-95.394519,29.507369]},"properties":{"categories":{"primary":"church_cathedral","alternate":["religious_organization"]},"confidence":0.9902192950248718,"websites":["http://www.newhopechurch.tv"],"emails":["mail@newhopechurch.tv"],"socials":["https://www.facebook.com/137401682975618"],"phones":["+12816044000"],"brand":{"wikidata":null,"names":{"primary":"New Hope Church","common":null,"rules":null}},"addresses":[{"freeform":"3640 County Rd 58","locality":"Manvel","postcode":"77578","region":"TX","country":"US"}],"names":{"primary":"New Hope Church","common":null,"rules":null},"sources":[{"property":"","dataset":"meta","license":"CDLA-Permissive-2.0","record_id":"137401682975618","update_time":"2026-08-10T00:00:00.000Z","confidence":0.9884222149848938,"between":null,"provider":"meta","resource":"meta","version":"2026-08-10"},{"property":"/properties/confidence","dataset":"Overture","license":"CDLA-Permissive-2.0","record_id":null,"update_time":"2026-08-14T19:46:07Z","confidence":null,"between":null,"provider":"overture","resource":"confidence_calculation","version":"2026-08-14"},{"property":"/properties/operating_status","dataset":"Overture-signals","license":"CDLA-Permissive-2.0","record_id":"2d5621f3-3519-4941-a6c4-0cd5a44a3bb6","update_time":"2026-08-10T22:54:24Z","confidence":1.0,"between":null,"provider":"overture","resource":"operating_status_signal","version":"2026-08-10"}],"operating_status":"open","basic_category":"christian_place_of_worship","taxonomy":{"primary":"christian_place_of_worship","hierarchy":["cultural_and_historic","place_of_worship","christian_place_of_worship"],"alternates":null},"version":10}},{"id":"430addb9-1108-4e7e-8f6e-f8ba9d026a05","type":"Feature","geometry":{"type":"Point","coordinates":[-95.39169911,29.51304153]},"properties":{"categories":{"primary":"family_practice","alternate":["doctor","medical_center"]},"confidence":0.9902192950248718,"socials":["https://www.facebook.com/430084460376138"],"phones":["+12814126606"],"brand":{"wikidata":null,"names":{"primary":null,"common":null,"rules":null}},"addresses":[{"freeform":"3945 County Rd 58","locality":"Manvel","postcode":"77578","region":"TX","country":"US"}],"names":{"primary":"Sai Primary Care","common":null,"rules":null},"sources":[{"property":"","dataset":"meta","license":"CDLA-Permissive-2.0","record_id":"430084460376138","update_time":"2026-08-10T00:00:00.000Z","confidence":0.9711469411849976,"between":null,"provider":"meta","resource":"meta","version":"2026-08-10"},{"property":"/properties/confidence","dataset":"Overture","license":"CDLA-Permissive-2.0","record_id":null,"update_time":"2026-08-14T19:46:07Z","confidence":null,"between":null,"provider":"overture","resource":"confidence_calculation","version":"2026-08-14"},{"property":"/properties/operating_status","dataset":"Overture-signals","license":"CDLA-Permissive-2.0","record_id":"66b91131-8480-4de3-a632-13ee163ce88b","update_time":"2026-08-10T22:54:24Z","confidence":1.0,"between":null,"provider":"overture","resource":"operating_status_signal","version":"2026-08-10"}],"operating_status":"open","basic_category":"primary_care_or_general_clinic","taxonomy":{"primary":"family_practice","hierarchy":["health_care","outpatient_care_facility","primary_care_or_general_clinic","family_practice"],"alternates":null},"version":11}},{"id":"1bed2a1a-aec6-44d2-a9bd-b0b75a8ae336","type":"Feature","geometry":{"type":"Point","coordinates":[-95.395245,29.52244534]},"properties":{"categories":{"primary":"farm","alternate":["agriculture"]},"confidence":0.27072227001190186,"socials":["https://www.facebook.com/915565434973584"],"brand":{"wikidata":null,"names":{"primary":null,"common":null,"rules":null}},"addresses":[{"freeform":"4396 Croix Pkwy","locality":"Manvel","postcode":"77578","region":"TX","country":"US"}],"names":{"primary":"Bella Union Ranch","common":null,"rules":null},"sources":[{"property":"","dataset":"meta","license":"CDLA-Permissive-2.0","record_id":"915565434973584","update_time":"2026-08-10T00:00:00.000Z","confidence":0.27072227001190186,"between":null,"provider":"meta","resource":"meta","version":"2026-08-10"},{"property":"/properties/confidence","dataset":"Overture","license":"CDLA-Permissive-2.0","record_id":null,"update_time":"2026-08-14T19:46:07Z","confidence":null,"between":null,"provider":"overture","resource":"confidence_calculation","version":"2026-08-14"}],"basic_category":"farm","taxonomy":{"primary":"farm","hierarchy":["services_and_business","agricultural_service","farm"],"alternates":null},"version":6}},{"id":"7312864e-7f12-4360-abb3-ea0353a689a6","type":"Feature","geometry":{"type":"Point","coordinates":[-95.39393222,29.52537919]},"properties":{"categories":{"primary":"real_estate_service","alternate":["home_developer","construction_services"]},"confidence":0.6936977505683899,"websites":["https://www.perryhomes.com/Texas/New-Homes-Houston/Pomona/Pomona-55"],"emails":["newlocations.perry@gmail.com"],"socials":["https://www.facebook.com/883322498691032"],"phones":["+13462277825"],"brand":{"wikidata":null,"names":{"primary":null,"common":null,"rules":null}},"addresses":[{"freeform":"4742 Orchard Creek Ln","locality":"Manvel","postcode":"77578-2025","region":"TX","country":"US"}],"names":{"primary":"Perry Homes- Pomona 55'/60","common":null,"rules":null},"sources":[{"property":"","dataset":"meta","license":"CDLA-Permissive-2.0","record_id":"883322498691032","update_time":"2026-08-10T00:00:00.000Z","confidence":0.6936977505683899,"between":null,"provider":"meta","resource":"meta","version":"2026-08-10"},{"property":"/properties/confidence","dataset":"Overture","license":"CDLA-Permissive-2.0","record_id":null,"update_time":"2026-08-14T19:46:07Z","confidence":null,"between":null,"provider":"overture","resource":"confidence_calculation","version":"2026-08-14"}],"basic_category":"real_estate_service","taxonomy":{"primary":"real_estate_service","hierarchy":["services_and_business","real_estate_service"],"alternates":null},"version":9}},{"id":"503b9c57-2227-4f54-a859-5589881d99b0","type":"Feature","geometry":{"type":"Point","coordinates":[-95.3938748,29.5240631]},"properties":{"categories":{"primary":"montessori_school","alternate":["preschool","school","education"]},"confidence":0.9199122190475464,"websites":["https://avantgardemontessori.com/"],"phones":["2816922084"],"addresses":[{"freeform":"3939 Pomona Pkwy","locality":"Manvel","postcode":"77578","region":"TX","country":"US"}],"names":{"primary":"Avant Garde Montessori School","common":null,"rules":null},"sources":[{"property":"","dataset":"Microsoft","license":"CDLA-Permissive-2.0","record_id":"1688849865895556","update_time":"2025-09-02T23:03:19.560Z","confidence":0.85,"between":null,"provider":"microsoft","resource":"microsoft","version":"2025-10-20"},{"property":"/properties/confidence","dataset":"Overture","license":"CDLA-Permissive-2.0","record_id":null,"update_time":"2026-08-14T19:46:07Z","confidence":null,"between":null,"provider":"overture","resource":"confidence_calculation","version":"2026-08-14"},{"property":"/properties/operating_status","dataset":"Overture-signals","license":"CDLA-Permissive-2.0","record_id":"6310eabc-2561-45d9-a5b6-339ebfc3369d","update_time":"2026-08-10T22:54:24Z","confidence":1.0,"between":null,"provider":"overture","resource":"operating_status_signal","version":"2026-08-10"}],"operating_status":"open","basic_category":"place_of_learning","taxonomy":{"primary":"montessori_school","hierarchy":["education","place_of_learning","school","montessori_school"],"alternates":null},"version":9}},{"id":"7685b301-07d6-4c87-a8f0-ea669f301987","type":"Feature","geometry":{"type":"Point","coordinates":[-95.39366373,29.52035399]},"properties":{"categories":{"primary":"park","alternate":["attractions_and_activities","sports_and_recreation_venue"]},"confidence":0.9492276906967163,"socials":["https://www.facebook.com/1205401546227859"],"phones":["+12814890630"],"brand":{"wikidata":null,"names":{"primary":null,"common":null,"rules":null}},"addresses":[{"freeform":"4503 County Rd 84","locality":"Manvel","postcode":"77578","region":"TX","country":"US"}],"names":{"primary":"Croix Memorial Park","common":null,"rules":null},"sources":[{"property":"","dataset":"meta","license":"CDLA-Permissive-2.0","record_id":"1205401546227859","update_time":"2026-08-10T00:00:00.000Z","confidence":0.9644029140472412,"between":null,"provider":"meta","resource":"meta","version":"2026-08-10"},{"property":"/properties/confidence","dataset":"Overture","license":"CDLA-Permissive-2.0","record_id":null,"update_time":"2026-08-14T19:46:07Z","confidence":null,"between":null,"provider":"overture","resource":"confidence_calculation","version":"2026-08-14"},{"property":"/properties/operating_status","dataset":"Overture-signals","license":"CDLA-Permissive-2.0","record_id":"90474347-e207-4e9d-b230-e515471441c3","update_time":"2026-08-10T22:54:24Z","confidence":1.0,"between":null,"provider":"overture","resource":"operating_status_signal","version":"2026-08-10"}],"operating_status":"open","basic_category":"park","taxonomy":{"primary":"park","hierarchy":["sports_and_recreation","park"],"alternates":null},"version":10}},{"id":"15bec312-107c-4af1-bf74-fcd23cb46c3b","type":"Feature","geometry":{"type":"Point","coordinates":[-95.3930309,29.5250742]},"properties":{"categories":{"primary":"shopping","alternate":["retail"]},"confidence":0.9655,"websites":["https://www.pomonabyhillwood.com/?utm_source=local&utm_medium=organic&utm_campaign=GMB"],"phones":["8323366272"],"addresses":[{"freeform":"4714 Orchard Creek Ln","locality":"Manvel","postcode":"77578","region":"TX","country":"US"}],"names":{"primary":"Pomona By Hillwood Communities","common":null,"rules":null},"sources":[{"property":"","dataset":"Microsoft","license":"CDLA-Permissive-2.0","record_id":"562949967527636","update_time":"2025-08-28T03:15:50.717Z","confidence":0.85,"between":null,"provider":"microsoft","resource":"microsoft","version":"2025-10-20"},{"property":"/properties/confidence","dataset":"Overture","license":"CDLA-Permissive-2.0","record_id":null,"update_time":"2026-08-14T19:46:07Z","confidence":null,"between":null,"provider":"overture","resource":"confidence_calculation","version":"2026-08-14"}],"basic_category":"shopping","taxonomy":{"primary":"shopping","hierarchy":["shopping"],"alternates":null},"version":6}},{"id":"7339fca4-0cb6-411e-af8c-25ec93160e78","type":"Feature","geometry":{"type":"Point","coordinates":[-95.393586,29.525905]},"properties":{"categories":{"primary":"home_developer","alternate":["contractor"]},"confidence":0.7216481566429138,"websites":["http://tollbrothers.com"],"socials":["https://www.facebook.com/301707347189134"],"phones":["+12816922604"],"brand":{"wikidata":null,"names":{"primary":null,"common":null,"rules":null}},"addresses":[{"freeform":"4607 Orchard Creek Ln","locality":"Manvel","postcode":"77578-2024","region":"TX","country":"US"}],"names":{"primary":"Toll Brothers","common":null,"rules":null},"sources":[{"property":"","dataset":"meta","license":"CDLA-Permissive-2.0","record_id":"301707347189134","update_time":"2026-08-10T00:00:00.000Z","confidence":0.7216481566429138,"between":null,"provider":"meta","resource":"meta","version":"2026-08-10"},{"property":"/properties/confidence","dataset":"Overture","license":"CDLA-Permissive-2.0","record_id":null,"update_time":"2026-08-14T19:46:07Z","confidence":null,"between":null,"provider":"overture","resource":"confidence_calculation","version":"2026-08-14"}],"basic_category":"real_estate_service","taxonomy":{"primary":"home_developer","hierarchy":["services_and_business","real_estate_service","builder","home_developer"],"alternates":null},"version":8}},{"id":"8b9207af-8b41-4191-86ee-0f43984011c7","type":"Feature","geometry":{"type":"Point","coordinates":[-95.39396244,29.52797902]},"properties":{"categories":{"primary":"sporting_goods","alternate":null},"confidence":0.9199122190475464,"websites":["http://Sportsgallery.us.com/"],"emails":["info@sportsgallery.us.com"],"socials":["https://www.facebook.com/112034898624318"],"phones":["+18328985635"],"brand":{"wikidata":null,"names":{"primary":null,"common":null,"rules":null}},"addresses":[{"freeform":"4503 Sandy Cv Dr","locality":"Manvel","postcode":"77578","region":"TX","country":"US"}],"names":{"primary":"Sports Gallery US","common":null,"rules":null},"sources":[{"property":"","dataset":"meta","license":"CDLA-Permissive-2.0","record_id":"112034898624318","update_time":"2026-08-10T00:00:00.000Z","confidence":0.7598572969436646,"between":null,"provider":"meta","resource":"meta","version":"2026-08-10"},{"property":"/properties/confidence","dataset":"Overture","license":"CDLA-Permissive-2.0","record_id":null,"update_time":"2026-08-14T19:46:07Z","confidence":null,"between":null,"provider":"overture","resource":"confidence_calculation","version":"2026-08-14"},{"property":"/properties/operating_status","dataset":"Overture-signals","license":"CDLA-Permissive-2.0","record_id":"336ac7ee-2894-4f98-9baa-ee02c8ef10a3","update_time":"2026-08-10T22:54:24Z","confidence":1.0,"between":null,"provider":"overture","resource":"operating_status_signal","version":"2026-08-10"}],"operating_status":"open","basic_category":"sporting_goods_store","taxonomy":{"primary":"sporting_goods_store","hierarchy":["shopping","specialty_store","sporting_goods_store"],"alternates":null},"version":11}},{"id":"dd084e3a-250f-417c-8a60-684e7f65c03a","type":"Feature","geometry":{"type":"Point","coordinates":[-95.39373732,29.52603925]},"properties":{"categories":{"primary":"real_estate_service","alternate":null},"confidence":0.9722161889076233,"websites":["https://www.liveatporterranch.com"],"emails":["pomonaexecutive@tollbrothers.com"],"socials":["https://www.facebook.com/1299314840246035"],"phones":["+12817836969"],"brand":{"wikidata":null,"names":{"primary":"Toll Brothers","common":null,"rules":null}},"addresses":[{"freeform":"4607 Orchard Creek Ln","locality":"Manvel","postcode":"77578","region":"TX","country":"US"}],"names":{"primary":"Pomona","common":null,"rules":null},"sources":[{"property":"","dataset":"meta","license":"CDLA-Permissive-2.0","record_id":"1299314840246035","update_time":"2026-08-10T00:00:00.000Z","confidence":0.8528914451599121,"between":null,"provider":"meta","resource":"meta","version":"2026-08-10"},{"property":"/properties/confidence","dataset":"Overture","license":"CDLA-Permissive-2.0","record_id":null,"update_time":"2026-08-14T19:46:07Z","confidence":null,"between":null,"provider":"overture","resource":"confidence_calculation","version":"2026-08-14"},{"property":"/properties/operating_status","dataset":"Overture-signals","license":"CDLA-Permissive-2.0","record_id":"a8869311-368e-4f70-833f-596e0a3badc5","update_time":"2026-08-10T22:54:24Z","confidence":1.0,"between":null,"provider":"overture","resource":"operating_status_signal","version":"2026-08-10"}],"operating_status":"open","basic_category":"real_estate_service","taxonomy":{"primary":"real_estate_service","hierarchy":["services_and_business","real_estate_service"],"alternates":null},"version":10}},{"id":"47c89089-3c92-4d98-9e7a-d9e2ae859f7d","type":"Feature","geometry":{"type":"Point","coordinates":[-95.393846,29.525861]},"properties":{"categories":{"primary":"community_services_non_profits","alternate":["real_estate"]},"confidence":0.9199122190475464,"websites":["https://www.highlandhomes.com/houston/manvel/pomona"],"emails":["denise.aronson@highlandhomes.com"],"socials":["https://www.facebook.com/1454895507986815"],"phones":["+18326377902"],"brand":{"wikidata":null,"names":{"primary":null,"common":null,"rules":null}},"addresses":[{"freeform":"4611 Orchard Creek Ln","locality":"Manvel","postcode":"77578-2024","region":"TX","country":"US"}],"names":{"primary":"Highland Homes at Pomona","common":null,"rules":null},"sources":[{"property":"","dataset":"meta","license":"CDLA-Permissive-2.0","record_id":"1454895507986815","update_time":"2026-08-10T00:00:00.000Z","confidence":0.9801805019378662,"between":null,"provider":"meta","resource":"meta","version":"2026-08-10"},{"property":"/properties/confidence","dataset":"Overture","license":"CDLA-Permissive-2.0","record_id":null,"update_time":"2026-08-14T19:46:07Z","confidence":null,"between":null,"provider":"overture","resource":"confidence_calculation","version":"2026-08-14"},{"property":"/properties/operating_status","dataset":"Overture-signals","license":"CDLA-Permissive-2.0","record_id":"67ae8628-cf8d-4d63-841a-f8560e3e5b82","update_time":"2026-08-10T22:54:24Z","confidence":1.0,"between":null,"provider":"overture","resource":"operating_status_signal","version":"2026-08-10"}],"operating_status":"open","basic_category":"social_or_community_service","taxonomy":{"primary":"social_or_community_service","hierarchy":["community_and_government","social_or_community_service"],"alternates":null},"version":10}},{"id":"bbb78555-7b0d-42df-8fd0-3cd7666ab24e","type":"Feature","geometry":{"type":"Point","coordinates":[-95.39423248368406,29.526159851549508]},"properties":{"categories":{"primary":"professional_services","alternate":null},"confidence":0.5795868039131165,"websites":["http://coventryhomes.com"],"socials":["https://www.facebook.com/368916513877077"],"phones":["+18323362110"],"brand":{"wikidata":null,"names":{"primary":null,"common":null,"rules":null}},"addresses":[{"freeform":"4722 Orchard Creek Ln","locality":"Manvel","postcode":"77578-2025","region":"TX","country":"US"}],"names":{"primary":"Coventry Homes Model Pomona","common":null,"rules":null},"sources":[{"property":"","dataset":"meta","license":"CDLA-Permissive-2.0","record_id":"368916513877077","update_time":"2026-08-10T00:00:00.000Z","confidence":0.5795868039131165,"between":null,"provider":"meta","resource":"meta","version":"2026-08-10"},{"property":"/properties/confidence","dataset":"Overture","license":"CDLA-Permissive-2.0","record_id":null,"update_time":"2026-08-14T19:46:07Z","confidence":null,"between":null,"provider":"overture","resource":"confidence_calculation","version":"2026-08-14"}],"basic_category":"professional_service","taxonomy":{"primary":"professional_service","hierarchy":["services_and_business","professional_service"],"alternates":null},"version":3}},{"id":"096b4d21-b3d8-4c01-b63c-e9038434ec3f","type":"Feature","geometry":{"type":"Point","coordinates":[-95.3970819,29.5263869]},"properties":{"confidence":0.9199122190475464,"websites":["https://www.tollbrothers.com/luxury-homes-for-sale/Texas/Pomona/Magnolia-Collection?utm_source=Yext&utm_medium=Local+Listings&utm_campaign=Yext+Community+Local+Listings&utm_content=Community+Link&y_source=1_MTA2NzI0MDMyMC00ODMtbG9jYXRpb24ud2Vic2l0ZQ%3D%3D"],"phones":["8558978655"],"addresses":[{"freeform":"4706 Mulberry Shrubs Lane","locality":"Manvel","postcode":"77578","region":"TX","country":"US"}],"names":{"primary":"Pomona - Magnolia Collection","common":null,"rules":null},"sources":[{"property":"","dataset":"Microsoft","license":"CDLA-Permissive-2.0","record_id":"562949966331549","update_time":"2025-09-15T06:13:36.283Z","confidence":0.85,"between":null,"provider":"microsoft","resource":"microsoft","version":"2025-10-20"},{"property":"/properties/confidence","dataset":"Overture","license":"CDLA-Permissive-2.0","record_id":null,"update_time":"2026-08-14T19:46:07Z","confidence":null,"between":null,"provider":"overture","resource":"confidence_calculation","version":"2026-08-14"},{"property":"/properties/operating_status","dataset":"Overture-signals","license":"CDLA-Permissive-2.0","record_id":"0d52d4f7-f6f7-4f85-bcb5-791773968ed1","update_time":"2026-08-10T22:54:24Z","confidence":1.0,"between":null,"provider":"overture","resource":"operating_status_signal","version":"2026-08-10"}],"operating_status":"open","version":7}},{"id":"b92225e9-669c-4ff8-8597-2ca35be0623f","type":"Feature","geometry":{"type":"Point","coordinates":[-95.399978637695,29.527810437175]},"properties":{"confidence":0.7389707565307617,"websites":["http://www.pomonabyhillwood.com/?utm_source=facebook&utm_medium=referral&utm_campaign=Facebook+Page"],"emails":["info@pomonabyhillwood.com"],"socials":["https://www.facebook.com/386960428173097"],"phones":["+12816922811"],"brand":{"wikidata":null,"names":{"primary":null,"common":null,"rules":null}},"addresses":[{"freeform":"4545 Pomona Pkwy","locality":"Manvel","postcode":"77578","region":"TX","country":"US"}],"names":{"primary":"Pomona by Hillwood Communities","common":null,"rules":null},"sources":[{"property":"","dataset":"meta","license":"CDLA-Permissive-2.0","record_id":"386960428173097","update_time":"2026-08-10T00:00:00.000Z","confidence":0.7389707565307617,"between":null,"provider":"meta","resource":"meta","version":"2026-08-10"},{"property":"/properties/confidence","dataset":"Overture","license":"CDLA-Permissive-2.0","record_id":null,"update_time":"2026-08-14T19:46:07Z","confidence":null,"between":null,"provider":"overture","resource":"confidence_calculation","version":"2026-08-14"},{"property":"/properties/operating_status","dataset":"Overture-signals","license":"CDLA-Permissive-2.0","record_id":"8f391743-328e-41f3-a29b-75a55e5689a4","update_time":"2026-08-10T22:54:24Z","confidence":1.0,"between":null,"provider":"overture","resource":"operating_status_signal","version":"2026-08-10"}],"operating_status":"open","version":3}},{"id":"b54246d8-a43f-4aad-9476-d622aad3ceca","type":"Feature","geometry":{"type":"Point","coordinates":[-95.3998,29.52804]},"properties":{"categories":{"primary":"race_track","alternate":["active_life"]},"confidence":0.054508060216903687,"websites":["https://runsignup.com/Race/TX/Manvel/PomonaSprintTriathlon"],"emails":["tina@itrievents.net"],"socials":["https://www.facebook.com/155462301133663"],"phones":["+17132546870"],"brand":{"wikidata":null,"names":{"primary":null,"common":null,"rules":null}},"addresses":[{"freeform":"4545 Pomona Pkwy","locality":"Manvel","postcode":"77578","region":"TX","country":"US"}],"names":{"primary":"The Pomona Triathlon","common":null,"rules":null},"sources":[{"property":"","dataset":"meta","license":"CDLA-Permissive-2.0","record_id":"155462301133663","update_time":"2026-08-10T00:00:00.000Z","confidence":0.054508060216903687,"between":null,"provider":"meta","resource":"meta","version":"2026-08-10"},{"property":"/properties/confidence","dataset":"Overture","license":"CDLA-Permissive-2.0","record_id":null,"update_time":"2026-08-14T19:46:07Z","confidence":null,"between":null,"provider":"overture","resource":"confidence_calculation","version":"2026-08-14"},{"property":"/properties/operating_status","dataset":"Overture-signals","license":"CDLA-Permissive-2.0","record_id":"10db3c1c-cdeb-4e74-8a06-35c01f0609b8","update_time":"2026-07-13T15:52:52Z","confidence":1.0,"between":null,"provider":"overture","resource":"operating_status_signal","version":"2026-07-13"}],"operating_status":"open","basic_category":"sport_or_fitness_facility","taxonomy":{"primary":"race_track","hierarchy":["sports_and_recreation","sport_or_fitness_facility","race_track"],"alternates":null},"version":8}},{"id":"e4eb77db-2434-4a4e-b937-856409f9cc71","type":"Feature","geometry":{"type":"Point","coordinates":[-95.39845,29.527794]},"properties":{"categories":{"primary":"arts_and_entertainment","alternate":["structure_and_geography"]},"confidence":0.9722161889076233,"socials":["https://www.facebook.com/2103562483291724"],"brand":{"wikidata":null,"names":{"primary":null,"common":null,"rules":null}},"addresses":[{"freeform":null,"locality":"Manvel","postcode":null,"region":"TX","country":"US"}],"names":{"primary":"MT. Pomona","common":null,"rules":null},"sources":[{"property":"","dataset":"meta","license":"CDLA-Permissive-2.0","record_id":"2103562483291724","update_time":"2026-08-10T00:00:00.000Z","confidence":0.6235059499740601,"between":null,"provider":"meta","resource":"meta","version":"2026-08-10"},{"property":"/properties/confidence","dataset":"Overture","license":"CDLA-Permissive-2.0","record_id":null,"update_time":"2026-08-14T19:46:07Z","confidence":null,"between":null,"provider":"overture","resource":"confidence_calculation","version":"2026-08-14"}],"basic_category":"arts_and_entertainment","taxonomy":{"primary":"arts_and_entertainment","hierarchy":["arts_and_entertainment"],"alternates":null},"version":10}},{"id":"6a2ff1ce-2f86-4726-b9b1-6ceaefd7d067","type":"Feature","geometry":{"type":"Point","coordinates":[-95.39822,29.53301]},"properties":{"categories":{"primary":"furniture_store","alternate":["building_supply_store"]},"confidence":0.309827983379364,"websites":["http://jwlhomeservices.com/"],"emails":["john@jwlhomeservices.com"],"socials":["https://www.facebook.com/694128177126898"],"phones":["+17132134490"],"brand":{"wikidata":null,"names":{"primary":null,"common":null,"rules":null}},"addresses":[{"freeform":"2711 Brahman Dr","locality":"Manvel","postcode":"77578-3371","region":"TX","country":"US"}],"names":{"primary":"JWL Home Services","common":null,"rules":null},"sources":[{"property":"","dataset":"meta","license":"CDLA-Permissive-2.0","record_id":"694128177126898","update_time":"2026-08-10T00:00:00.000Z","confidence":0.309827983379364,"between":null,"provider":"meta","resource":"meta","version":"2026-08-10"},{"property":"/properties/confidence","dataset":"Overture","license":"CDLA-Permissive-2.0","record_id":null,"update_time":"2026-08-14T19:46:07Z","confidence":null,"between":null,"provider":"overture","resource":"confidence_calculation","version":"2026-08-14"}],"basic_category":"hardware_home_and_garden_store","taxonomy":{"primary":"furniture_store","hierarchy":["shopping","specialty_store","hardware_home_and_garden_store","furniture_store"],"alternates":null},"version":5}},{"id":"055903cf-aa40-48b8-8204-5f7acdf3fa4c","type":"Feature","geometry":{"type":"Point","coordinates":[-95.399013,29.540511]},"properties":{"categories":{"primary":"dentist","alternate":["general_dentistry"]},"confidence":0.9199122190475464,"websites":["http://pomonadentaltx.com/"],"emails":["pomonadentaltx@gmail.com"],"socials":["https://www.facebook.com/1527769654003554"],"phones":["+12816437129"],"brand":{"wikidata":null,"names":{"primary":null,"common":null,"rules":null}},"addresses":[{"freeform":"11540 Magnolia Pkwy Ste E","locality":"Manvel","postcode":"77578","region":"TX","country":"US"}],"names":{"primary":"Pomona Dental","common":null,"rules":null},"sources":[{"property":"","dataset":"meta","license":"CDLA-Permissive-2.0","record_id":"1527769654003554","update_time":"2026-08-10T00:00:00.000Z","confidence":0.9931383728981018,"between":null,"provider":"meta","resource":"meta","version":"2026-08-10"},{"property":"/properties/confidence","dataset":"Overture","license":"CDLA-Permissive-2.0","record_id":null,"update_time":"2026-08-14T19:46:07Z","confidence":null,"between":null,"provider":"overture","resource":"confidence_calculation","version":"2026-08-14"},{"property":"/properties/operating_status","dataset":"Overture-signals","license":"CDLA-Permissive-2.0","record_id":"b9bb612c-651e-454a-8fe0-6dd28fa0d17c","update_time":"2026-08-10T22:54:24Z","confidence":1.0,"between":null,"provider":"overture","resource":"operating_status_signal","version":"2026-08-10"}],"operating_status":"open","basic_category":"dental_clinic","taxonomy":{"primary":"dental_clinic","hierarchy":["health_care","outpatient_care_facility","dental_clinic"],"alternates":null},"version":10}},{"id":"6d3b16da-46b5-4591-b806-04a4dc3c3e8f","type":"Feature","geometry":{"type":"Point","coordinates":[-95.3999065,29.5404118]},"properties":{"categories":{"primary":"propane_supplier","alternate":null},"confidence":0.9199122190475464,"websites":["https://bluerhino.com/propane-finder?utm_source=bing&utm_medium=map&utm_campaign=vending_map&utm_content=237828"],"phones":["2816929750"],"addresses":[{"freeform":"11642 Magnolia Pkwy","locality":"Manvel","postcode":"77578","region":"TX","country":"US"}],"names":{"primary":"Blue Rhino Propane Exchange","common":null,"rules":null},"sources":[{"property":"","dataset":"Microsoft","license":"CDLA-Permissive-2.0","record_id":"562949965551698","update_time":"2025-09-12T06:32:40.967Z","confidence":0.85,"between":null,"provider":"microsoft","resource":"microsoft","version":"2025-10-20"},{"property":"/properties/confidence","dataset":"Overture","license":"CDLA-Permissive-2.0","record_id":null,"update_time":"2026-08-14T19:46:07Z","confidence":null,"between":null,"provider":"overture","resource":"confidence_calculation","version":"2026-08-14"},{"property":"/properties/operating_status","dataset":"Overture-signals","license":"CDLA-Permissive-2.0","record_id":"efd8a9a0-c5e5-49a7-98e5-d4c3c9bb0f7e","update_time":"2026-08-10T22:54:24Z","confidence":1.0,"between":null,"provider":"overture","resource":"operating_status_signal","version":"2026-08-10"}],"operating_status":"open","basic_category":"supplier_or_distributor","taxonomy":{"primary":"propane_supplier","hierarchy":["services_and_business","b2b_service","supplier_or_distributor","propane_supplier"],"alternates":null},"version":6}},{"id":"a8422ef5-fc43-4f1d-a7e9-5f9c4db3b6db","type":"Feature","geometry":{"type":"Point","coordinates":[-95.399793,29.541717]},"properties":{"categories":{"primary":"credit_union","alternate":["bank_credit_union"]},"confidence":0.85,"websites":["https://www.texasbaycu.org/?utm_source=Google&utm_medium=GMB&utm_campaign=Pearland"],"phones":["7138526700"],"addresses":[{"freeform":"11555 Magnolia Pkwy Ste 170","locality":"Pearland","postcode":"77584","region":"TX","country":"US"}],"names":{"primary":"Texas Bay Credit Union","common":null,"rules":null},"sources":[{"property":"","dataset":"Microsoft","license":"CDLA-Permissive-2.0","record_id":"844424934760962","update_time":"2025-08-27T14:01:39.697Z","confidence":0.85,"between":null,"provider":"microsoft","resource":"microsoft","version":"2025-10-20"},{"property":"/properties/confidence","dataset":"Overture","license":"CDLA-Permissive-2.0","record_id":null,"update_time":"2026-08-14T19:46:07Z","confidence":null,"between":null,"provider":"overture","resource":"confidence_calculation","version":"2026-08-14"},{"property":"/properties/operating_status","dataset":"Overture-signals","license":"CDLA-Permissive-2.0","record_id":"b38e1974-43a1-4d17-9ee0-567055233f3a","update_time":"2026-08-10T22:54:24Z","confidence":1.0,"between":null,"provider":"overture","resource":"operating_status_signal","version":"2026-08-10"}],"operating_status":"open","basic_category":"bank_or_credit_union","taxonomy":{"primary":"credit_union","hierarchy":["services_and_business","financial_service","bank_or_credit_union","credit_union"],"alternates":null},"version":2}},{"id":"5e741476-8dff-4176-903b-0edfe386f9be","type":"Feature","geometry":{"type":"Point","coordinates":[-95.399782,29.541637]},"properties":{"categories":{"primary":"health_and_medical","alternate":null},"confidence":0.9902192950248718,"websites":["http://www.truefamilycareclinic.com"],"phones":["12818093664"],"addresses":[{"freeform":"11555 Magnolia Pkwy  Ste 190","locality":"Pearland","postcode":"77584-2146","region":"TX","country":"US"}],"names":{"primary":"True Family Clinic","common":null,"rules":null},"sources":[{"property":"","dataset":"BrightQuery","license":"CDLA-Permissive-2.0","record_id":"85795807","update_time":"2026-08-13T13:23:42.875Z","confidence":0.95,"between":null,"provider":"brightquery","resource":"brightquery","version":"2026-08-10"},{"property":"/properties/confidence","dataset":"Overture","license":"CDLA-Permissive-2.0","record_id":null,"update_time":"2026-08-14T19:46:07Z","confidence":null,"between":null,"provider":"overture","resource":"confidence_calculation","version":"2026-08-14"},{"property":"/properties/operating_status","dataset":"Overture-signals","license":"CDLA-Permissive-2.0","record_id":"2b78a661-4d2d-4445-8109-44c9e4b943ba","update_time":"2026-08-10T22:54:24Z","confidence":1.0,"between":null,"provider":"overture","resource":"operating_status_signal","version":"2026-08-10"}],"operating_status":"open","basic_category":"health_care","taxonomy":{"primary":"health_care","hierarchy":["health_care"],"alternates":null},"version":9}},{"id":"26c4faf4-a973-4d01-ad29-2a29ee2929fe","type":"Feature","geometry":{"type":"Point","coordinates":[-95.39993907,29.54165946]},"properties":{"categories":{"primary":"rheumatologist","alternate":["doctor"]},"confidence":0.9199122190475464,"socials":["https://www.facebook.com/105201851879150"],"phones":["+12819579127"],"brand":{"wikidata":null,"names":{"primary":null,"common":null,"rules":null}},"addresses":[{"freeform":"11555 Magnolia Pkwy Ste 110","locality":"Pearland","postcode":"77584","region":"TX","country":"US"}],"names":{"primary":"Texas Rheumatology","common":null,"rules":null},"sources":[{"property":"","dataset":"meta","license":"CDLA-Permissive-2.0","record_id":"105201851879150","update_time":"2026-08-10T00:00:00.000Z","confidence":0.26255038380622864,"between":null,"provider":"meta","resource":"meta","version":"2026-08-10"},{"property":"/properties/confidence","dataset":"Overture","license":"CDLA-Permissive-2.0","record_id":null,"update_time":"2026-08-14T19:46:07Z","confidence":null,"between":null,"provider":"overture","resource":"confidence_calculation","version":"2026-08-14"},{"property":"/properties/operating_status","dataset":"Overture-signals","license":"CDLA-Permissive-2.0","record_id":"2911eebe-943b-4ae3-b447-f0ab906452af","update_time":"2026-08-10T22:54:24Z","confidence":1.0,"between":null,"provider":"overture","resource":"operating_status_signal","version":"2026-08-10"}],"operating_status":"open","basic_category":"specialized_health_care","taxonomy":{"primary":"rheumatology","hierarchy":["health_care","outpatient_care_facility","specialized_health_care","internal_medicine","rheumatology"],"alternates":null},"version":8}},{"id":"58584b6a-60cd-4f73-a5d6-bd19811e486d","type":"Feature","geometry":{"type":"Point","coordinates":[-95.39947117,29.54266326]},"properties":{"categories":{"primary":"retirement_home","alternate":["senior_citizen_services"]},"confidence":0.9199122190475464,"websites":["http://www.serenitypointecare.com/"],"emails":["info@serenitypointecare.com"],"socials":["https://www.facebook.com/101383515123307"],"phones":["+13462759100"],"brand":{"wikidata":null,"names":{"primary":null,"common":null,"rules":null}},"addresses":[{"freeform":"11511 Rashell Way","locality":"Pearland","postcode":"77584","region":"TX","country":"US"}],"names":{"primary":"Serenity Pointe Assisted Living","common":null,"rules":null},"sources":[{"property":"","dataset":"meta","license":"CDLA-Permissive-2.0","record_id":"101383515123307","update_time":"2026-08-10T00:00:00.000Z","confidence":0.9752267599105835,"between":null,"provider":"meta","resource":"meta","version":"2026-08-10"},{"property":"/properties/confidence","dataset":"Overture","license":"CDLA-Permissive-2.0","record_id":null,"update_time":"2026-08-14T19:46:07Z","confidence":null,"between":null,"provider":"overture","resource":"confidence_calculation","version":"2026-08-14"},{"property":"/properties/operating_status","dataset":"Overture-signals","license":"CDLA-Permissive-2.0","record_id":"eb4605d3-aefe-4743-864e-d24fe7d30c80","update_time":"2026-08-10T22:54:24Z","confidence":1.0,"between":null,"provider":"overture","resource":"operating_status_signal","version":"2026-08-10"}],"operating_status":"open","basic_category":"senior_living_facility","taxonomy":{"primary":"retirement_home","hierarchy":["services_and_business","housing_or_property_service","senior_living_facility","retirement_home"],"alternates":null},"version":9}},{"id":"26c40d51-624d-47f7-95b8-116e6adc7907","type":"Feature","geometry":{"type":"Point","coordinates":[-95.39925691,29.54064441]},"properties":{"categories":{"primary":"dry_cleaning","alternate":["home_cleaning","professional_services"]},"confidence":0.9199122190475464,"websites":["http://greentree-cleaners.com/contact/"],"emails":["gtcleaners@comcast.net"],"socials":["https://www.facebook.com/2122339218080957"],"phones":["+18326377249"],"brand":{"wikidata":null,"names":{"primary":null,"common":null,"rules":null}},"addresses":[{"freeform":"2632 County Road 59","locality":"Manvel","postcode":"77578-4145","region":"TX","country":"US"}],"names":{"primary":"Greentree Cleaners","common":null,"rules":null},"sources":[{"property":"","dataset":"meta","license":"CDLA-Permissive-2.0","record_id":"2122339218080957","update_time":"2026-08-10T00:00:00.000Z","confidence":0.9541482329368591,"between":null,"provider":"meta","resource":"meta","version":"2026-08-10"},{"property":"/properties/confidence","dataset":"Overture","license":"CDLA-Permissive-2.0","record_id":null,"update_time":"2026-08-14T19:46:07Z","confidence":null,"between":null,"provider":"overture","resource":"confidence_calculation","version":"2026-08-14"},{"property":"/properties/operating_status","dataset":"Overture-signals","license":"CDLA-Permissive-2.0","record_id":"faa73aef-da17-4f91-b759-60330ab7b190","update_time":"2026-08-10T22:54:24Z","confidence":1.0,"between":null,"provider":"overture","resource":"operating_status_signal","version":"2026-08-10"}],"operating_status":"open","basic_category":"laundry_service","taxonomy":{"primary":"dry_cleaning","hierarchy":["services_and_business","laundry_service","dry_cleaning"],"alternates":null},"version":7}},{"id":"0b18d837-1721-4947-a390-1369287fa664","type":"Feature","geometry":{"type":"Point","coordinates":[-95.39911274,29.5406513]},"properties":{"categories":{"primary":"physical_therapy","alternate":["health_and_medical"]},"confidence":0.9199122190475464,"websites":["http://www.LiveToMovePT.com/"],"emails":["info@livetomovept.com"],"socials":["https://www.facebook.com/213702706148728"],"phones":["+12812130642"],"brand":{"wikidata":null,"names":{"primary":null,"common":null,"rules":null}},"addresses":[{"freeform":"11540 Magnolia Pkwy","locality":"Manvel","postcode":"77578-1648","region":"TX","country":"US"}],"names":{"primary":"Live to Move Physical Therapy & Wellness","common":null,"rules":null},"sources":[{"property":"","dataset":"meta","license":"CDLA-Permissive-2.0","record_id":"213702706148728","update_time":"2026-08-10T00:00:00.000Z","confidence":0.976182758808136,"between":null,"provider":"meta","resource":"meta","version":"2026-08-10"},{"property":"/properties/confidence","dataset":"Overture","license":"CDLA-Permissive-2.0","record_id":null,"update_time":"2026-08-14T19:46:07Z","confidence":null,"between":null,"provider":"overture","resource":"confidence_calculation","version":"2026-08-14"},{"property":"/properties/operating_status","dataset":"Overture-signals","license":"CDLA-Permissive-2.0","record_id":"6d26310b-77c7-4796-a850-eccef49e463f","update_time":"2026-08-10T22:54:24Z","confidence":1.0,"between":null,"provider":"overture","resource":"operating_status_signal","version":"2026-08-10"}],"operating_status":"open","basic_category":"physical_medicine_and_rehabilitation","taxonomy":{"primary":"physical_therapy","hierarchy":["health_care","outpatient_care_facility","physical_medicine_and_rehabilitation","physical_therapy"],"alternates":null},"version":10}},{"id":"06fda680-e9ee-46fb-87b5-6c1af02f4e8f","type":"Feature","geometry":{"type":"Point","coordinates":[-95.399182,29.540936]},"properties":{"categories":{"primary":"automotive_repair","alternate":["car_inspection","roadside_assistance","engine_repair_service","automotive_services_and_repair","exhaust_and_muffler_repair","hybrid_car_repair","brake_service_and_repair"]},"confidence":0.8,"websites":["https://www.jiffylube.com/locations/tx/manvel/4127"],"brand":{"wikidata":"Q6192247","names":{"primary":"Jiffy Lube","common":null,"rules":[]}},"addresses":[{"freeform":"11522 Magnolia Pkwy","locality":"Manvel","postcode":"77578","region":"TX","country":"US"}],"names":{"primary":"Magnolia Pkwy","common":null,"rules":[]},"sources":[{"property":"","dataset":"AllThePlaces","license":"CC0-1.0","record_id":"HB7RZn0RJ5X0f4oWfGMaY3IoGwM=","update_time":"2026-08-05T15:33:36.000Z","confidence":0.8,"between":null,"provider":"alltheplaces","resource":"alltheplaces","version":"2026-08-05"},{"property":"/properties/confidence","dataset":"Overture","license":"CDLA-Permissive-2.0","record_id":null,"update_time":"2026-08-14T19:46:07Z","confidence":null,"between":null,"provider":"overture","resource":"confidence_calculation","version":"2026-08-14"},{"property":"/properties/operating_status","dataset":"Overture-signals","license":"CDLA-Permissive-2.0","record_id":"61660dc6-2f5c-4af0-8878-29b0a1bd2057","update_time":"2026-08-10T22:54:24Z","confidence":1.0,"between":null,"provider":"overture","resource":"operating_status_signal","version":"2026-08-10"}],"operating_status":"open","basic_category":"automotive_service","taxonomy":{"primary":"automotive_repair","hierarchy":["travel_and_transportation","vehicle_service","automotive_service","automotive_repair"],"alternates":["car_inspection","roadside_assistance","engine_repair_service","automotive_service","exhaust_and_muffler_repair","hybrid_car_repair","brake_service_and_repair"]},"version":7}},{"id":"bac0d72e-8fae-4d8e-a929-3394d83a6516","type":"Feature","geometry":{"type":"Point","coordinates":[-95.39904182,29.54065857]},"properties":{"categories":{"primary":"donuts","alternate":["coffee_shop","bakery"]},"confidence":0.9199122190475464,"websites":["https://www.marqedonutsandcoffee.com"],"emails":["mywifedonuts@gmail.com"],"socials":["https://www.facebook.com/879074908616864"],"phones":["+18323364442"],"brand":{"wikidata":null,"names":{"primary":null,"common":null,"rules":null}},"addresses":[{"freeform":"11540 Magnolia Pkwy Ste F","locality":"Manvel","postcode":"77578","region":"TX","country":"US"}],"names":{"primary":"Marq-E Donuts & Coffee","common":null,"rules":null},"sources":[{"property":"","dataset":"meta","license":"CDLA-Permissive-2.0","record_id":"879074908616864","update_time":"2026-08-10T00:00:00.000Z","confidence":0.919436514377594,"between":null,"provider":"meta","resource":"meta","version":"2026-08-10"},{"property":"/properties/confidence","dataset":"Overture","license":"CDLA-Permissive-2.0","record_id":null,"update_time":"2026-08-14T19:46:07Z","confidence":null,"between":null,"provider":"overture","resource":"confidence_calculation","version":"2026-08-14"},{"property":"/properties/operating_status","dataset":"Overture-signals","license":"CDLA-Permissive-2.0","record_id":"aef836b6-750e-4d96-a38b-fbb272204da3","update_time":"2026-08-10T22:54:24Z","confidence":1.0,"between":null,"provider":"overture","resource":"operating_status_signal","version":"2026-08-10"}],"operating_status":"open","basic_category":"casual_eatery","taxonomy":{"primary":"donut_shop","hierarchy":["food_and_drink","casual_eatery","dessert_shop","donut_shop"],"alternates":null},"version":9}},{"id":"d81059e8-f75f-487c-bd19-65dd348edccc","type":"Feature","geometry":{"type":"Point","coordinates":[-95.39897107,29.5406597]},"properties":{"categories":{"primary":"nail_salon","alternate":["spas","beauty_salon"]},"confidence":0.9921156764030457,"websites":["https://divinenailspa.com/"],"emails":["info@divinenailspa.com"],"socials":["https://www.facebook.com/1141803849356792"],"phones":["+12818009940"],"brand":{"wikidata":null,"names":{"primary":"Divine Nail Spa","common":null,"rules":null}},"addresses":[{"freeform":"11540 Magnolia Parkway Suite C 2632, County Rd 59","locality":"Manvel","postcode":"77578","region":"TX","country":"US"}],"names":{"primary":"Divine Nails & Spa","common":null,"rules":null},"sources":[{"property":"","dataset":"meta","license":"CDLA-Permissive-2.0","record_id":"1141803849356792","update_time":"2026-08-10T00:00:00.000Z","confidence":0.9921156764030457,"between":null,"provider":"meta","resource":"meta","version":"2026-08-10"},{"property":"/properties/confidence","dataset":"Overture","license":"CDLA-Permissive-2.0","record_id":null,"update_time":"2026-08-14T19:46:07Z","confidence":null,"between":null,"provider":"overture","resource":"confidence_calculation","version":"2026-08-14"},{"property":"/properties/operating_status","dataset":"Overture-signals","license":"CDLA-Permissive-2.0","record_id":"2c96e6de-e2ec-4eb3-aaab-a1dce5ab0fcd","update_time":"2026-08-10T22:54:24Z","confidence":1.0,"between":null,"provider":"overture","resource":"operating_status_signal","version":"2026-08-10"}],"operating_status":"open","basic_category":"personal_or_beauty_service","taxonomy":{"primary":"nail_salon","hierarchy":["lifestyle_services","personal_or_beauty_service","nail_salon"],"alternates":null},"version":10}},{"id":"bced5eda-7dd6-4c88-9177-d12e6a1f7a71","type":"Feature","geometry":{"type":"Point","coordinates":[-95.39890073,29.54064729]},"properties":{"categories":{"primary":"martial_arts_club","alternate":["sports_and_fitness_instruction","gym"]},"confidence":0.9199122190475464,"websites":["https://hctkdpearland.com/"],"emails":["info@hctpearland.com"],"socials":["https://www.facebook.com/402349766903087"],"phones":["+18323171374"],"brand":{"wikidata":null,"names":{"primary":null,"common":null,"rules":null}},"addresses":[{"freeform":"11540 Magnolia Pkwy","locality":"Manvel","postcode":"77578-1648","region":"TX","country":"US"}],"names":{"primary":"The Houston Center for Taekwondo","common":null,"rules":null},"sources":[{"property":"","dataset":"meta","license":"CDLA-Permissive-2.0","record_id":"402349766903087","update_time":"2026-08-10T00:00:00.000Z","confidence":0.9874709248542786,"between":null,"provider":"meta","resource":"meta","version":"2026-08-10"},{"property":"/properties/confidence","dataset":"Overture","license":"CDLA-Permissive-2.0","record_id":null,"update_time":"2026-08-14T19:46:07Z","confidence":null,"between":null,"provider":"overture","resource":"confidence_calculation","version":"2026-08-14"},{"property":"/properties/operating_status","dataset":"Overture-signals","license":"CDLA-Permissive-2.0","record_id":"3d8299b7-2db1-4571-9f78-ea933e86c64f","update_time":"2026-08-10T22:54:24Z","confidence":1.0,"between":null,"provider":"overture","resource":"operating_status_signal","version":"2026-08-10"}],"operating_status":"open","basic_category":"sport_or_recreation_club","taxonomy":{"primary":"martial_arts_club","hierarchy":["sports_and_recreation","sport_or_recreation_club","martial_arts_club"],"alternates":null},"version":8}},{"id":"adf4d113-c777-4f2b-826a-f05c7a68f726","type":"Feature","geometry":{"type":"Point","coordinates":[-95.398868,29.5406786]},"properties":{"categories":{"primary":"health_and_medical","alternate":null},"confidence":0.95,"addresses":[{"freeform":"11540 Magnolia Pkwy Ste E","locality":"Manvel","postcode":"77578-1649","region":"TX","country":"US"}],"names":{"primary":"Le Dental Care Pllc","common":null,"rules":null},"sources":[{"property":"","dataset":"BrightQuery","license":"CDLA-Permissive-2.0","record_id":"373080140","update_time":"2026-08-13T13:23:42.875Z","confidence":0.95,"between":null,"provider":"brightquery","resource":"brightquery","version":"2026-08-10"},{"property":"/properties/confidence","dataset":"Overture","license":"CDLA-Permissive-2.0","record_id":null,"update_time":"2026-08-14T19:46:07Z","confidence":null,"between":null,"provider":"overture","resource":"confidence_calculation","version":"2026-08-14"}],"operating_status":"open","basic_category":"health_care","taxonomy":{"primary":"health_care","hierarchy":["health_care"],"alternates":null},"version":1}},{"id":"f8fab9b3-a2bf-41c8-923f-11b797cb3b2b","type":"Feature","geometry":{"type":"Point","coordinates":[-95.398868,29.5406786]},"properties":{"categories":{"primary":"seafood_restaurant","alternate":null},"confidence":0.9347934126853943,"websites":["www.esktx.com"],"phones":["2818298173"],"addresses":[{"freeform":"11540 Magnolia Pkwy  Ste A","locality":"Manvel","postcode":"77578-1649","region":"TX","country":"US"}],"names":{"primary":"Em's Seafood Kitchen","common":null,"rules":null},"sources":[{"property":"","dataset":"BrightQuery","license":"CDLA-Permissive-2.0","record_id":"101843084","update_time":"2026-08-13T13:23:42.875Z","confidence":0.95,"between":null,"provider":"brightquery","resource":"brightquery","version":"2026-08-10"},{"property":"/properties/confidence","dataset":"Overture","license":"CDLA-Permissive-2.0","record_id":null,"update_time":"2026-08-14T19:46:07Z","confidence":null,"between":null,"provider":"overture","resource":"confidence_calculation","version":"2026-08-14"},{"property":"/properties/operating_status","dataset":"Overture-signals","license":"CDLA-Permissive-2.0","record_id":"19fd65b6-2dd9-42ee-8740-f6b2e7adc5dd","update_time":"2026-08-10T22:54:24Z","confidence":1.0,"between":null,"provider":"overture","resource":"operating_status_signal","version":"2026-08-10"}],"operating_status":"open","basic_category":"restaurant","taxonomy":{"primary":"seafood_restaurant","hierarchy":["food_and_drink","restaurant","seafood_restaurant"],"alternates":null},"version":2}},{"id":"122e910c-4c98-4dec-bb7d-cf6dd632c675","type":"Feature","geometry":{"type":"Point","coordinates":[-95.3984431,29.5410919]},"properties":{"categories":{"primary":"automotive_services_and_repair","alternate":null},"confidence":0.9199122190475464,"websites":["https://www.jiffylube.com/locations/tx/manvel/4127"],"phones":["3463476432"],"addresses":[{"freeform":"11522 Magnolia Pkwy","locality":"Manvel","postcode":"77578","region":"TX","country":"US"}],"names":{"primary":"Jiffy Lube Oil Change","common":null,"rules":null},"sources":[{"property":"","dataset":"Microsoft","license":"CDLA-Permissive-2.0","record_id":"562949963537555","update_time":"2025-10-01T05:19:18.610Z","confidence":0.85,"between":null,"provider":"microsoft","resource":"microsoft","version":"2025-10-20"},{"property":"/properties/confidence","dataset":"Overture","license":"CDLA-Permissive-2.0","record_id":null,"update_time":"2026-08-14T19:46:07Z","confidence":null,"between":null,"provider":"overture","resource":"confidence_calculation","version":"2026-08-14"},{"property":"/properties/operating_status","dataset":"Overture-signals","license":"CDLA-Permissive-2.0","record_id":"fd6e121b-864c-4b05-8dbf-8361917b6891","update_time":"2026-08-10T22:54:24Z","confidence":1.0,"between":null,"provider":"overture","resource":"operating_status_signal","version":"2026-08-10"}],"operating_status":"open","basic_category":"automotive_service","taxonomy":{"primary":"automotive_service","hierarchy":["travel_and_transportation","vehicle_service","automotive_service"],"alternates":null},"version":7}},{"id":"5cb4aa6e-2def-4ce4-ab79-06b0caacfe08","type":"Feature","geometry":{"type":"Point","coordinates":[-95.39829723,29.5407577]},"properties":{"categories":{"primary":"auto_parts_and_supply_store","alternate":["automotive_dealer"]},"confidence":0.9902192950248718,"websites":["https://www.autozone.com/locations/tx/manvel/11514-magnolia-pkwy.html"],"socials":["https://www.facebook.com/110122244477528"],"phones":["+18323366725"],"brand":{"wikidata":null,"names":{"primary":"AutoZone","common":null,"rules":null}},"addresses":[{"freeform":"11514 Magnolia Pkwy","locality":"Manvel","postcode":"77578","region":"TX","country":"US"}],"names":{"primary":"AutoZone","common":null,"rules":null},"sources":[{"property":"","dataset":"meta","license":"CDLA-Permissive-2.0","record_id":"110122244477528","update_time":"2026-08-10T00:00:00.000Z","confidence":0.9893859624862671,"between":null,"provider":"meta","resource":"meta","version":"2026-08-10"},{"property":"/properties/confidence","dataset":"Overture","license":"CDLA-Permissive-2.0","record_id":null,"update_time":"2026-08-14T19:46:07Z","confidence":null,"between":null,"provider":"overture","resource":"confidence_calculation","version":"2026-08-14"},{"property":"/properties/operating_status","dataset":"Overture-signals","license":"CDLA-Permissive-2.0","record_id":"25af9aca-6573-4ec2-8ec3-863583bae8ef","update_time":"2026-08-10T22:54:24Z","confidence":1.0,"between":null,"provider":"overture","resource":"operating_status_signal","version":"2026-08-10"}],"operating_status":"open","basic_category":"vehicle_parts_store","taxonomy":{"primary":"auto_parts_store","hierarchy":["shopping","specialty_store","vehicle_parts_store","auto_parts_store"],"alternates":null},"version":9}},{"id":"d85a0091-db02-4051-87d7-4d5c450104a9","type":"Feature","geometry":{"type":"Point","coordinates":[-95.39776135,29.54077892]},"properties":{"categories":{"primary":"diner","alternate":["breakfast_and_brunch_restaurant","american_restaurant"]},"confidence":0.9596138000488281,"websites":["https://locations.wafflehouse.com/manvel-tx-2395"],"socials":["https://www.facebook.com/284901163314985"],"phones":["+13464563516"],"brand":{"wikidata":null,"names":{"primary":"Waffle House","common":null,"rules":null}},"addresses":[{"freeform":"2690 County Rd 59","locality":"Manvel","postcode":"77578","region":"TX","country":"US"}],"names":{"primary":"Waffle House","common":null,"rules":null},"sources":[{"property":"","dataset":"meta","license":"CDLA-Permissive-2.0","record_id":"284901163314985","update_time":"2026-08-10T00:00:00.000Z","confidence":0.997452437877655,"between":null,"provider":"meta","resource":"meta","version":"2026-08-10"},{"property":"/properties/confidence","dataset":"Overture","license":"CDLA-Permissive-2.0","record_id":null,"update_time":"2026-08-14T19:46:07Z","confidence":null,"between":null,"provider":"overture","resource":"confidence_calculation","version":"2026-08-14"},{"property":"/properties/operating_status","dataset":"Overture-signals","license":"CDLA-Permissive-2.0","record_id":"b4dcc437-bb9f-4b3a-841b-2231db353d10","update_time":"2026-08-10T22:54:24Z","confidence":1.0,"between":null,"provider":"overture","resource":"operating_status_signal","version":"2026-08-10"}],"operating_status":"open","basic_category":"casual_eatery","taxonomy":{"primary":"diner","hierarchy":["food_and_drink","casual_eatery","diner"],"alternates":null},"version":12}},{"id":"db141c12-dcca-46c4-9410-42b0a3bc224d","type":"Feature","geometry":{"type":"Point","coordinates":[-95.39751214705811,29.54279709262863]},"properties":{"categories":{"primary":"sporting_goods","alternate":null},"confidence":0.9199122190475464,"websites":["https://fitnessmachinetechnicians.com/houston"],"emails":["rgarcia@fitnessmachinetechnicians.com"],"phones":["(832) 548-4911"],"addresses":[{"freeform":"11407 Rashell Way","locality":"Pearland","postcode":"77584","region":"TX","country":"US"}],"names":{"primary":"Fitness Machine Technicians","common":null,"rules":null},"sources":[{"property":"","dataset":"Foursquare","license":"Apache-2.0","record_id":"27b36f2aa5084de7b672b11f","update_time":"2026-04-03T00:00:00.000","confidence":0.77,"between":null,"provider":"foursquare","resource":"foursquare","version":"2026-04-14"},{"property":"/properties/confidence","dataset":"Overture","license":"CDLA-Permissive-2.0","record_id":null,"update_time":"2026-08-14T19:46:07Z","confidence":null,"between":null,"provider":"overture","resource":"confidence_calculation","version":"2026-08-14"},{"property":"/properties/operating_status","dataset":"Overture-signals","license":"CDLA-Permissive-2.0","record_id":"f4319f78-2c05-4452-a869-67c13dfc913a","update_time":"2026-08-10T22:54:24Z","confidence":1.0,"between":null,"provider":"overture","resource":"operating_status_signal","version":"2026-08-10"}],"operating_status":"open","basic_category":"sporting_goods_store","taxonomy":{"primary":"sporting_goods_store","hierarchy":["shopping","specialty_store","sporting_goods_store"],"alternates":null},"version":10}},{"id":"9b3e1df0-49b6-44e5-9ec8-3f3218494b72","type":"Feature","geometry":{"type":"Point","coordinates":[-95.39619323,29.54053443]},"properties":{"categories":{"primary":"elementary_school","alternate":["public_school","school"]},"confidence":0.9722161889076233,"websites":["http://www.dukepto.com/"],"emails":["dukepto@gmail.com"],"socials":["https://www.facebook.com/1547341238831649"],"phones":["+12812453400"],"brand":{"wikidata":null,"names":{"primary":null,"common":null,"rules":null}},"addresses":[{"freeform":"11330 Magnolia Pkwy","locality":"Manvel","postcode":"77578","region":"TX","country":"US"}],"names":{"primary":"Dr. James Red Duke Elementary","common":null,"rules":null},"sources":[{"property":"","dataset":"meta","license":"CDLA-Permissive-2.0","record_id":"1547341238831649","update_time":"2026-08-10T00:00:00.000Z","confidence":0.9924875497817993,"between":null,"provider":"meta","resource":"meta","version":"2026-08-10"},{"property":"/properties/confidence","dataset":"Overture","license":"CDLA-Permissive-2.0","record_id":null,"update_time":"2026-08-14T19:46:07Z","confidence":null,"between":null,"provider":"overture","resource":"confidence_calculation","version":"2026-08-14"},{"property":"/properties/operating_status","dataset":"Overture-signals","license":"CDLA-Permissive-2.0","record_id":"47f9fc65-d72d-4866-b99a-2a4f61877d05","update_time":"2026-08-10T22:54:24Z","confidence":1.0,"between":null,"provider":"overture","resource":"operating_status_signal","version":"2026-08-10"}],"operating_status":"open","basic_category":"elementary_school","taxonomy":{"primary":"elementary_school","hierarchy":["education","place_of_learning","school","elementary_school"],"alternates":null},"version":10}},{"id":"2c13bdfe-fda8-43d0-8999-46176e1242b8","type":"Feature","geometry":{"type":"Point","coordinates":[-95.39627838134766,29.53602409362793]},"properties":{"categories":{"primary":"swimming_pool","alternate":["pool_and_hot_tub_services","active_life"]},"confidence":0.9199122190475464,"websites":[""],"phones":["2818497665"],"addresses":[{"freeform":"2822 J R Dr","locality":"Manvel","postcode":"77578","region":"TX","country":"US"}],"names":{"primary":"Mirror Image Aquatics","common":null,"rules":null},"sources":[{"property":"","dataset":"Microsoft","license":"CDLA-Permissive-2.0","record_id":"1970324838508051","update_time":"2016-03-29T15:05:22.823Z","confidence":0.85,"between":null,"provider":"microsoft","resource":"microsoft","version":"2025-10-20"},{"property":"/properties/confidence","dataset":"Overture","license":"CDLA-Permissive-2.0","record_id":null,"update_time":"2026-08-14T19:46:07Z","confidence":null,"between":null,"provider":"overture","resource":"confidence_calculation","version":"2026-08-14"},{"property":"/properties/operating_status","dataset":"Overture-signals","license":"CDLA-Permissive-2.0","record_id":"825bb47a-3d70-4020-b7e2-ac0e13d7fdd4","update_time":"2026-08-10T22:54:24Z","confidence":1.0,"between":null,"provider":"overture","resource":"operating_status_signal","version":"2026-08-10"}],"operating_status":"open","basic_category":"swimming_pool","taxonomy":{"primary":"swimming_pool","hierarchy":["sports_and_recreation","sport_or_fitness_facility","swimming_pool"],"alternates":null},"version":6}},{"id":"410edaef-9080-4706-b8e6-58e72890158e","type":"Feature","geometry":{"type":"Point","coordinates":[-95.397254,29.534104]},"properties":{"categories":{"primary":"real_estate_agent","alternate":["professional_services","mens_clothing_store"]},"confidence":0.7767494320869446,"websites":["http://www.call-chris.com"],"emails":["findit@hcnonline.com"],"socials":["https://www.facebook.com/1713696598862831"],"phones":["+12814897171"],"brand":{"wikidata":null,"names":{"primary":null,"common":null,"rules":null}},"addresses":[{"freeform":"2730 Surrey Circl","locality":"Manvel","postcode":"77578-3364","region":"TX","country":"US"}],"names":{"primary":"Cervelle Homes","common":null,"rules":null},"sources":[{"property":"","dataset":"meta","license":"CDLA-Permissive-2.0","record_id":"1713696598862831","update_time":"2026-08-10T00:00:00.000Z","confidence":0.7767494320869446,"between":null,"provider":"meta","resource":"meta","version":"2026-08-10"},{"property":"/properties/confidence","dataset":"Overture","license":"CDLA-Permissive-2.0","record_id":null,"update_time":"2026-08-14T19:46:07Z","confidence":null,"between":null,"provider":"overture","resource":"confidence_calculation","version":"2026-08-14"}],"basic_category":"real_estate_service","taxonomy":{"primary":"real_estate_agent","hierarchy":["services_and_business","real_estate_service","real_estate_agent"],"alternates":null},"version":8}},{"id":"01efcc14-9620-466d-8c0e-df37a2d22590","type":"Feature","geometry":{"type":"Point","coordinates":[-95.39631763,29.53404827]},"properties":{"categories":{"primary":"landscaping","alternate":["professional_services","gardener"]},"confidence":0.9199122190475464,"websites":["https://uslawns.com/locations/tx/pearland/"],"emails":["ricardot.lewis@uslawns.net"],"socials":["https://www.facebook.com/107621664479288"],"phones":["+17138238537"],"brand":{"wikidata":null,"names":{"primary":null,"common":null,"rules":null}},"addresses":[{"freeform":"2810 Surrey Circl","locality":"Manvel","postcode":"77578-3366","region":"TX","country":"US"}],"names":{"primary":"U.S. Lawns","common":null,"rules":null},"sources":[{"property":"","dataset":"meta","license":"CDLA-Permissive-2.0","record_id":"107621664479288","update_time":"2026-08-10T00:00:00.000Z","confidence":0.13218359649181366,"between":null,"provider":"meta","resource":"meta","version":"2026-08-10"},{"property":"/properties/confidence","dataset":"Overture","license":"CDLA-Permissive-2.0","record_id":null,"update_time":"2026-08-14T19:46:07Z","confidence":null,"between":null,"provider":"overture","resource":"confidence_calculation","version":"2026-08-14"},{"property":"/properties/operating_status","dataset":"Overture-signals","license":"CDLA-Permissive-2.0","record_id":"368a2fb9-fbb3-409d-8b09-8a52c4661afa","update_time":"2026-08-10T22:54:24Z","confidence":1.0,"between":null,"provider":"overture","resource":"operating_status_signal","version":"2026-08-10"}],"operating_status":"open","basic_category":"home_service","taxonomy":{"primary":"landscaping","hierarchy":["services_and_business","home_service","landscaping"],"alternates":null},"version":11}},{"id":"4c66aaab-a1f9-4013-a4a5-4daf6bb08aee","type":"Feature","geometry":{"type":"Point","coordinates":[-95.39166,29.53704]},"properties":{"categories":{"primary":"spas","alternate":null},"confidence":0.2400267869234085,"websites":["https://lushemporiums.com/"],"emails":["info@lushemporiums.com"],"socials":["https://www.facebook.com/1214047431793837"],"phones":["+12813071835"],"brand":{"wikidata":null,"names":{"primary":null,"common":null,"rules":null}},"addresses":[{"freeform":"3502 Ewing Dr","locality":"Manvel","postcode":"77578-3218","region":"TX","country":"US"}],"names":{"primary":"Lush Emporiums","common":null,"rules":null},"sources":[{"property":"","dataset":"meta","license":"CDLA-Permissive-2.0","record_id":"1214047431793837","update_time":"2026-08-10T00:00:00.000Z","confidence":0.2400267869234085,"between":null,"provider":"meta","resource":"meta","version":"2026-08-10"},{"property":"/properties/confidence","dataset":"Overture","license":"CDLA-Permissive-2.0","record_id":null,"update_time":"2026-08-14T19:46:07Z","confidence":null,"between":null,"provider":"overture","resource":"confidence_calculation","version":"2026-08-14"}],"basic_category":"wellness_service","taxonomy":{"primary":"spa","hierarchy":["lifestyle_services","wellness_service","spa"],"alternates":null},"version":1}},{"id":"e2e44532-9419-439a-b3d9-9d228a479cbc","type":"Feature","geometry":{"type":"Point","coordinates":[-95.39234037,29.54132656]},"properties":{"categories":{"primary":"gas_station","alternate":["convenience_store","energy_company"]},"confidence":0.9999875327813625,"websites":["https://find.shell.com/us/fuel/12361482-11011-county-rd-59"],"emails":["shellcustomercare@shell.com"],"socials":["https://www.facebook.com/128656087740081"],"phones":["+17133403041"],"brand":{"wikidata":null,"names":{"primary":"Shell","common":null,"rules":null}},"addresses":[{"freeform":"11011 Magnolia Pkwy, County Rd 59","locality":"Pearland","postcode":"77584","region":"TX","country":"US"}],"names":{"primary":"Shell","common":null,"rules":null},"sources":[{"property":"","dataset":"meta","license":"CDLA-Permissive-2.0","record_id":"128656087740081","update_time":"2026-08-10T00:00:00.000Z","confidence":0.9967148303985596,"between":null,"provider":"meta","resource":"meta","version":"2026-08-10"},{"property":"/properties/confidence","dataset":"Overture","license":"CDLA-Permissive-2.0","record_id":null,"update_time":"2026-08-14T19:46:07Z","confidence":null,"between":null,"provider":"overture","resource":"confidence_calculation","version":"2026-08-14"}],"basic_category":"gas_station","taxonomy":{"primary":"gas_station","hierarchy":["travel_and_transportation","fueling_station","gas_station"],"alternates":null},"version":9}},{"id":"0265f124-c2ad-415d-8c5b-175f7957760f","type":"Feature","geometry":{"type":"Point","coordinates":[-95.394312,29.542076]},"properties":{"categories":{"primary":"contractor","alternate":["real_estate_agent","real_estate"]},"confidence":0.4085870683193207,"emails":["findit@hcnonline.com"],"socials":["https://www.facebook.com/103710366361568"],"phones":["+17134362661"],"brand":{"wikidata":null,"names":{"primary":null,"common":null,"rules":null}},"addresses":[{"freeform":"11203 Armstrong Ln","locality":"Pearland","postcode":"77584-7238","region":"TX","country":"US"}],"names":{"primary":"Cervelle Homes","common":null,"rules":null},"sources":[{"property":"","dataset":"meta","license":"CDLA-Permissive-2.0","record_id":"103710366361568","update_time":"2026-08-10T00:00:00.000Z","confidence":0.4085870683193207,"between":null,"provider":"meta","resource":"meta","version":"2026-08-10"},{"property":"/properties/confidence","dataset":"Overture","license":"CDLA-Permissive-2.0","record_id":null,"update_time":"2026-08-14T19:46:07Z","confidence":null,"between":null,"provider":"overture","resource":"confidence_calculation","version":"2026-08-14"}],"basic_category":"home_service","taxonomy":{"primary":"contractor","hierarchy":["services_and_business","home_service","contractor"],"alternates":null},"version":1}},{"id":"c2ccf7b6-eb22-4868-bb37-e0cd17c6c3f2","type":"Feature","geometry":{"type":"Point","coordinates":[-95.394546,29.540726]},"properties":{"categories":{"primary":"storage_facility","alternate":["professional_services","carpet_store"]},"confidence":0.8437014818191528,"websites":["http://www.tjoselfstorage.com/"],"socials":["https://www.facebook.com/1482620648643403"],"phones":["+18322415378"],"brand":{"wikidata":null,"names":{"primary":null,"common":null,"rules":null}},"addresses":[{"freeform":"11222 Magnolia Pkwy","locality":"Manvel","postcode":"77578","region":"TX","country":"US"}],"names":{"primary":"Pearland Storage Southfork","common":null,"rules":null},"sources":[{"property":"","dataset":"meta","license":"CDLA-Permissive-2.0","record_id":"1482620648643403","update_time":"2026-08-10T00:00:00.000Z","confidence":0.8437014818191528,"between":null,"provider":"meta","resource":"meta","version":"2026-08-10"},{"property":"/properties/confidence","dataset":"Overture","license":"CDLA-Permissive-2.0","record_id":null,"update_time":"2026-08-14T19:46:07Z","confidence":null,"between":null,"provider":"overture","resource":"confidence_calculation","version":"2026-08-14"},{"property":"/properties/operating_status","dataset":"Overture-signals","license":"CDLA-Permissive-2.0","record_id":"43849cac-e16e-4034-b87c-c6717dca2c35","update_time":"2026-08-10T22:54:24Z","confidence":1.0,"between":null,"provider":"overture","resource":"operating_status_signal","version":"2026-08-10"}],"operating_status":"open","basic_category":"storage_facility","taxonomy":{"primary":"storage_facility","hierarchy":["services_and_business","storage_facility"],"alternates":null},"version":2}},{"id":"fd3c3df8-dd63-45eb-89e9-188c97dc9260","type":"Feature","geometry":{"type":"Point","coordinates":[-95.39411179,29.54098346]},"properties":{"categories":{"primary":"self_storage_facility","alternate":["storage_facility"]},"confidence":0.9902192950248718,"websites":["https://www.publicstorage.com/self-storage-tx-manvel/2533?pspid=falocal"],"socials":["https://www.facebook.com/102272874515408"],"phones":["+18322415212"],"brand":{"wikidata":null,"names":{"primary":"Public Storage","common":null,"rules":null}},"addresses":[{"freeform":"11222 Magnolia Pkwy","locality":"Manvel","postcode":"77578","region":"TX","country":"US"}],"names":{"primary":"Public Storage","common":null,"rules":null},"sources":[{"property":"","dataset":"meta","license":"CDLA-Permissive-2.0","record_id":"102272874515408","update_time":"2026-08-10T00:00:00.000Z","confidence":0.9090123772621155,"between":null,"provider":"meta","resource":"meta","version":"2026-08-10"},{"property":"/properties/confidence","dataset":"Overture","license":"CDLA-Permissive-2.0","record_id":null,"update_time":"2026-08-14T19:46:07Z","confidence":null,"between":null,"provider":"overture","resource":"confidence_calculation","version":"2026-08-14"},{"property":"/properties/operating_status","dataset":"Overture-signals","license":"CDLA-Permissive-2.0","record_id":"50f5293a-d631-4f2e-9720-9574694f13ad","update_time":"2026-08-10T22:54:24Z","confidence":1.0,"between":null,"provider":"overture","resource":"operating_status_signal","version":"2026-08-10"}],"operating_status":"open","basic_category":"storage_facility","taxonomy":{"primary":"self_storage_facility","hierarchy":["services_and_business","storage_facility","self_storage_facility"],"alternates":null},"version":6}},{"id":"a3cf10a0-3ca1-414d-b5af-72656e380185","type":"Feature","geometry":{"type":"Point","coordinates":[-95.3940724,29.5414709]},"properties":{"categories":{"primary":"home_cleaning","alternate":["gutter_service","windows_installation"]},"confidence":0.12757791578769684,"websites":["https://www.squeegeesquad.com/locations/houston/"],"emails":["houston@squeegeesquad.com"],"socials":["https://www.facebook.com/1086938308002618"],"phones":["+18444480079"],"brand":{"wikidata":null,"names":{"primary":null,"common":null,"rules":null}},"addresses":[{"freeform":null,"locality":"Pearland","postcode":null,"region":"TX","country":"US"}],"names":{"primary":"Squeegee Squad - Houston, Texas","common":null,"rules":null},"sources":[{"property":"","dataset":"meta","license":"CDLA-Permissive-2.0","record_id":"1086938308002618","update_time":"2026-08-10T00:00:00.000Z","confidence":0.12757791578769684,"between":null,"provider":"meta","resource":"meta","version":"2026-08-10"},{"property":"/properties/confidence","dataset":"Overture","license":"CDLA-Permissive-2.0","record_id":null,"update_time":"2026-08-14T19:46:07Z","confidence":null,"between":null,"provider":"overture","resource":"confidence_calculation","version":"2026-08-14"}],"basic_category":"home_service","taxonomy":{"primary":"home_cleaning","hierarchy":["services_and_business","home_service","home_cleaning"],"alternates":null},"version":1}},{"id":"63a21182-decc-4c02-86bb-047aed3b397f","type":"Feature","geometry":{"type":"Point","coordinates":[-95.393961,29.539011]},"properties":{"categories":{"primary":"tutoring_center","alternate":["theatre"]},"confidence":0.314950555562973,"websites":["http://www.lightscameraact.net"],"emails":["alyssiad@gmail.com"],"socials":["https://www.facebook.com/352671548678580"],"phones":["+15127758282"],"brand":{"wikidata":null,"names":{"primary":null,"common":null,"rules":null}},"addresses":[{"freeform":"2906 Mustang Meadow Ln","locality":"Manvel","postcode":"77578-4272","region":"TX","country":"US"}],"names":{"primary":"Lights Camera Act With Alyssia Dodson","common":null,"rules":null},"sources":[{"property":"","dataset":"meta","license":"CDLA-Permissive-2.0","record_id":"352671548678580","update_time":"2026-08-10T00:00:00.000Z","confidence":0.314950555562973,"between":null,"provider":"meta","resource":"meta","version":"2026-08-10"},{"property":"/properties/confidence","dataset":"Overture","license":"CDLA-Permissive-2.0","record_id":null,"update_time":"2026-08-14T19:46:07Z","confidence":null,"between":null,"provider":"overture","resource":"confidence_calculation","version":"2026-08-14"}],"basic_category":"tutoring_service","taxonomy":{"primary":"tutoring_service","hierarchy":["education","educational_service","tutoring_service"],"alternates":null},"version":8}},{"id":"a49fa496-c93e-47d5-8bd4-65c20ffa02be","type":"Feature","geometry":{"type":"Point","coordinates":[-95.39523,29.54717]},"properties":{"categories":{"primary":"church_cathedral","alternate":["religious_organization"]},"confidence":0.5225496888160706,"socials":["https://www.facebook.com/451682461670508"],"phones":["+17134369778"],"brand":{"wikidata":null,"names":{"primary":null,"common":null,"rules":null}},"addresses":[{"freeform":"11303 Grimes Ave","locality":"Pearland","postcode":"77584-5527","region":"TX","country":"US"}],"names":{"primary":"Transformed Life Christian Fellowship CH","common":null,"rules":null},"sources":[{"property":"","dataset":"meta","license":"CDLA-Permissive-2.0","record_id":"451682461670508","update_time":"2026-08-10T00:00:00.000Z","confidence":0.5225496888160706,"between":null,"provider":"meta","resource":"meta","version":"2026-08-10"},{"property":"/properties/confidence","dataset":"Overture","license":"CDLA-Permissive-2.0","record_id":null,"update_time":"2026-08-14T19:46:07Z","confidence":null,"between":null,"provider":"overture","resource":"confidence_calculation","version":"2026-08-14"}],"basic_category":"christian_place_of_worship","taxonomy":{"primary":"christian_place_of_worship","hierarchy":["cultural_and_historic","place_of_worship","christian_place_of_worship"],"alternates":null},"version":3}},{"id":"f901c7a0-fbbe-4846-90a0-35e0703693c9","type":"Feature","geometry":{"type":"Point","coordinates":[-95.39298,29.54653]},"properties":{"categories":{"primary":"professional_services","alternate":null},"confidence":0.2810612618923187,"emails":["pearlandbrass@gmail.com"],"socials":["https://www.facebook.com/1169477136237487"],"phones":["+15132545362"],"brand":{"wikidata":null,"names":{"primary":null,"common":null,"rules":null}},"addresses":[{"freeform":"11203 Freestone Ave","locality":"Pearland","postcode":"77584-5519","region":"TX","country":"US"}],"names":{"primary":"Pearland Brass ","common":null,"rules":null},"sources":[{"property":"","dataset":"meta","license":"CDLA-Permissive-2.0","record_id":"1169477136237487","update_time":"2026-08-10T00:00:00.000Z","confidence":0.2810612618923187,"between":null,"provider":"meta","resource":"meta","version":"2026-08-10"},{"property":"/properties/confidence","dataset":"Overture","license":"CDLA-Permissive-2.0","record_id":null,"update_time":"2026-08-14T19:46:07Z","confidence":null,"between":null,"provider":"overture","resource":"confidence_calculation","version":"2026-08-14"}],"basic_category":"professional_service","taxonomy":{"primary":"professional_service","hierarchy":["services_and_business","professional_service"],"alternates":null},"version":1}},{"id":"dd02eeef-0816-4d3c-99bf-d31ece9ff806","type":"Feature","geometry":{"type":"Point","coordinates":[-95.3915282,29.5444319]},"properties":{"categories":{"primary":"atms","alternate":null},"confidence":0.85,"websites":["https://libertyx.com/a/buy-bitcoin/locations/TX/pearland/3500-business-center-dr?y_source=1_NjcwNzE3OTQtNDgzLWxvY2F0aW9uLndlYnNpdGU%3D"],"phones":["8005118940"],"addresses":[{"freeform":"3500 Business Center Dr","locality":"Pearland","postcode":"77584","region":"TX","country":"US"}],"names":{"primary":"LibertyX Bitcoin ATM","common":null,"rules":null},"sources":[{"property":"","dataset":"Microsoft","license":"CDLA-Permissive-2.0","record_id":"562949966665251","update_time":"2025-04-16T16:29:15.000Z","confidence":0.85,"between":null,"provider":"microsoft","resource":"microsoft","version":"2025-10-20"},{"property":"/properties/confidence","dataset":"Overture","license":"CDLA-Permissive-2.0","record_id":null,"update_time":"2026-08-14T19:46:07Z","confidence":null,"between":null,"provider":"overture","resource":"confidence_calculation","version":"2026-08-14"}],"basic_category":"atm","taxonomy":{"primary":"atm","hierarchy":["services_and_business","financial_service","atm"],"alternates":null},"version":7}},{"id":"9122c8aa-479e-4e7b-8de0-85d3da936ff3","type":"Feature","geometry":{"type":"Point","coordinates":[-95.39351749,29.5517503]},"properties":{"categories":{"primary":"real_estate_service","alternate":null},"confidence":0.8720687627792358,"websites":["http://www.momentumtitletx.com/"],"emails":["info@momentumtitletx.com"],"socials":["https://www.facebook.com/111843190529096"],"phones":["+12818254111"],"brand":{"wikidata":null,"names":{"primary":null,"common":null,"rules":null}},"addresses":[{"freeform":"11200 Broadway St","locality":"Pearland","postcode":"77584-0085","region":"TX","country":"US"}],"names":{"primary":"Momentum Title, LLC. Pearland","common":null,"rules":null},"sources":[{"property":"","dataset":"meta","license":"CDLA-Permissive-2.0","record_id":"111843190529096","update_time":"2026-08-10T00:00:00.000Z","confidence":0.8720687627792358,"between":null,"provider":"meta","resource":"meta","version":"2026-08-10"},{"property":"/properties/confidence","dataset":"Overture","license":"CDLA-Permissive-2.0","record_id":null,"update_time":"2026-08-14T19:46:07Z","confidence":null,"between":null,"provider":"overture","resource":"confidence_calculation","version":"2026-08-14"}],"basic_category":"real_estate_service","taxonomy":{"primary":"real_estate_service","hierarchy":["services_and_business","real_estate_service"],"alternates":null},"version":1}},{"id":"eb1679eb-ad50-474d-965b-4821ea52df10","type":"Feature","geometry":{"type":"Point","coordinates":[-95.3934395,29.5523557]},"properties":{"categories":{"primary":"clothing_store","alternate":null},"confidence":1.0,"websites":["https://www2.hm.com/en_us/customer-service/shopping-at-hm/store-locator/usa/houston%2C%20tx/pearland-town-center/US0465.html?utm_source=overture_location&utm_medium=organic&utm_content=US0465&utm_campaign=pi_USQ00AAU0AA004"],"emails":["kundservice.se@hm.com"],"phones":["+1-855-466-7467"],"addresses":[{"freeform":"11200 W Broadway St","locality":"Pearland","postcode":"77584","region":"","country":"US"}],"names":{"primary":"H&M","common":null,"rules":null},"sources":[{"property":"","dataset":"PinMeTo","license":"CDLA-Permissive-2.0","record_id":"5a9d5c166e1c4656f49d2372","update_time":"2026-08-11T20:52:07.324Z","confidence":1.0,"between":null,"provider":"pinmeto","resource":"pinmeto","version":"2026-08-11"},{"property":"/properties/confidence","dataset":"Overture","license":"CDLA-Permissive-2.0","record_id":null,"update_time":"2026-08-14T19:46:07Z","confidence":null,"between":null,"provider":"overture","resource":"confidence_calculation","version":"2026-08-14"}],"operating_status":"open","basic_category":"fashion_and_apparel_store","taxonomy":{"primary":"clothing_store","hierarchy":["shopping","fashion_and_apparel_store","clothing_store"],"alternates":null},"version":9}},{"id":"e9965d06-ab0e-4f00-a605-3b37db73f8e0","type":"Feature","geometry":{"type":"Point","coordinates":[-95.393412,29.552341]},"properties":{"categories":{"primary":"spas","alternate":null},"confidence":0.2923733592033386,"websites":["http://Schedulicity.com/"],"socials":["https://www.facebook.com/334884990288806"],"phones":["+17133879923"],"brand":{"wikidata":null,"names":{"primary":null,"common":null,"rules":null}},"addresses":[{"freeform":"11200 Broadway St, 1410","locality":"Pearland","postcode":"77584","region":"TX","country":"US"}],"names":{"primary":"The Wright touch by Christina Wright","common":null,"rules":null},"sources":[{"property":"","dataset":"meta","license":"CDLA-Permissive-2.0","record_id":"334884990288806","update_time":"2026-08-10T00:00:00.000Z","confidence":0.2923733592033386,"between":null,"provider":"meta","resource":"meta","version":"2026-08-10"},{"property":"/properties/confidence","dataset":"Overture","license":"CDLA-Permissive-2.0","record_id":null,"update_time":"2026-08-14T19:46:07Z","confidence":null,"between":null,"provider":"overture","resource":"confidence_calculation","version":"2026-08-14"}],"basic_category":"wellness_service","taxonomy":{"primary":"spa","hierarchy":["lifestyle_services","wellness_service","spa"],"alternates":null},"version":2}},{"id":"bb5af710-2057-4a79-83d6-621f17531438","type":"Feature","geometry":{"type":"Point","coordinates":[-95.3932647,29.5525557]},"properties":{"categories":{"primary":"fashion_accessories_store","alternate":["shoe_store","retail"]},"confidence":0.9199122190475464,"websites":[""],"phones":["7134360336"],"addresses":[{"freeform":"11200 Broadway St","locality":"Pearland","postcode":"77584","region":"TX","country":"US"}],"names":{"primary":"Payless ShoeSource","common":null,"rules":null},"sources":[{"property":"","dataset":"Microsoft","license":"CDLA-Permissive-2.0","record_id":"562949955024327","update_time":"2015-05-14T10:39:33.290Z","confidence":0.85,"between":null,"provider":"microsoft","resource":"microsoft","version":"2025-10-20"},{"property":"/properties/confidence","dataset":"Overture","license":"CDLA-Permissive-2.0","record_id":null,"update_time":"2026-08-14T19:46:07Z","confidence":null,"between":null,"provider":"overture","resource":"confidence_calculation","version":"2026-08-14"},{"property":"/properties/operating_status","dataset":"Overture-signals","license":"CDLA-Permissive-2.0","record_id":"30769f79-e1e1-48d8-80c8-eaf30d486b52","update_time":"2026-08-10T22:54:24Z","confidence":1.0,"between":null,"provider":"overture","resource":"operating_status_signal","version":"2026-08-10"}],"operating_status":"open","basic_category":"fashion_and_apparel_store","taxonomy":{"primary":"fashion_accessories_store","hierarchy":["shopping","fashion_and_apparel_store","fashion_accessories_store"],"alternates":null},"version":6}},{"id":"de3c1683-f4c0-4027-b114-0421bfdf9bd0","type":"Feature","geometry":{"type":"Point","coordinates":[-95.3932647,29.5525557]},"properties":{"confidence":0.9199122190475464,"websites":["https://agents.allstate.com/luis-hernandez-pearland-tx.html?utm_source=GMB&utm_medium=Website"],"phones":["2812414524"],"addresses":[{"freeform":"11200 Broadway St Ste 2743","locality":"Pearland","postcode":"77584","region":"TX","country":"US"}],"names":{"primary":"Luis Hernandez: Allstate Insurance","common":null,"rules":null},"sources":[{"property":"","dataset":"Microsoft","license":"CDLA-Permissive-2.0","record_id":"1970324839673713","update_time":"2021-11-09T21:11:23.743Z","confidence":0.85,"between":null,"provider":"microsoft","resource":"microsoft","version":"2025-10-20"},{"property":"/properties/confidence","dataset":"Overture","license":"CDLA-Permissive-2.0","record_id":null,"update_time":"2026-08-14T19:46:07Z","confidence":null,"between":null,"provider":"overture","resource":"confidence_calculation","version":"2026-08-14"},{"property":"/properties/operating_status","dataset":"Overture-signals","license":"CDLA-Permissive-2.0","record_id":"222fcdb9-c43a-4b16-ac23-ef89b3236976","update_time":"2026-08-10T22:54:24Z","confidence":1.0,"between":null,"provider":"overture","resource":"operating_status_signal","version":"2026-08-10"}],"operating_status":"open","version":4}},{"id":"6c07eaab-8f7e-4e1e-9600-07c27c173e9b","type":"Feature","geometry":{"type":"Point","coordinates":[-95.3932647,29.5525557]},"properties":{"categories":{"primary":"shopping","alternate":null},"confidence":0.9199122190475464,"websites":["https://www.mattress1.com/"],"phones":["8328507103"],"addresses":[{"freeform":"11200 Broadway St Ste 630","locality":"Pearland","postcode":"77584","region":"TX","country":"US"}],"names":{"primary":"Mattress1One","common":null,"rules":null},"sources":[{"property":"","dataset":"Microsoft","license":"CDLA-Permissive-2.0","record_id":"1407374885270171","update_time":"2018-07-12T12:49:28.417Z","confidence":0.85,"between":null,"provider":"microsoft","resource":"microsoft","version":"2025-10-20"},{"property":"/properties/confidence","dataset":"Overture","license":"CDLA-Permissive-2.0","record_id":null,"update_time":"2026-08-14T19:46:07Z","confidence":null,"between":null,"provider":"overture","resource":"confidence_calculation","version":"2026-08-14"},{"property":"/properties/operating_status","dataset":"Overture-signals","license":"CDLA-Permissive-2.0","record_id":"72110344-c295-49c8-b2f7-d3b37766461d","update_time":"2026-08-10T22:54:24Z","confidence":1.0,"between":null,"provider":"overture","resource":"operating_status_signal","version":"2026-08-10"}],"operating_status":"open","basic_category":"shopping","taxonomy":{"primary":"shopping","hierarchy":["shopping"],"alternates":null},"version":7}},{"id":"6746d065-cdf6-42c3-91be-a81795b32761","type":"Feature","geometry":{"type":"Point","coordinates":[-95.3932647,29.5525557]},"properties":{"confidence":0.85,"websites":["http://www.farmersagent.com/wdavis2?SourceID=LOCC002L002&utm_source=BingLocal&utm_medium=Local&utm_campaign=19683F"],"phones":["2819955057"],"addresses":[{"freeform":"11200 Broadway St Ste 2743","locality":"Pearland","postcode":"77584","region":"TX","country":"US"}],"names":{"primary":"Farmers Insurance - Willie Davis","common":null,"rules":null},"sources":[{"property":"","dataset":"Microsoft","license":"CDLA-Permissive-2.0","record_id":"2251799813963529","update_time":"2014-06-16T19:21:06.087Z","confidence":0.85,"between":null,"provider":"microsoft","resource":"microsoft","version":"2025-10-20"},{"property":"/properties/confidence","dataset":"Overture","license":"CDLA-Permissive-2.0","record_id":null,"update_time":"2026-08-14T19:46:07Z","confidence":null,"between":null,"provider":"overture","resource":"confidence_calculation","version":"2026-08-14"}],"version":2}},{"id":"bc5a0e52-6f47-4f19-8873-932f8a0f4a6f","type":"Feature","geometry":{"type":"Point","coordinates":[-95.3932647,29.5525557]},"properties":{"categories":{"primary":"health_and_medical","alternate":null},"confidence":0.9199122190475464,"websites":["https://www.pinnacleofpurposecounseling.com/"],"phones":["8323073008"],"addresses":[{"freeform":"11200 Broadway St Ste 2743","locality":"Pearland","postcode":"77584","region":"TX","country":"US"}],"names":{"primary":"Pinnacle of Purpose Counseling, PLLC","common":null,"rules":null},"sources":[{"property":"","dataset":"Microsoft","license":"CDLA-Permissive-2.0","record_id":"1125899911195166","update_time":"2022-09-01T23:45:58.207Z","confidence":0.85,"between":null,"provider":"microsoft","resource":"microsoft","version":"2025-10-20"},{"property":"/properties/confidence","dataset":"Overture","license":"CDLA-Permissive-2.0","record_id":null,"update_time":"2026-08-14T19:46:07Z","confidence":null,"between":null,"provider":"overture","resource":"confidence_calculation","version":"2026-08-14"},{"property":"/properties/operating_status","dataset":"Overture-signals","license":"CDLA-Permissive-2.0","record_id":"fcb5634a-1873-4ed5-ad1a-9528150943b1","update_time":"2026-08-10T22:54:24Z","confidence":1.0,"between":null,"provider":"overture","resource":"operating_status_signal","version":"2026-08-10"}],"operating_status":"open","basic_category":"health_care","taxonomy":{"primary":"health_care","hierarchy":["health_care"],"alternates":null},"version":8}},{"id":"c1c31fd5-cbc1-4977-9acb-4c731e2d102b","type":"Feature","geometry":{"type":"Point","coordinates":[-95.3932647,29.5525557]},"properties":{"categories":{"primary":"rental_service","alternate":["commercial_real_estate","real_estate_service"]},"confidence":0.9655,"websites":["http://www.regus.com/locations/business-centre/texas-pearland-town-center"],"phones":["8328956400"],"addresses":[{"freeform":"11200 Broadway St Ste 2743","locality":"Pearland","postcode":"77584","region":"TX","country":"US"}],"names":{"primary":"Regus","common":null,"rules":null},"sources":[{"property":"","dataset":"Microsoft","license":"CDLA-Permissive-2.0","record_id":"1407374883602473","update_time":"2012-09-06T15:57:27.483Z","confidence":0.85,"between":null,"provider":"microsoft","resource":"microsoft","version":"2025-10-20"},{"property":"/properties/confidence","dataset":"Overture","license":"CDLA-Permissive-2.0","record_id":null,"update_time":"2026-08-14T19:46:07Z","confidence":null,"between":null,"provider":"overture","resource":"confidence_calculation","version":"2026-08-14"}],"basic_category":"rental_service","taxonomy":{"primary":"rental_service","hierarchy":["services_and_business","rental_service"],"alternates":null},"version":8}},{"id":"ce7e91eb-4b21-441b-bb0f-1b6ae5dc631f","type":"Feature","geometry":{"type":"Point","coordinates":[-95.3932647,29.5525557]},"properties":{"categories":{"primary":"senior_citizen_services","alternate":["home_health_care","personal_care_service","skilled_nursing","organization","health_and_medical"]},"confidence":0.9199122190475464,"websites":["http://www.bernadettefieldshealthcare.com/"],"phones":["7134388022"],"addresses":[{"freeform":"11200 Broadway Ste 218","locality":"Pearland","postcode":"77584","region":"TX","country":"US"}],"names":{"primary":"Bernadette Fields Healthcare","common":null,"rules":null},"sources":[{"property":"","dataset":"Microsoft","license":"CDLA-Permissive-2.0","record_id":"562949958805839","update_time":"2019-12-24T17:47:32.347Z","confidence":0.85,"between":null,"provider":"microsoft","resource":"microsoft","version":"2025-10-20"},{"property":"/properties/confidence","dataset":"Overture","license":"CDLA-Permissive-2.0","record_id":null,"update_time":"2026-08-14T19:46:07Z","confidence":null,"between":null,"provider":"overture","resource":"confidence_calculation","version":"2026-08-14"},{"property":"/properties/operating_status","dataset":"Overture-signals","license":"CDLA-Permissive-2.0","record_id":"856fd894-10ab-4292-a19f-8920bf3a7792","update_time":"2026-08-10T22:54:24Z","confidence":1.0,"between":null,"provider":"overture","resource":"operating_status_signal","version":"2026-08-10"}],"operating_status":"open","basic_category":"social_or_community_service","taxonomy":{"primary":"senior_citizen_service","hierarchy":["community_and_government","social_or_community_service","senior_citizen_service"],"alternates":null},"version":6}},{"id":"f6dfb309-517b-4e53-895c-3fe041200ad1","type":"Feature","geometry":{"type":"Point","coordinates":[-95.3932647,29.5525557]},"properties":{"categories":{"primary":"hvac_services","alternate":null},"confidence":0.9199122190475464,"websites":["https://colleyrefrigeration.com/hvac-contractor-pearland-texas/"],"phones":["9792654711"],"addresses":[{"freeform":"11200 Broadway St Ste 2743","locality":"Pearland","postcode":"77584","region":"TX","country":"US"}],"names":{"primary":"Colley Refrigeration","common":null,"rules":null},"sources":[{"property":"","dataset":"Microsoft","license":"CDLA-Permissive-2.0","record_id":"562949967599845","update_time":"2025-08-08T12:36:36.323Z","confidence":0.85,"between":null,"provider":"microsoft","resource":"microsoft","version":"2025-10-20"},{"property":"/properties/confidence","dataset":"Overture","license":"CDLA-Permissive-2.0","record_id":null,"update_time":"2026-08-14T19:46:07Z","confidence":null,"between":null,"provider":"overture","resource":"confidence_calculation","version":"2026-08-14"},{"property":"/properties/operating_status","dataset":"Overture-signals","license":"CDLA-Permissive-2.0","record_id":"76d7c973-2055-46dc-928a-1a0361b08dd7","update_time":"2026-08-10T22:54:24Z","confidence":1.0,"between":null,"provider":"overture","resource":"operating_status_signal","version":"2026-08-10"}],"operating_status":"open","basic_category":"home_service","taxonomy":{"primary":"hvac_service","hierarchy":["services_and_business","home_service","hvac_service"],"alternates":null},"version":6}},{"id":"9151864f-2c00-4fae-81a0-0060cb0e3dea","type":"Feature","geometry":{"type":"Point","coordinates":[-95.3932647,29.5525557]},"properties":{"categories":{"primary":"t_shirt_store","alternate":["designer_clothing","clothing_store","retail"]},"confidence":0.9655,"websites":["http://www.rue21.com/"],"phones":["7133401867"],"addresses":[{"freeform":"11200 Broadway St","locality":"Pearland","postcode":"77584","region":"TX","country":"US"}],"names":{"primary":"rue21","common":null,"rules":null},"sources":[{"property":"","dataset":"Microsoft","license":"CDLA-Permissive-2.0","record_id":"844424930348352","update_time":"2013-05-29T18:15:57.177Z","confidence":0.85,"between":null,"provider":"microsoft","resource":"microsoft","version":"2025-10-20"},{"property":"/properties/confidence","dataset":"Overture","license":"CDLA-Permissive-2.0","record_id":null,"update_time":"2026-08-14T19:46:07Z","confidence":null,"between":null,"provider":"overture","resource":"confidence_calculation","version":"2026-08-14"},{"property":"/properties/operating_status","dataset":"Overture-signals","license":"CDLA-Permissive-2.0","record_id":"54a46e63-afb9-407b-86ab-2833dc7c4a03","update_time":"2026-08-10T22:54:24Z","confidence":1.0,"between":null,"provider":"overture","resource":"operating_status_signal","version":"2026-08-10"}],"operating_status":"open","basic_category":"fashion_and_apparel_store","taxonomy":{"primary":"t_shirt_store","hierarchy":["shopping","fashion_and_apparel_store","clothing_store","t_shirt_store"],"alternates":null},"version":8}},{"id":"59df918a-37b9-4b19-bb14-f02fdda1699c","type":"Feature","geometry":{"type":"Point","coordinates":[-95.3932647,29.5525557]},"properties":{"categories":{"primary":"lingerie_store","alternate":["clothing_store","retail"]},"confidence":0.9199122190475464,"websites":["https://stores.soma.com/boutique/pearland-town-center"],"phones":["7133401368"],"addresses":[{"freeform":"11200 Broadway St Ste 720","locality":"Pearland","postcode":"77584","region":"TX","country":"US"}],"names":{"primary":"Soma","common":null,"rules":null},"sources":[{"property":"","dataset":"Microsoft","license":"CDLA-Permissive-2.0","record_id":"844424933120620","update_time":"2021-08-27T01:19:42.513Z","confidence":0.85,"between":null,"provider":"microsoft","resource":"microsoft","version":"2025-10-20"},{"property":"/properties/confidence","dataset":"Overture","license":"CDLA-Permissive-2.0","record_id":null,"update_time":"2026-08-14T19:46:07Z","confidence":null,"between":null,"provider":"overture","resource":"confidence_calculation","version":"2026-08-14"},{"property":"/properties/operating_status","dataset":"Overture-signals","license":"CDLA-Permissive-2.0","record_id":"186be675-3b4a-4541-9678-700791688319","update_time":"2026-08-10T22:54:24Z","confidence":1.0,"between":null,"provider":"overture","resource":"operating_status_signal","version":"2026-08-10"}],"operating_status":"open","basic_category":"fashion_and_apparel_store","taxonomy":{"primary":"lingerie_store","hierarchy":["shopping","fashion_and_apparel_store","clothing_store","lingerie_store"],"alternates":null},"version":6}},{"id":"af4bfe88-d0ea-4343-8719-26a222eff51b","type":"Feature","geometry":{"type":"Point","coordinates":[-95.3932647,29.5525557]},"properties":{"categories":{"primary":"criminal_defense_law","alternate":["divorce_and_family_law"]},"confidence":0.85,"websites":["http://www.stoverlawtexas.com/"],"phones":["8327690401"],"addresses":[{"freeform":"11200 Broadway St Ste 2743","locality":"Pearland","postcode":"77584","region":"TX","country":"US"}],"names":{"primary":"Law Office of Michelle A. Stover","common":null,"rules":null},"sources":[{"property":"","dataset":"Microsoft","license":"CDLA-Permissive-2.0","record_id":"1970324838290923","update_time":"2018-04-24T19:32:48.950Z","confidence":0.85,"between":null,"provider":"microsoft","resource":"microsoft","version":"2025-10-20"},{"property":"/properties/confidence","dataset":"Overture","license":"CDLA-Permissive-2.0","record_id":null,"update_time":"2026-08-14T19:46:07Z","confidence":null,"between":null,"provider":"overture","resource":"confidence_calculation","version":"2026-08-14"}],"basic_category":"attorney_or_law_firm","taxonomy":{"primary":"criminal_defense_law","hierarchy":["services_and_business","legal_service","attorney_or_law_firm","criminal_defense_law"],"alternates":null},"version":3}},{"id":"ad0780c6-8ede-4ae9-bf72-87cabe1a646d","type":"Feature","geometry":{"type":"Point","coordinates":[-95.3932647,29.5525557]},"properties":{"categories":{"primary":"foster_care_services","alternate":["home_health_care","personal_care_service","organization","health_and_medical"]},"confidence":0.9199122190475464,"websites":["https://www.1goldenlifehomecare.com/"],"phones":["8326649462"],"addresses":[{"freeform":"11200 Broadway St Ste 2743","locality":"Pearland","postcode":"77584","region":"TX","country":"US"}],"names":{"primary":"1 GOLDEN LIFE HOME CARE","common":null,"rules":null},"sources":[{"property":"","dataset":"Microsoft","license":"CDLA-Permissive-2.0","record_id":"281474978543637","update_time":"2019-05-29T22:28:20.047Z","confidence":0.85,"between":null,"provider":"microsoft","resource":"microsoft","version":"2025-10-20"},{"property":"/properties/confidence","dataset":"Overture","license":"CDLA-Permissive-2.0","record_id":null,"update_time":"2026-08-14T19:46:07Z","confidence":null,"between":null,"provider":"overture","resource":"confidence_calculation","version":"2026-08-14"},{"property":"/properties/operating_status","dataset":"Overture-signals","license":"CDLA-Permissive-2.0","record_id":"fcd377ac-9e0b-4a7b-9a54-2ffddbdf13bb","update_time":"2026-08-10T22:54:24Z","confidence":1.0,"between":null,"provider":"overture","resource":"operating_status_signal","version":"2026-08-10"}],"operating_status":"open","basic_category":"social_or_community_service","taxonomy":{"primary":"foster_care_service","hierarchy":["community_and_government","social_or_community_service","foster_care_service"],"alternates":null},"version":6}},{"id":"f2fc5134-6c04-4bef-a6a1-a6dc18c0eaef","type":"Feature","geometry":{"type":"Point","coordinates":[-95.3932647,29.5525557]},"properties":{"categories":{"primary":"criminal_defense_law","alternate":null},"confidence":0.85,"websites":["https://www.robyndefenselawyer.com/"],"phones":["9157998676"],"addresses":[{"freeform":"11200 Broadway St Ste 2743","locality":"Pearland","postcode":"77584","region":"TX","country":"US"}],"names":{"primary":"Robyn Griffith, Attorney at Law","common":null,"rules":null},"sources":[{"property":"","dataset":"Microsoft","license":"CDLA-Permissive-2.0","record_id":"844424932606284","update_time":"2019-12-23T15:58:37.187Z","confidence":0.85,"between":null,"provider":"microsoft","resource":"microsoft","version":"2025-10-20"},{"property":"/properties/confidence","dataset":"Overture","license":"CDLA-Permissive-2.0","record_id":null,"update_time":"2026-08-14T19:46:07Z","confidence":null,"between":null,"provider":"overture","resource":"confidence_calculation","version":"2026-08-14"},{"property":"/properties/operating_status","dataset":"Overture-signals","license":"CDLA-Permissive-2.0","record_id":"0a88ef5c-d8c6-46b3-aff7-79748cca790d","update_time":"2026-08-10T22:54:24Z","confidence":1.0,"between":null,"provider":"overture","resource":"operating_status_signal","version":"2026-08-10"}],"operating_status":"open","basic_category":"attorney_or_law_firm","taxonomy":{"primary":"criminal_defense_law","hierarchy":["services_and_business","legal_service","attorney_or_law_firm","criminal_defense_law"],"alternates":null},"version":4}},{"id":"740219aa-b309-40f2-9a97-e2e40d8134eb","type":"Feature","geometry":{"type":"Point","coordinates":[-95.3932647,29.5525557]},"properties":{"confidence":0.85,"websites":[""],"phones":["2815496515"],"addresses":[{"freeform":"11200 Broadway, Suite 2743 Pearland, TX","locality":"Pearland","postcode":"77584","region":"TX","country":"US"}],"names":{"primary":"Impact Partners Financial","common":null,"rules":null},"sources":[{"property":"","dataset":"Microsoft","license":"CDLA-Permissive-2.0","record_id":"562949966929957","update_time":"2025-08-09T07:20:17.273Z","confidence":0.85,"between":null,"provider":"microsoft","resource":"microsoft","version":"2025-10-20"},{"property":"/properties/confidence","dataset":"Overture","license":"CDLA-Permissive-2.0","record_id":null,"update_time":"2026-08-14T19:46:07Z","confidence":null,"between":null,"provider":"overture","resource":"confidence_calculation","version":"2026-08-14"}],"version":2}},{"id":"bc7af54b-2a11-4699-b9f8-9ff190fda2fd","type":"Feature","geometry":{"type":"Point","coordinates":[-95.3932647,29.5525557]},"properties":{"categories":{"primary":"passport_and_visa_services","alternate":["travel"]},"confidence":0.9199122190475464,"websites":["https://www.travelvisapro.com/contacts/houston/pearland-texas?utm_source=organic&utm_medium=office&utm_campaign=TXPEA"],"phones":["8328443144"],"addresses":[{"freeform":"11200 Broadway St Ste 2743","locality":"Pearland","postcode":"77584","region":"TX","country":"US"}],"names":{"primary":"Travel Visa Pro","common":null,"rules":null},"sources":[{"property":"","dataset":"Microsoft","license":"CDLA-Permissive-2.0","record_id":"1125899913086729","update_time":"2024-11-19T18:05:11.677Z","confidence":0.85,"between":null,"provider":"microsoft","resource":"microsoft","version":"2025-10-20"},{"property":"/properties/confidence","dataset":"Overture","license":"CDLA-Permissive-2.0","record_id":null,"update_time":"2026-08-14T19:46:07Z","confidence":null,"between":null,"provider":"overture","resource":"confidence_calculation","version":"2026-08-14"},{"property":"/properties/operating_status","dataset":"Overture-signals","license":"CDLA-Permissive-2.0","record_id":"74ead2f5-8c02-4072-951a-1b1ed865e455","update_time":"2026-08-10T22:54:24Z","confidence":1.0,"between":null,"provider":"overture","resource":"operating_status_signal","version":"2026-08-10"}],"operating_status":"open","basic_category":"travel_service","taxonomy":{"primary":"passport_and_visa_service","hierarchy":["travel_and_transportation","travel_service","passport_and_visa_service"],"alternates":null},"version":6}},{"id":"fc900ed2-3238-4f2c-a984-5171e735434e","type":"Feature","geometry":{"type":"Point","coordinates":[-95.3932647,29.5525557]},"properties":{"categories":{"primary":"hair_stylist","alternate":["eyelash_service","hair_salon","beauty_and_spa"]},"confidence":0.9199122190475464,"websites":[""],"phones":["8323083469"],"addresses":[{"freeform":"11200 Broadway St","locality":"Pearland","postcode":"77584","region":"TX","country":"US"}],"names":{"primary":"Snooty Girl Salon And Spa Lash Effects","common":null,"rules":null},"sources":[{"property":"","dataset":"Microsoft","license":"CDLA-Permissive-2.0","record_id":"1125899912808844","update_time":"2024-11-18T09:09:12.513Z","confidence":0.85,"between":null,"provider":"microsoft","resource":"microsoft","version":"2025-10-20"},{"property":"/properties/confidence","dataset":"Overture","license":"CDLA-Permissive-2.0","record_id":null,"update_time":"2026-08-14T19:46:07Z","confidence":null,"between":null,"provider":"overture","resource":"confidence_calculation","version":"2026-08-14"},{"property":"/properties/operating_status","dataset":"Overture-signals","license":"CDLA-Permissive-2.0","record_id":"6107f39b-24a6-42f9-aea4-0e399ad44918","update_time":"2026-08-10T22:54:24Z","confidence":1.0,"between":null,"provider":"overture","resource":"operating_status_signal","version":"2026-08-10"}],"operating_status":"open","basic_category":"personal_or_beauty_service","taxonomy":{"primary":"hair_stylist","hierarchy":["lifestyle_services","personal_or_beauty_service","hair_salon","hair_stylist"],"alternates":null},"version":6}},{"id":"4323d0c6-2bd0-48d2-817c-c759e785f565","type":"Feature","geometry":{"type":"Point","coordinates":[-95.3932647,29.5525557]},"properties":{"categories":{"primary":"womens_clothing_store","alternate":["fashion_accessories_store","clothing_store","retail"]},"confidence":0.9655,"websites":["https://www.nyandcompany.com/"],"phones":["7133401348"],"addresses":[{"freeform":"11200 Broadway Street, Pearland Town Center","locality":"Pearland","postcode":"77584","region":"TX","country":"US"}],"names":{"primary":"New York & Company","common":null,"rules":null},"sources":[{"property":"","dataset":"Microsoft","license":"CDLA-Permissive-2.0","record_id":"562949957739309","update_time":"2021-06-03T16:19:44.757Z","confidence":0.85,"between":null,"provider":"microsoft","resource":"microsoft","version":"2025-10-20"},{"property":"/properties/confidence","dataset":"Overture","license":"CDLA-Permissive-2.0","record_id":null,"update_time":"2026-08-14T19:46:07Z","confidence":null,"between":null,"provider":"overture","resource":"confidence_calculation","version":"2026-08-14"}],"basic_category":"fashion_and_apparel_store","taxonomy":{"primary":"womens_clothing_store","hierarchy":["shopping","fashion_and_apparel_store","clothing_store","womens_clothing_store"],"alternates":null},"version":7}},{"id":"9962a228-0431-4fe6-8cce-d69ef9a70e0f","type":"Feature","geometry":{"type":"Point","coordinates":[-95.3932647,29.5525557]},"properties":{"categories":{"primary":"civil_engineers","alternate":["engineering_services"]},"confidence":0.85,"websites":["http://www.freese.com/"],"phones":["8324564700"],"addresses":[{"freeform":"11200 Broadway St Ste 2320","locality":"Pearland","postcode":"77584","region":"TX","country":"US"}],"names":{"primary":"Freese and Nichols","common":null,"rules":null},"sources":[{"property":"","dataset":"Microsoft","license":"CDLA-Permissive-2.0","record_id":"844424934516250","update_time":"2025-09-17T17:37:44.223Z","confidence":0.85,"between":null,"provider":"microsoft","resource":"microsoft","version":"2025-10-20"},{"property":"/properties/confidence","dataset":"Overture","license":"CDLA-Permissive-2.0","record_id":null,"update_time":"2026-08-14T19:46:07Z","confidence":null,"between":null,"provider":"overture","resource":"confidence_calculation","version":"2026-08-14"},{"property":"/properties/operating_status","dataset":"Overture-signals","license":"CDLA-Permissive-2.0","record_id":"a5e454be-784e-4ebd-a2cf-d868bff65ad8","update_time":"2026-08-10T22:54:24Z","confidence":1.0,"between":null,"provider":"overture","resource":"operating_status_signal","version":"2026-08-10"}],"operating_status":"open","basic_category":"building_or_construction_service","taxonomy":{"primary":"civil_engineer","hierarchy":["services_and_business","building_or_construction_service","civil_engineer"],"alternates":null},"version":8}},{"id":"3da68303-ed69-4687-b7a8-14034016fc06","type":"Feature","geometry":{"type":"Point","coordinates":[-95.3932647,29.5525557]},"properties":{"categories":{"primary":"womens_clothing_store","alternate":["clothing_store","retail"]},"confidence":0.991375,"websites":["https://locations.forever21.com/us/stores/tx/pearland/11200-w-broadway-st/?utm_medium=organic&utm_source=local&utm_campaign=other"],"phones":["3462073370"],"addresses":[{"freeform":"11200 Broadway St Ste 340","locality":"Pearland","postcode":"77584","region":"TX","country":"US"}],"names":{"primary":"Forever 21","common":null,"rules":null},"sources":[{"property":"","dataset":"Microsoft","license":"CDLA-Permissive-2.0","record_id":"844424932871261","update_time":"2021-07-02T12:06:27.567Z","confidence":0.85,"between":null,"provider":"microsoft","resource":"microsoft","version":"2025-10-20"},{"property":"/properties/confidence","dataset":"Overture","license":"CDLA-Permissive-2.0","record_id":null,"update_time":"2026-08-14T19:46:07Z","confidence":null,"between":null,"provider":"overture","resource":"confidence_calculation","version":"2026-08-14"}],"basic_category":"fashion_and_apparel_store","taxonomy":{"primary":"womens_clothing_store","hierarchy":["shopping","fashion_and_apparel_store","clothing_store","womens_clothing_store"],"alternates":null},"version":8}},{"id":"28de2a99-d26f-4378-a175-1f5e162f33bd","type":"Feature","geometry":{"type":"Point","coordinates":[-95.3932647,29.5525557]},"properties":{"categories":{"primary":"fashion_accessories_store","alternate":["watch_store","online_shop","retail"]},"confidence":0.9199122190475464,"websites":[""],"phones":["7133401479"],"addresses":[{"freeform":"11200 Broadway St Ste 355","locality":"Pearland","postcode":"77584","region":"TX","country":"US"}],"names":{"primary":"Fossil Store","common":null,"rules":null},"sources":[{"property":"","dataset":"Microsoft","license":"CDLA-Permissive-2.0","record_id":"562949954994969","update_time":"2015-05-14T09:37:26.290Z","confidence":0.85,"between":null,"provider":"microsoft","resource":"microsoft","version":"2025-10-20"},{"property":"/properties/confidence","dataset":"Overture","license":"CDLA-Permissive-2.0","record_id":null,"update_time":"2026-08-14T19:46:07Z","confidence":null,"between":null,"provider":"overture","resource":"confidence_calculation","version":"2026-08-14"},{"property":"/properties/operating_status","dataset":"Overture-signals","license":"CDLA-Permissive-2.0","record_id":"818c8c85-b9e2-4652-afe5-67238292db55","update_time":"2026-08-10T22:54:24Z","confidence":1.0,"between":null,"provider":"overture","resource":"operating_status_signal","version":"2026-08-10"}],"operating_status":"open","basic_category":"fashion_and_apparel_store","taxonomy":{"primary":"fashion_accessories_store","hierarchy":["shopping","fashion_and_apparel_store","fashion_accessories_store"],"alternates":null},"version":6}},{"id":"e329c622-4d3c-4696-8ba7-5cbf88d429dc","type":"Feature","geometry":{"type":"Point","coordinates":[-95.39307586,29.55232256]},"properties":{"categories":{"primary":"outlet_store","alternate":["clothing_store","fashion_accessories_store"]},"confidence":0.9999907404565811,"websites":["https://stores.expressfactoryoutlet.com/us/tx/pearland/11200-broadway"],"socials":["https://www.facebook.com/154690794586889"],"phones":["+17133400321"],"brand":{"wikidata":null,"names":{"primary":"Express Factory Outlet","common":null,"rules":null}},"addresses":[{"freeform":"11200 Broadway Suite 1130","locality":"Pearland","postcode":"77584","region":"TX","country":"US"}],"names":{"primary":"Express Factory Outlets","common":null,"rules":null},"sources":[{"property":"","dataset":"meta","license":"CDLA-Permissive-2.0","record_id":"154690794586889","update_time":"2026-08-10T00:00:00.000Z","confidence":0.9970178604125977,"between":null,"provider":"meta","resource":"meta","version":"2026-08-10"},{"property":"/properties/confidence","dataset":"Overture","license":"CDLA-Permissive-2.0","record_id":null,"update_time":"2026-08-14T19:46:07Z","confidence":null,"between":null,"provider":"overture","resource":"confidence_calculation","version":"2026-08-14"}],"basic_category":"specialty_store","taxonomy":{"primary":"outlet_store","hierarchy":["shopping","specialty_store","outlet_store"],"alternates":null},"version":9}},{"id":"5f77160b-74d1-43a7-9937-dc41d965d971","type":"Feature","geometry":{"type":"Point","coordinates":[-95.39293866,29.55244679]},"properties":{"categories":{"primary":"womens_clothing_store","alternate":["clothing_store"]},"confidence":0.9199122190475464,"websites":["https://www.torrid.com/"],"socials":["https://www.facebook.com/102057318685966"],"phones":["+17134360178"],"brand":{"wikidata":null,"names":{"primary":"Torrid","common":null,"rules":null}},"addresses":[{"freeform":"11200 Broadway St Spc 1110","locality":"Pearland","postcode":"77584","region":"TX","country":"US"}],"names":{"primary":"Torrid","common":null,"rules":null},"sources":[{"property":"","dataset":"meta","license":"CDLA-Permissive-2.0","record_id":"102057318685966","update_time":"2026-08-10T00:00:00.000Z","confidence":0.9917429089546204,"between":null,"provider":"meta","resource":"meta","version":"2026-08-10"},{"property":"/properties/confidence","dataset":"Overture","license":"CDLA-Permissive-2.0","record_id":null,"update_time":"2026-08-14T19:46:07Z","confidence":null,"between":null,"provider":"overture","resource":"confidence_calculation","version":"2026-08-14"},{"property":"/properties/operating_status","dataset":"Overture-signals","license":"CDLA-Permissive-2.0","record_id":"2fa1bf14-a40c-4e8d-8e83-c571b0c86efa","update_time":"2026-08-10T22:54:24Z","confidence":1.0,"between":null,"provider":"overture","resource":"operating_status_signal","version":"2026-08-10"}],"operating_status":"open","basic_category":"fashion_and_apparel_store","taxonomy":{"primary":"womens_clothing_store","hierarchy":["shopping","fashion_and_apparel_store","clothing_store","womens_clothing_store"],"alternates":null},"version":8}},{"id":"e3877488-7414-4248-b4d6-a33345fbc3df","type":"Feature","geometry":{"type":"Point","coordinates":[-95.39283311000392,29.55216954873968]},"properties":{"categories":{"primary":"condominium","alternate":null},"confidence":0.77,"websites":["https://www.residencesatptc.com"],"phones":["(713) 340-1376"],"addresses":[{"freeform":"11200 Broadway St","locality":"Pearland","postcode":"77584","region":"TX","country":"US"}],"names":{"primary":"The Residences At Pearland Town Center","common":null,"rules":null},"sources":[{"property":"","dataset":"Foursquare","license":"Apache-2.0","record_id":"518fdf67498e9062f1c9ae3f","update_time":"2026-03-10T00:00:00.000","confidence":0.77,"between":null,"provider":"foursquare","resource":"foursquare","version":"2026-04-14"},{"property":"/properties/confidence","dataset":"Overture","license":"CDLA-Permissive-2.0","record_id":null,"update_time":"2026-08-14T19:46:07Z","confidence":null,"between":null,"provider":"overture","resource":"confidence_calculation","version":"2026-08-14"}],"basic_category":"condominium","taxonomy":{"primary":"condominium","hierarchy":["services_and_business","housing_or_property_service","condominium"],"alternates":null},"version":5}},{"id":"1ed0fc68-732c-4895-823c-1c8c6430d4e9","type":"Feature","geometry":{"type":"Point","coordinates":[-95.39289341625289,29.552213194114675]},"properties":{"categories":{"primary":"gift_shop","alternate":null},"confidence":0.9902192950248718,"websites":["https://www.hallmark.com"],"addresses":[{"freeform":"11200 Broadway St #150","locality":"Pearland","postcode":"77584","region":"TX","country":"US"}],"names":{"primary":"Hallmark","common":null,"rules":null},"sources":[{"property":"","dataset":"Foursquare","license":"Apache-2.0","record_id":"4be6156dd4f7c9b6de662620","update_time":"2026-04-11T00:00:00.000","confidence":0.77,"between":null,"provider":"foursquare","resource":"foursquare","version":"2026-04-14"},{"property":"/properties/confidence","dataset":"Overture","license":"CDLA-Permissive-2.0","record_id":null,"update_time":"2026-08-14T19:46:07Z","confidence":null,"between":null,"provider":"overture","resource":"confidence_calculation","version":"2026-08-14"},{"property":"/properties/operating_status","dataset":"Overture-signals","license":"CDLA-Permissive-2.0","record_id":"9247afc8-813b-42e5-824b-ce8b22270501","update_time":"2026-08-10T22:54:24Z","confidence":1.0,"between":null,"provider":"overture","resource":"operating_status_signal","version":"2026-08-10"}],"operating_status":"open","basic_category":"flowers_and_gifts_store","taxonomy":{"primary":"gift_shop","hierarchy":["shopping","specialty_store","flowers_and_gifts_store","gift_shop"],"alternates":null},"version":2}},{"id":"7eac47b7-336f-4fcf-ad53-01b787beca42","type":"Feature","geometry":{"type":"Point","coordinates":[-95.39267615,29.5524511]},"properties":{"categories":{"primary":"lingerie_store","alternate":["womens_clothing_store","clothing_store"]},"confidence":0.9902192950248718,"websites":["https://www.victoriassecret.com/"],"emails":["customercare@victoriassecret.com"],"socials":["https://www.facebook.com/1911066569173664"],"phones":["+17134361256"],"brand":{"wikidata":null,"names":{"primary":"Victoria's Secret","common":null,"rules":null}},"addresses":[{"freeform":"11200 Broadway St","locality":"Pearland","postcode":"77584","region":"TX","country":"US"}],"names":{"primary":"Victoria's Secret","common":null,"rules":null},"sources":[{"property":"","dataset":"meta","license":"CDLA-Permissive-2.0","record_id":"1911066569173664","update_time":"2026-08-10T00:00:00.000Z","confidence":0.989715039730072,"between":null,"provider":"meta","resource":"meta","version":"2026-08-10"},{"property":"/properties/confidence","dataset":"Overture","license":"CDLA-Permissive-2.0","record_id":null,"update_time":"2026-08-14T19:46:07Z","confidence":null,"between":null,"provider":"overture","resource":"confidence_calculation","version":"2026-08-14"},{"property":"/properties/operating_status","dataset":"Overture-signals","license":"CDLA-Permissive-2.0","record_id":"fac04ad1-1c15-40f0-abd0-fc20ade9dacd","update_time":"2026-08-10T22:54:24Z","confidence":1.0,"between":null,"provider":"overture","resource":"operating_status_signal","version":"2026-08-10"}],"operating_status":"open","basic_category":"fashion_and_apparel_store","taxonomy":{"primary":"lingerie_store","hierarchy":["shopping","fashion_and_apparel_store","clothing_store","lingerie_store"],"alternates":null},"version":8}},{"id":"ff17fe4a-33d1-4469-8837-4c53b978e5a6","type":"Feature","geometry":{"type":"Point","coordinates":[-95.392593775894,29.54993063]},"properties":{"categories":{"primary":"elementary_school","alternate":["public_school","school"]},"confidence":0.8051966428756714,"websites":["www.alvinisd.net/Domain/12"],"socials":["https://www.facebook.com/269284676421686"],"brand":{"wikidata":null,"names":{"primary":null,"common":null,"rules":null}},"addresses":[{"freeform":null,"locality":"Pearland","postcode":null,"region":"TX","country":"US"}],"names":{"primary":"Glenn York Elementary School","common":null,"rules":null},"sources":[{"property":"","dataset":"meta","license":"CDLA-Permissive-2.0","record_id":"269284676421686","update_time":"2026-08-10T00:00:00.000Z","confidence":0.8051966428756714,"between":null,"provider":"meta","resource":"meta","version":"2026-08-10"},{"property":"/properties/confidence","dataset":"Overture","license":"CDLA-Permissive-2.0","record_id":null,"update_time":"2026-08-14T19:46:07Z","confidence":null,"between":null,"provider":"overture","resource":"confidence_calculation","version":"2026-08-14"},{"property":"/properties/operating_status","dataset":"Overture-signals","license":"CDLA-Permissive-2.0","record_id":"b0fbad0b-d54a-47b9-82a9-30e11e62f325","update_time":"2026-07-13T15:52:52Z","confidence":1.0,"between":null,"provider":"overture","resource":"operating_status_signal","version":"2026-07-13"}],"operating_status":"open","basic_category":"elementary_school","taxonomy":{"primary":"elementary_school","hierarchy":["education","place_of_learning","school","elementary_school"],"alternates":null},"version":3}},{"id":"9fd522b3-5a47-41b8-887a-e20b799d6ca8","type":"Feature","geometry":{"type":"Point","coordinates":[-95.3917647,29.5523205]},"properties":{"categories":{"primary":"beauty_salon","alternate":null},"confidence":0.5452808141708374,"websites":["http://www.pearlandtowncenter.com/store/Luu-Luu-Nails-and-Spa/2138844127"],"socials":["https://www.facebook.com/657305624605075"],"phones":["+12138844127"],"brand":{"wikidata":null,"names":{"primary":null,"common":null,"rules":null}},"addresses":[{"freeform":null,"locality":"Pearland","postcode":null,"region":"TX","country":"US"}],"names":{"primary":"Lulu Nails","common":null,"rules":null},"sources":[{"property":"","dataset":"meta","license":"CDLA-Permissive-2.0","record_id":"657305624605075","update_time":"2026-08-10T00:00:00.000Z","confidence":0.5452808141708374,"between":null,"provider":"meta","resource":"meta","version":"2026-08-10"},{"property":"/properties/confidence","dataset":"Overture","license":"CDLA-Permissive-2.0","record_id":null,"update_time":"2026-08-14T19:46:07Z","confidence":null,"between":null,"provider":"overture","resource":"confidence_calculation","version":"2026-08-14"}],"basic_category":"personal_or_beauty_service","taxonomy":{"primary":"beauty_salon","hierarchy":["lifestyle_services","personal_or_beauty_service","beauty_salon"],"alternates":null},"version":8}},{"id":"5fea38c3-aafd-41f8-afa7-e830cc6c367f","type":"Feature","geometry":{"type":"Point","coordinates":[-95.39195142,29.55220785]},"properties":{"categories":{"primary":"nail_salon","alternate":["spas","beauty_salon"]},"confidence":0.9902192950248718,"websites":["http://luuluunailsandspapearland.com"],"socials":["https://www.facebook.com/158203850870390"],"phones":["+17133409999"],"brand":{"wikidata":null,"names":{"primary":null,"common":null,"rules":null}},"addresses":[{"freeform":"11200 Broadway St Suites 1000","locality":"Pearland","postcode":"77584","region":"TX","country":"US"}],"names":{"primary":"Luu Luu Nails and Spa","common":null,"rules":null},"sources":[{"property":"","dataset":"meta","license":"CDLA-Permissive-2.0","record_id":"158203850870390","update_time":"2026-08-10T00:00:00.000Z","confidence":0.854284405708313,"between":null,"provider":"meta","resource":"meta","version":"2026-08-10"},{"property":"/properties/confidence","dataset":"Overture","license":"CDLA-Permissive-2.0","record_id":null,"update_time":"2026-08-14T19:46:07Z","confidence":null,"between":null,"provider":"overture","resource":"confidence_calculation","version":"2026-08-14"},{"property":"/properties/operating_status","dataset":"Overture-signals","license":"CDLA-Permissive-2.0","record_id":"94b026b2-325a-47f0-b8c3-ada9c0d8ec9c","update_time":"2026-08-10T22:54:24Z","confidence":1.0,"between":null,"provider":"overture","resource":"operating_status_signal","version":"2026-08-10"}],"operating_status":"open","basic_category":"personal_or_beauty_service","taxonomy":{"primary":"nail_salon","hierarchy":["lifestyle_services","personal_or_beauty_service","nail_salon"],"alternates":null},"version":10}},{"id":"4e975786-7915-4215-b10e-c48679a11344","type":"Feature","geometry":{"type":"Point","coordinates":[-95.3919954,29.5523593]},"properties":{"categories":{"primary":"optometrist","alternate":["health_and_medical"]},"confidence":0.9722161889076233,"websites":["https://local.lenscrafters.com/tx/pearland/11200-broadway-st.html?cid=yext_5231&y_source=1_MTIxMDkyNC00ODMtbG9jYXRpb24ud2Vic2l0ZQ%3D%3D"],"phones":["7133400397"],"addresses":[{"freeform":"11200 Broadway St, Ste 1010","locality":"Pearland","postcode":"77584","region":"TX","country":"US"}],"names":{"primary":"LensCrafters","common":null,"rules":null},"sources":[{"property":"","dataset":"Microsoft","license":"CDLA-Permissive-2.0","record_id":"562949954783520","update_time":"2025-10-01T22:14:49.523Z","confidence":0.85,"between":null,"provider":"microsoft","resource":"microsoft","version":"2025-10-20"},{"property":"/properties/confidence","dataset":"Overture","license":"CDLA-Permissive-2.0","record_id":null,"update_time":"2026-08-14T19:46:07Z","confidence":null,"between":null,"provider":"overture","resource":"confidence_calculation","version":"2026-08-14"}],"basic_category":"vision_or_eye_care_clinic","taxonomy":{"primary":"optometry","hierarchy":["health_care","outpatient_care_facility","vision_or_eye_care_clinic","optometry"],"alternates":null},"version":9}},{"id":"9dae54be-7f45-470c-a0ea-19769c8215c0","type":"Feature","geometry":{"type":"Point","coordinates":[-95.39194549,29.55251827]},"properties":{"categories":{"primary":"optometrist","alternate":["eyewear_and_optician","eye_care_clinic"]},"confidence":0.9997365728497505,"websites":["https://plvision2020.com/"],"emails":["pearlandvision5231@eyeappts.com"],"socials":["https://www.facebook.com/390084604536080"],"phones":["+17134363857"],"brand":{"wikidata":null,"names":{"primary":null,"common":null,"rules":null}},"addresses":[{"freeform":"11200 Broadway St","locality":"Pearland","postcode":"77584-0085","region":"TX","country":"US"}],"names":{"primary":"Pearland Vision","common":null,"rules":null},"sources":[{"property":"","dataset":"meta","license":"CDLA-Permissive-2.0","record_id":"390084604536080","update_time":"2026-08-10T00:00:00.000Z","confidence":0.9618221521377563,"between":null,"provider":"meta","resource":"meta","version":"2026-08-10"},{"property":"/properties/confidence","dataset":"Overture","license":"CDLA-Permissive-2.0","record_id":null,"update_time":"2026-08-14T19:46:07Z","confidence":null,"between":null,"provider":"overture","resource":"confidence_calculation","version":"2026-08-14"}],"basic_category":"vision_or_eye_care_clinic","taxonomy":{"primary":"optometry","hierarchy":["health_care","outpatient_care_facility","vision_or_eye_care_clinic","optometry"],"alternates":null},"version":10}},{"id":"21164b54-44d1-4c58-96b5-b6437b679550","type":"Feature","geometry":{"type":"Point","coordinates":[-95.3920737,29.5522696]},"properties":{"categories":{"primary":"cosmetic_and_beauty_supplies","alternate":null},"confidence":0.9199122190475464,"brand":{"wikidata":"Q2624442","names":{"primary":"MAC Cosmetics","common":null,"rules":[]}},"addresses":[{"freeform":"11200 Broadway","locality":"Pearland","postcode":"77584","region":"TX","country":"US"}],"names":{"primary":"MAC Cosmetics","common":null,"rules":[{"variant":"short","language":null,"perspectives":null,"value":"M\u00b7A\u00b7C","between":null,"side":null}]},"sources":[{"property":"","dataset":"AllThePlaces","license":"CC0-1.0","record_id":"HDAdNfVGOnRba6UOiddpEFwZNP4=","update_time":"2026-08-05T15:33:36.000Z","confidence":0.8,"between":null,"provider":"alltheplaces","resource":"alltheplaces","version":"2026-08-05"},{"property":"/properties/confidence","dataset":"Overture","license":"CDLA-Permissive-2.0","record_id":null,"update_time":"2026-08-14T19:46:07Z","confidence":null,"between":null,"provider":"overture","resource":"confidence_calculation","version":"2026-08-14"},{"property":"/properties/operating_status","dataset":"Overture-signals","license":"CDLA-Permissive-2.0","record_id":"7e089e64-99d8-4f9a-9c91-a68dc2992164","update_time":"2026-08-10T22:54:24Z","confidence":1.0,"between":null,"provider":"overture","resource":"operating_status_signal","version":"2026-08-10"}],"operating_status":"open","basic_category":"personal_care_and_beauty_store","taxonomy":{"primary":"beauty_supply_store","hierarchy":["shopping","specialty_store","personal_care_and_beauty_store","beauty_supply_store"],"alternates":null},"version":9}},{"id":"b5091cba-1f33-4f4a-9be2-b00b58288a55","type":"Feature","geometry":{"type":"Point","coordinates":[-95.39215228,29.55248119]},"properties":{"categories":{"primary":"shoe_store","alternate":["clothing_store","shopping"]},"confidence":0.9902192950248718,"websites":["https://www.rackroomshoes.com/store/523"],"emails":["customercare@rackroom.com"],"socials":["https://www.facebook.com/100521190009683"],"phones":["+17134364834"],"brand":{"wikidata":null,"names":{"primary":"Rack Room Shoes","common":null,"rules":null}},"addresses":[{"freeform":"11200 Broadway St #1030","locality":"Pearland","postcode":"77584","region":"TX","country":"US"}],"names":{"primary":"Rack Room Shoes","common":null,"rules":null},"sources":[{"property":"","dataset":"meta","license":"CDLA-Permissive-2.0","record_id":"100521190009683","update_time":"2026-08-10T00:00:00.000Z","confidence":0.994688868522644,"between":null,"provider":"meta","resource":"meta","version":"2026-08-10"},{"property":"/properties/confidence","dataset":"Overture","license":"CDLA-Permissive-2.0","record_id":null,"update_time":"2026-08-14T19:46:07Z","confidence":null,"between":null,"provider":"overture","resource":"confidence_calculation","version":"2026-08-14"},{"property":"/properties/operating_status","dataset":"Overture-signals","license":"CDLA-Permissive-2.0","record_id":"14d9afb5-93c3-4650-a2e9-6b6c4d423816","update_time":"2026-08-10T22:54:24Z","confidence":1.0,"between":null,"provider":"overture","resource":"operating_status_signal","version":"2026-08-10"}],"operating_status":"open","basic_category":"fashion_and_apparel_store","taxonomy":{"primary":"shoe_store","hierarchy":["shopping","fashion_and_apparel_store","shoe_store"],"alternates":null},"version":9}},{"id":"6dfd38ab-32e4-4845-b932-e30f07bf4e5e","type":"Feature","geometry":{"type":"Point","coordinates":[-95.39228031,29.55225987]},"properties":{"categories":{"primary":"mens_clothing_store","alternate":["clothing_store","fashion"]},"confidence":0.9451766282320022,"websites":["https://suitwarehouse.com/"],"socials":["https://www.facebook.com/135075587321423"],"phones":["+18326148170"],"brand":{"wikidata":null,"names":{"primary":"Suit warehouse","common":null,"rules":null}},"addresses":[{"freeform":"11200 Broadway St #1035","locality":"Pearland","postcode":"77584","region":"TX","country":"US"}],"names":{"primary":"Suit Warehouse","common":null,"rules":null},"sources":[{"property":"","dataset":"meta","license":"CDLA-Permissive-2.0","record_id":"135075587321423","update_time":"2026-08-10T00:00:00.000Z","confidence":0.8433617949485779,"between":null,"provider":"meta","resource":"meta","version":"2026-08-10"},{"property":"/properties/confidence","dataset":"Overture","license":"CDLA-Permissive-2.0","record_id":null,"update_time":"2026-08-14T19:46:07Z","confidence":null,"between":null,"provider":"overture","resource":"confidence_calculation","version":"2026-08-14"}],"basic_category":"fashion_and_apparel_store","taxonomy":{"primary":"mens_clothing_store","hierarchy":["shopping","fashion_and_apparel_store","clothing_store","mens_clothing_store"],"alternates":null},"version":10}},{"id":"bb808476-e929-4888-a302-e6169a820d03","type":"Feature","geometry":{"type":"Point","coordinates":[-95.39244710719507,29.552203205178525]},"properties":{"categories":{"primary":"hotel","alternate":["accommodation"]},"confidence":0.9958821535110474,"websites":["https://www.marriott.com/hotels/travel/houcp-courtyard-houston-pearland/?scid=5d6c9ba8-fdb3-45cd-90d4-fc3cbfe3681c&y_source=1_NjUwMjk2LTU1OS1sb2NhdGlvbi53ZWJzaXRl"],"emails":["yc@banyan-ig.com"],"socials":["https://www.facebook.com/1449170808663948"],"phones":["+17134130500"],"brand":{"wikidata":null,"names":{"primary":"Courtyard by Marriott","common":null,"rules":null}},"addresses":[{"freeform":"11200 Broadway St","locality":"Pearland","postcode":"77584","region":"TX","country":"US"}],"names":{"primary":"Courtyard by Marriott Houston Pearland","common":null,"rules":null},"sources":[{"property":"","dataset":"meta","license":"CDLA-Permissive-2.0","record_id":"1449170808663948","update_time":"2026-08-10T00:00:00.000Z","confidence":0.9966676831245422,"between":null,"provider":"meta","resource":"meta","version":"2026-08-10"},{"property":"/properties/confidence","dataset":"Overture","license":"CDLA-Permissive-2.0","record_id":null,"update_time":"2026-08-14T19:46:07Z","confidence":null,"between":null,"provider":"overture","resource":"confidence_calculation","version":"2026-08-14"},{"property":"/properties/operating_status","dataset":"Overture-signals","license":"CDLA-Permissive-2.0","record_id":"795145ab-fbc7-448f-b7b7-4983f1e6bbd3","update_time":"2026-08-10T22:54:24Z","confidence":1.0,"between":null,"provider":"overture","resource":"operating_status_signal","version":"2026-08-10"}],"operating_status":"permanently_closed","basic_category":"hotel","taxonomy":{"primary":"hotel","hierarchy":["lodging","hotel"],"alternates":null},"version":9}},{"id":"28e2627b-c198-49de-b427-81a8e6b7f35e","type":"Feature","geometry":{"type":"Point","coordinates":[-95.392462,29.552411]},"properties":{"categories":{"primary":"jewelry_store","alternate":null},"confidence":0.9199122190475464,"websites":["https://www.zales.com","https://stores.zales.com/tx/pearland/394?cid=seo-listings"],"socials":["https://www.facebook.com/Zales/","https://www.instagram.com/zalesjewelers","https://www.pinterest.com/zalesjewelers/","https://www.tiktok.com/@zalesjewelers","https://www.twitter.com/ZalesJewelers","https://www.youtube.com/@zales"],"phones":["+17134363156","+18559154139"],"addresses":[{"freeform":"11200 Broadway St.","locality":"Pearland","postcode":"77584-9785","region":"TX","country":"US"}],"names":{"primary":"Zales","common":null,"rules":null},"sources":[{"property":"","dataset":"DAC","license":"CDLA-Permissive-2.0","record_id":"overture:places:place:9000558718","update_time":"2026-08-11T20:47:18.614Z","confidence":1.0,"between":null,"provider":"dac","resource":"dac","version":"2026-08-10"},{"property":"/properties/confidence","dataset":"Overture","license":"CDLA-Permissive-2.0","record_id":null,"update_time":"2026-08-14T19:46:07Z","confidence":null,"between":null,"provider":"overture","resource":"confidence_calculation","version":"2026-08-14"},{"property":"/properties/operating_status","dataset":"Overture-signals","license":"CDLA-Permissive-2.0","record_id":"ca4b5a93-d554-4b6e-8fb3-00f52a34d93b","update_time":"2026-08-10T22:54:24Z","confidence":1.0,"between":null,"provider":"overture","resource":"operating_status_signal","version":"2026-08-10"}],"operating_status":"open","basic_category":"fashion_and_apparel_store","taxonomy":{"primary":"jewelry_store","hierarchy":["shopping","fashion_and_apparel_store","jewelry_store"],"alternates":null},"version":9}},{"id":"f3df6b0e-7538-47b5-b16c-5258375d5314","type":"Feature","geometry":{"type":"Point","coordinates":[-95.3923735,29.55338447]},"properties":{"categories":{"primary":"sporting_goods","alternate":["outdoor_gear","sports_wear"]},"confidence":0.9722161889076233,"websites":["http://www.dickssportinggoods.com"],"emails":["customer.service@dcsg.com"],"socials":["https://www.facebook.com/885546234925979"],"phones":["+12816774355"],"brand":{"wikidata":null,"names":{"primary":"DICK'S Sporting Goods","common":null,"rules":null}},"addresses":[{"freeform":"11200 Broadway Street Pearland Town Center","locality":"Pearland","postcode":"77584","region":"TX","country":"US"}],"names":{"primary":"Dick's Sporting Goods","common":null,"rules":null},"sources":[{"property":"","dataset":"meta","license":"CDLA-Permissive-2.0","record_id":"885546234925979","update_time":"2026-08-10T00:00:00.000Z","confidence":0.9964656829833984,"between":null,"provider":"meta","resource":"meta","version":"2026-08-10"},{"property":"/properties/confidence","dataset":"Overture","license":"CDLA-Permissive-2.0","record_id":null,"update_time":"2026-08-14T19:46:07Z","confidence":null,"between":null,"provider":"overture","resource":"confidence_calculation","version":"2026-08-14"},{"property":"/properties/operating_status","dataset":"Overture-signals","license":"CDLA-Permissive-2.0","record_id":"b4ea2f7c-167d-487d-8ca5-a4745492383b","update_time":"2026-07-13T15:52:52Z","confidence":1.0,"between":null,"provider":"overture","resource":"operating_status_signal","version":"2026-07-13"}],"operating_status":"open","basic_category":"sporting_goods_store","taxonomy":{"primary":"sporting_goods_store","hierarchy":["shopping","specialty_store","sporting_goods_store"],"alternates":null},"version":11}},{"id":"da345488-c059-40ce-a0e8-a1a4d5178ca5","type":"Feature","geometry":{"type":"Point","coordinates":[-95.39227261,29.55293254]},"properties":{"categories":{"primary":"childrens_clothing_store","alternate":["clothing_store"]},"confidence":0.9995038698807359,"websites":["http://www.childrensplace.com"],"socials":["https://www.facebook.com/1227680383764065"],"phones":["+17134361654"],"brand":{"wikidata":null,"names":{"primary":"The Children's Place","common":null,"rules":null}},"addresses":[{"freeform":"11200 Broadway","locality":"Pearland","postcode":"77584","region":"TX","country":"US"}],"names":{"primary":"The Children's Place","common":null,"rules":null},"sources":[{"property":"","dataset":"meta","license":"CDLA-Permissive-2.0","record_id":"1227680383764065","update_time":"2026-08-10T00:00:00.000Z","confidence":0.9680431485176086,"between":null,"provider":"meta","resource":"meta","version":"2026-08-10"},{"property":"/properties/confidence","dataset":"Overture","license":"CDLA-Permissive-2.0","record_id":null,"update_time":"2026-08-14T19:46:07Z","confidence":null,"between":null,"provider":"overture","resource":"confidence_calculation","version":"2026-08-14"}],"basic_category":"fashion_and_apparel_store","taxonomy":{"primary":"childrens_clothing_store","hierarchy":["shopping","fashion_and_apparel_store","clothing_store","childrens_clothing_store"],"alternates":null},"version":11}},{"id":"45434b4f-cb11-4fbc-a04a-ad245a5caead","type":"Feature","geometry":{"type":"Point","coordinates":[-95.39221825,29.55275204]},"properties":{"categories":{"primary":"boutique","alternate":["clothing_store"]},"confidence":0.9722161889076233,"emails":["support@shopthefamousmarket.com"],"socials":["https://www.facebook.com/622856470921664"],"phones":["+13465623192"],"brand":{"wikidata":null,"names":{"primary":null,"common":null,"rules":null}},"addresses":[{"freeform":"11200 Broadway St Ste 940","locality":"Pearland","postcode":"77584","region":"TX","country":"US"}],"names":{"primary":"Shop The Famous Market","common":null,"rules":null},"sources":[{"property":"","dataset":"meta","license":"CDLA-Permissive-2.0","record_id":"622856470921664","update_time":"2026-08-10T00:00:00.000Z","confidence":0.9119692444801331,"between":null,"provider":"meta","resource":"meta","version":"2026-08-10"},{"property":"/properties/confidence","dataset":"Overture","license":"CDLA-Permissive-2.0","record_id":null,"update_time":"2026-08-14T19:46:07Z","confidence":null,"between":null,"provider":"overture","resource":"confidence_calculation","version":"2026-08-14"},{"property":"/properties/operating_status","dataset":"Overture-signals","license":"CDLA-Permissive-2.0","record_id":"9c8cd576-d1f5-42cc-a410-fc189d4ce44e","update_time":"2026-08-10T22:54:24Z","confidence":1.0,"between":null,"provider":"overture","resource":"operating_status_signal","version":"2026-08-10"}],"operating_status":"open","basic_category":"fashion_and_apparel_store","taxonomy":{"primary":"fashion_boutique","hierarchy":["shopping","fashion_and_apparel_store","fashion_boutique"],"alternates":null},"version":7}},{"id":"354bff9e-40ee-431c-92e1-75db2cdaf395","type":"Feature","geometry":{"type":"Point","coordinates":[-95.3916041,29.55457854]},"properties":{"categories":{"primary":"breakfast_and_brunch_restaurant","alternate":["restaurant","diner"]},"confidence":0.9959057569503784,"websites":["https://www.brunch-junction.com/"],"socials":["https://www.facebook.com/445903028600719"],"phones":["+12818095951"],"brand":{"wikidata":null,"names":{"primary":null,"common":null,"rules":null}},"addresses":[{"freeform":"3030 Business Center Dr","locality":"Pearland","postcode":"77584","region":"TX","country":"US"}],"names":{"primary":"Brunch Junction","common":null,"rules":null},"sources":[{"property":"","dataset":"meta","license":"CDLA-Permissive-2.0","record_id":"445903028600719","update_time":"2026-08-10T00:00:00.000Z","confidence":0.9257693290710449,"between":null,"provider":"meta","resource":"meta","version":"2026-08-10"},{"property":"/properties/confidence","dataset":"Overture","license":"CDLA-Permissive-2.0","record_id":null,"update_time":"2026-08-14T19:46:07Z","confidence":null,"between":null,"provider":"overture","resource":"confidence_calculation","version":"2026-08-14"},{"property":"/properties/operating_status","dataset":"Overture-signals","license":"CDLA-Permissive-2.0","record_id":"5d97d450-b592-4f5f-842a-a9e24c515a36","update_time":"2026-08-10T22:54:24Z","confidence":1.0,"between":null,"provider":"overture","resource":"operating_status_signal","version":"2026-08-10"}],"operating_status":"open","basic_category":"restaurant","taxonomy":{"primary":"breakfast_and_brunch_restaurant","hierarchy":["food_and_drink","restaurant","breakfast_and_brunch_restaurant"],"alternates":null},"version":10}},{"id":"298a92df-7f49-49fe-a502-5d378eb0ae3a","type":"Feature","geometry":{"type":"Point","coordinates":[-95.3915641779098,29.554578000000003]},"properties":{"categories":{"primary":"american_restaurant","alternate":null},"confidence":0.9199122190475464,"websites":["https://www.steaknshake.com/locations/tx-pearland-business-center-dr/"],"socials":["https://www.twitter.com/steaknshake","https://www.facebook.com/177163439143117","https://www.instagram.com/steaknshake"],"phones":["(713) 340-1064"],"addresses":[{"freeform":"3030 Business Center Dr","locality":"Pearland","postcode":"77584","region":"TX","country":"US"}],"names":{"primary":"Steak 'n Shake","common":null,"rules":null},"sources":[{"property":"","dataset":"Foursquare","license":"Apache-2.0","record_id":"4fbb983fe4b04df08f2d808e","update_time":"2025-08-19T00:00:00.000","confidence":0.77,"between":null,"provider":"foursquare","resource":"foursquare","version":"2026-04-14"},{"property":"/properties/confidence","dataset":"Overture","license":"CDLA-Permissive-2.0","record_id":null,"update_time":"2026-08-14T19:46:07Z","confidence":null,"between":null,"provider":"overture","resource":"confidence_calculation","version":"2026-08-14"},{"property":"/properties/operating_status","dataset":"Overture-signals","license":"CDLA-Permissive-2.0","record_id":"2a9b8767-8128-40d5-84c5-3c8fe4d6d1b8","update_time":"2026-08-10T22:54:24Z","confidence":1.0,"between":null,"provider":"overture","resource":"operating_status_signal","version":"2026-08-10"}],"operating_status":"open","basic_category":"restaurant","taxonomy":{"primary":"american_restaurant","hierarchy":["food_and_drink","restaurant","north_american_restaurant","american_restaurant"],"alternates":null},"version":3}},{"id":"404b2e4c-c7bf-4ae2-8658-6f5c6bf83387","type":"Feature","geometry":{"type":"Point","coordinates":[-95.391566,29.554565]},"properties":{"categories":{"primary":"plumbing","alternate":["water_heater_installation_repair"]},"confidence":0.9199122190475464,"websites":["https://pearland--plumbing.com/"],"phones":["2814074229"],"addresses":[{"freeform":"3030 Business Center Dr","locality":"Pearland","postcode":"77584","region":"TX","country":"US"}],"names":{"primary":"Pro Pearland Plumbing","common":null,"rules":null},"sources":[{"property":"","dataset":"Microsoft","license":"CDLA-Permissive-2.0","record_id":"1688849864319261","update_time":"2024-04-22T06:34:19.690Z","confidence":0.85,"between":null,"provider":"microsoft","resource":"microsoft","version":"2025-10-20"},{"property":"/properties/confidence","dataset":"Overture","license":"CDLA-Permissive-2.0","record_id":null,"update_time":"2026-08-14T19:46:07Z","confidence":null,"between":null,"provider":"overture","resource":"confidence_calculation","version":"2026-08-14"},{"property":"/properties/operating_status","dataset":"Overture-signals","license":"CDLA-Permissive-2.0","record_id":"b9276d27-ddde-4098-81e4-6fc598194ed3","update_time":"2026-08-10T22:54:24Z","confidence":1.0,"between":null,"provider":"overture","resource":"operating_status_signal","version":"2026-08-10"}],"operating_status":"open","basic_category":"home_service","taxonomy":{"primary":"plumbing","hierarchy":["services_and_business","home_service","plumbing"],"alternates":null},"version":7}},{"id":"25366697-8eff-4d85-8d9d-dfe141d26719","type":"Feature","geometry":{"type":"Point","coordinates":[-95.391579,29.5545456]},"properties":{"categories":{"primary":"breakfast_and_brunch_restaurant","alternate":null},"confidence":0.9199122190475464,"websites":["http://www.eggcellencecafe.com"],"phones":["+12818093469"],"addresses":[{"freeform":"3030 Business Center Dr","locality":"Pearland","postcode":"77584-2175","region":"TX","country":"US"}],"names":{"primary":"Eggcellence Cafe & Bakery","common":null,"rules":null},"sources":[{"property":"","dataset":"BrightQuery","license":"CDLA-Permissive-2.0","record_id":"93313904","update_time":"2026-08-13T13:23:42.875Z","confidence":0.55,"between":null,"provider":"brightquery","resource":"brightquery","version":"2026-08-10"},{"property":"/properties/confidence","dataset":"Overture","license":"CDLA-Permissive-2.0","record_id":null,"update_time":"2026-08-14T19:46:07Z","confidence":null,"between":null,"provider":"overture","resource":"confidence_calculation","version":"2026-08-14"},{"property":"/properties/operating_status","dataset":"Overture-signals","license":"CDLA-Permissive-2.0","record_id":"52baa9f1-450d-4432-8df4-497ce9a08a9c","update_time":"2026-08-10T22:54:24Z","confidence":1.0,"between":null,"provider":"overture","resource":"operating_status_signal","version":"2026-08-10"}],"operating_status":"open","basic_category":"restaurant","taxonomy":{"primary":"breakfast_and_brunch_restaurant","hierarchy":["food_and_drink","restaurant","breakfast_and_brunch_restaurant"],"alternates":null},"version":5}},{"id":"7fcbe814-c99f-4f70-b554-2617d23baee1","type":"Feature","geometry":{"type":"Point","coordinates":[-95.391696,29.555016]},"properties":{"categories":{"primary":"seafood_restaurant","alternate":["restaurant"]},"confidence":0.9727244973182678,"websites":["http://www.redlobster.com/locator_g/default.aspx?q=77584&RestaurantID=6344&cmpid=rl_ll_bing"],"phones":["7133400290"],"addresses":[{"freeform":"11104 Broadway St","locality":"Pearland","postcode":"77584","region":"TX","country":"US"}],"names":{"primary":"Red Lobster","common":null,"rules":null},"sources":[{"property":"","dataset":"Microsoft","license":"CDLA-Permissive-2.0","record_id":"1407374883628451","update_time":"2014-02-18T14:44:39.423Z","confidence":0.85,"between":null,"provider":"microsoft","resource":"microsoft","version":"2025-10-20"},{"property":"/properties/confidence","dataset":"Overture","license":"CDLA-Permissive-2.0","record_id":null,"update_time":"2026-08-14T19:46:07Z","confidence":null,"between":null,"provider":"overture","resource":"confidence_calculation","version":"2026-08-14"},{"property":"/properties/operating_status","dataset":"Overture-signals","license":"CDLA-Permissive-2.0","record_id":"edbf895b-bd30-4321-8c57-9758d2bbb086","update_time":"2026-08-10T22:54:24Z","confidence":1.0,"between":null,"provider":"overture","resource":"operating_status_signal","version":"2026-08-10"}],"operating_status":"open","basic_category":"restaurant","taxonomy":{"primary":"seafood_restaurant","hierarchy":["food_and_drink","restaurant","seafood_restaurant"],"alternates":null},"version":8}},{"id":"c6910bed-ac05-4a5c-90ec-9fc9136401e2","type":"Feature","geometry":{"type":"Point","coordinates":[-95.39162636413901,29.555133674743008]},"properties":{"categories":{"primary":"seafood_restaurant","alternate":["restaurant","american_restaurant"]},"confidence":0.927869439125061,"websites":["https://www.craftycrabrestaurant.com/location/crafty-crab-tx-pearland/"],"socials":["https://www.facebook.com/100140782454943"],"phones":["+18328561111"],"brand":{"wikidata":null,"names":{"primary":"Crafty Crab - Melbourne","common":null,"rules":null}},"addresses":[{"freeform":"11104 W Broadway St","locality":"Pearland","postcode":"77584","region":"TX","country":"US"}],"names":{"primary":"Crafty Crab","common":null,"rules":null},"sources":[{"property":"","dataset":"meta","license":"CDLA-Permissive-2.0","record_id":"100140782454943","update_time":"2026-08-10T00:00:00.000Z","confidence":0.9140706062316895,"between":null,"provider":"meta","resource":"meta","version":"2026-08-10"},{"property":"/properties/confidence","dataset":"Overture","license":"CDLA-Permissive-2.0","record_id":null,"update_time":"2026-08-14T19:46:07Z","confidence":null,"between":null,"provider":"overture","resource":"confidence_calculation","version":"2026-08-14"},{"property":"/properties/operating_status","dataset":"Overture-signals","license":"CDLA-Permissive-2.0","record_id":"cc61480a-32aa-4967-833f-97c2ecd4ddb2","update_time":"2026-08-10T22:54:24Z","confidence":1.0,"between":null,"provider":"overture","resource":"operating_status_signal","version":"2026-08-10"}],"operating_status":"open","basic_category":"restaurant","taxonomy":{"primary":"seafood_restaurant","hierarchy":["food_and_drink","restaurant","seafood_restaurant"],"alternates":null},"version":9}},{"id":"068e15c2-61a8-4a00-b6f9-39c7064f50ae","type":"Feature","geometry":{"type":"Point","coordinates":[-95.392241,29.555083]},"properties":{"categories":{"primary":"health_and_medical","alternate":null},"confidence":0.95,"websites":["edmg.net"],"addresses":[{"freeform":"11130 Broadway St","locality":"Pearland","postcode":"77584-9754","region":"TX","country":"US"}],"names":{"primary":"Edmg, Llc","common":null,"rules":null},"sources":[{"property":"","dataset":"BrightQuery","license":"CDLA-Permissive-2.0","record_id":"386529716","update_time":"2026-08-13T13:23:42.875Z","confidence":0.95,"between":null,"provider":"brightquery","resource":"brightquery","version":"2026-08-10"},{"property":"/properties/confidence","dataset":"Overture","license":"CDLA-Permissive-2.0","record_id":null,"update_time":"2026-08-14T19:46:07Z","confidence":null,"between":null,"provider":"overture","resource":"confidence_calculation","version":"2026-08-14"}],"operating_status":"open","basic_category":"health_care","taxonomy":{"primary":"health_care","hierarchy":["health_care"],"alternates":null},"version":1}},{"id":"68d0426d-d617-4321-86f5-22c662a07821","type":"Feature","geometry":{"type":"Point","coordinates":[-95.39232949,29.55533577]},"properties":{"categories":{"primary":"emergency_room","alternate":["medical_center"]},"confidence":0.9902192950248718,"websites":["https://nec24.com/locations/pearland"],"socials":["https://www.facebook.com/676521108867951"],"phones":["+17133521379"],"brand":{"wikidata":null,"names":{"primary":null,"common":null,"rules":null}},"addresses":[{"freeform":"11130 W Broadway St","locality":"Pearland","postcode":"77584","region":"TX","country":"US"}],"names":{"primary":"Neighbors Emergency Center | ER in Pearland","common":null,"rules":null},"sources":[{"property":"","dataset":"meta","license":"CDLA-Permissive-2.0","record_id":"676521108867951","update_time":"2026-08-10T00:00:00.000Z","confidence":0.9224727153778076,"between":null,"provider":"meta","resource":"meta","version":"2026-08-10"},{"property":"/properties/confidence","dataset":"Overture","license":"CDLA-Permissive-2.0","record_id":null,"update_time":"2026-08-14T19:46:07Z","confidence":null,"between":null,"provider":"overture","resource":"confidence_calculation","version":"2026-08-14"},{"property":"/properties/operating_status","dataset":"Overture-signals","license":"CDLA-Permissive-2.0","record_id":"e8884301-e678-423b-a8da-70f1ae6f3f99","update_time":"2026-08-10T22:54:24Z","confidence":1.0,"between":null,"provider":"overture","resource":"operating_status_signal","version":"2026-08-10"}],"operating_status":"open","basic_category":"emergency_department","taxonomy":{"primary":"emergency_department","hierarchy":["health_care","emergency_or_urgent_care_facility","emergency_department"],"alternates":null},"version":13}},{"id":"fe4e7dad-c163-4430-b141-2278face4f46","type":"Feature","geometry":{"type":"Point","coordinates":[-95.3923336,29.5553321]},"properties":{"categories":{"primary":"package_locker","alternate":null},"confidence":0.8,"brand":{"wikidata":"Q16974764","names":{"primary":"Amazon Locker","common":null,"rules":[]}},"addresses":[{"freeform":"Neighbors Emergency Center, 11130 Broadway St","locality":"Pearland","postcode":"77584-9754","region":"TX","country":"US"}],"names":{"primary":"Amazon Locker - Artifact","common":null,"rules":[]},"sources":[{"property":"","dataset":"AllThePlaces","license":"CC0-1.0","record_id":"lVLcr4Y-ecKWRXf-9SBOswzlInM=","update_time":"2026-08-05T15:33:36.000Z","confidence":0.8,"between":null,"provider":"alltheplaces","resource":"alltheplaces","version":"2026-08-05"},{"property":"/properties/confidence","dataset":"Overture","license":"CDLA-Permissive-2.0","record_id":null,"update_time":"2026-08-14T19:46:07Z","confidence":null,"between":null,"provider":"overture","resource":"confidence_calculation","version":"2026-08-14"},{"property":"/properties/operating_status","dataset":"Overture-signals","license":"CDLA-Permissive-2.0","record_id":"26a5a779-4941-45c3-ad19-48ce2301b46b","update_time":"2026-08-10T22:54:24Z","confidence":1.0,"between":null,"provider":"overture","resource":"operating_status_signal","version":"2026-08-10"}],"operating_status":"open","basic_category":"storage_facility","taxonomy":{"primary":"package_locker","hierarchy":["services_and_business","storage_facility","package_locker"],"alternates":null},"version":4}},{"id":"b6e072b8-9bad-4bfb-b282-a19ca2adb7b8","type":"Feature","geometry":{"type":"Point","coordinates":[-95.39286276,29.55546326]},"properties":{"categories":{"primary":"real_estate_service","alternate":["real_estate_agent","real_estate_service"]},"confidence":0.9962793554365635,"websites":["http://www.newhomejames.com"],"emails":["james@newhomejames.com"],"socials":["https://www.facebook.com/341027861142"],"phones":["+18003019122"],"brand":{"wikidata":null,"names":{"primary":null,"common":null,"rules":null}},"addresses":[{"freeform":"11200 Broadway St","locality":"Pearland","postcode":"77584-0085","region":"TX","country":"US"}],"names":{"primary":"James Potenza Texas Buyer Realty","common":null,"rules":null},"sources":[{"property":"","dataset":"meta","license":"CDLA-Permissive-2.0","record_id":"341027861142","update_time":"2026-08-10T00:00:00.000Z","confidence":0.8921552300453186,"between":null,"provider":"meta","resource":"meta","version":"2026-08-10"},{"property":"/properties/confidence","dataset":"Overture","license":"CDLA-Permissive-2.0","record_id":null,"update_time":"2026-08-14T19:46:07Z","confidence":null,"between":null,"provider":"overture","resource":"confidence_calculation","version":"2026-08-14"}],"basic_category":"real_estate_service","taxonomy":{"primary":"real_estate_service","hierarchy":["services_and_business","real_estate_service"],"alternates":null},"version":8}},{"id":"b57c95ce-cc79-4b65-97b2-07d484994d44","type":"Feature","geometry":{"type":"Point","coordinates":[-95.3930518927707,29.55521376797372]},"properties":{"categories":{"primary":"diagnostic_services","alternate":null},"confidence":0.77,"websites":["https://yourcustomeyes.com"],"socials":["https://www.facebook.com/260713134058443","https://www.instagram.com/your.custom.eyes"],"phones":["(713) 436-6000"],"addresses":[{"freeform":"11150 Broadway St Ste 100","locality":"Pearland","postcode":"77584","region":"TX","country":"US"}],"names":{"primary":"Customeyes Family Eye Care & Optical","common":null,"rules":null},"sources":[{"property":"","dataset":"Foursquare","license":"Apache-2.0","record_id":"59f1a8566cf01a1ab4476899","update_time":"2021-11-04T00:00:00.000","confidence":0.77,"between":null,"provider":"foursquare","resource":"foursquare","version":"2026-04-14"},{"property":"/properties/confidence","dataset":"Overture","license":"CDLA-Permissive-2.0","record_id":null,"update_time":"2026-08-14T19:46:07Z","confidence":null,"between":null,"provider":"overture","resource":"confidence_calculation","version":"2026-08-14"}],"basic_category":"diagnostics_imaging_or_lab_service","taxonomy":{"primary":"doctors_office","hierarchy":["health_care","outpatient_care_facility","diagnostics_imaging_or_lab_service","doctors_office"],"alternates":null},"version":7}},{"id":"1b87a947-c0c0-4f66-b0b3-817aedeff820","type":"Feature","geometry":{"type":"Point","coordinates":[-95.392885,29.555197]},"properties":{"categories":{"primary":"optometrist","alternate":null},"confidence":0.65,"websites":["https://yourcustomeyes.com"],"phones":["17134366000"],"addresses":[{"freeform":"11150 Broadway St  Ste 100","locality":"Pearland","postcode":"77584-2474","region":"TX","country":"US"}],"names":{"primary":"Dr. Sejal Patel","common":null,"rules":null},"sources":[{"property":"","dataset":"BrightQuery","license":"CDLA-Permissive-2.0","record_id":"104698778","update_time":"2026-08-13T13:23:42.875Z","confidence":0.65,"between":null,"provider":"brightquery","resource":"brightquery","version":"2026-08-10"},{"property":"/properties/confidence","dataset":"Overture","license":"CDLA-Permissive-2.0","record_id":null,"update_time":"2026-08-14T19:46:07Z","confidence":null,"between":null,"provider":"overture","resource":"confidence_calculation","version":"2026-08-14"}],"operating_status":"open","basic_category":"vision_or_eye_care_clinic","taxonomy":{"primary":"optometry","hierarchy":["health_care","outpatient_care_facility","vision_or_eye_care_clinic","optometry"],"alternates":null},"version":1}},{"id":"2c22a8e5-3ea1-467b-9680-29614b75798c","type":"Feature","geometry":{"type":"Point","coordinates":[-95.39285594,29.55521098]},"properties":{"categories":{"primary":"optometrist","alternate":["eyewear_and_optician"]},"confidence":0.9199122190475464,"websites":["https://yourcustomeyes.com"],"emails":["admin@yourcustomeyes.com"],"socials":["https://www.facebook.com/260713134058443"],"phones":["+17134366000"],"brand":{"wikidata":null,"names":{"primary":null,"common":null,"rules":null}},"addresses":[{"freeform":"11150 Broadway St","locality":"Pearland","postcode":"77584-2473","region":"TX","country":"US"}],"names":{"primary":"CustomEyes Pearland","common":null,"rules":null},"sources":[{"property":"","dataset":"meta","license":"CDLA-Permissive-2.0","record_id":"260713134058443","update_time":"2026-08-10T00:00:00.000Z","confidence":0.9721618890762329,"between":null,"provider":"meta","resource":"meta","version":"2026-08-10"},{"property":"/properties/confidence","dataset":"Overture","license":"CDLA-Permissive-2.0","record_id":null,"update_time":"2026-08-14T19:46:07Z","confidence":null,"between":null,"provider":"overture","resource":"confidence_calculation","version":"2026-08-14"},{"property":"/properties/operating_status","dataset":"Overture-signals","license":"CDLA-Permissive-2.0","record_id":"f1a3a7a3-103b-4266-acbb-4c23eb069ad6","update_time":"2026-08-10T22:54:24Z","confidence":1.0,"between":null,"provider":"overture","resource":"operating_status_signal","version":"2026-08-10"}],"operating_status":"open","basic_category":"vision_or_eye_care_clinic","taxonomy":{"primary":"optometry","hierarchy":["health_care","outpatient_care_facility","vision_or_eye_care_clinic","optometry"],"alternates":null},"version":9}},{"id":"b76b44fe-d0ab-4e50-8ee0-141f58843541","type":"Feature","geometry":{"type":"Point","coordinates":[-95.39271611163157,29.552844319097325]},"properties":{"categories":{"primary":"costume_store","alternate":null},"confidence":0.9199122190475464,"websites":["https://stores.spirithalloween.com/tx/pearland/halloween-store-71028.html?utm_inex=e"],"socials":["https://www.twitter.com/spirithalloween","https://www.facebook.com/84599900399"],"phones":["(866) 586-0155"],"addresses":[{"freeform":"11200 Broadway St Ste 900","locality":"Pearland","postcode":"77584","region":"TX","country":"US"}],"names":{"primary":"Spirit Halloween","common":null,"rules":null},"sources":[{"property":"","dataset":"Foursquare","license":"Apache-2.0","record_id":"4e6d1fcfd22d73aa3e9bad1c","update_time":"2022-10-20T00:00:00.000","confidence":0.77,"between":null,"provider":"foursquare","resource":"foursquare","version":"2026-04-14"},{"property":"/properties/confidence","dataset":"Overture","license":"CDLA-Permissive-2.0","record_id":null,"update_time":"2026-08-14T19:46:07Z","confidence":null,"between":null,"provider":"overture","resource":"confidence_calculation","version":"2026-08-14"},{"property":"/properties/operating_status","dataset":"Overture-signals","license":"CDLA-Permissive-2.0","record_id":"5e6b1c92-ff8a-448e-85f7-441b4d23ab1c","update_time":"2026-08-10T22:54:24Z","confidence":1.0,"between":null,"provider":"overture","resource":"operating_status_signal","version":"2026-08-10"}],"operating_status":"open","basic_category":"arts_crafts_and_hobby_store","taxonomy":{"primary":"costume_store","hierarchy":["shopping","specialty_store","arts_crafts_and_hobby_store","costume_store"],"alternates":null},"version":4}},{"id":"8391048b-5a53-49ea-97d9-b60ada1a3c0b","type":"Feature","geometry":{"type":"Point","coordinates":[-95.39289904,29.55276508]},"properties":{"categories":{"primary":"boutique","alternate":["womens_clothing_store","clothing_store"]},"confidence":0.9199122190475464,"websites":["http://www.shaudchic.com/"],"emails":["info@shaudchic.com"],"socials":["https://www.facebook.com/106142017785181"],"phones":["+18322953232"],"brand":{"wikidata":null,"names":{"primary":null,"common":null,"rules":null}},"addresses":[{"freeform":"11200 Broadway St Suite 780","locality":"Pearland","postcode":"77584","region":"TX","country":"US"}],"names":{"primary":"ShAud Chic","common":null,"rules":null},"sources":[{"property":"","dataset":"meta","license":"CDLA-Permissive-2.0","record_id":"106142017785181","update_time":"2026-08-10T00:00:00.000Z","confidence":0.9208866357803345,"between":null,"provider":"meta","resource":"meta","version":"2026-08-10"},{"property":"/properties/confidence","dataset":"Overture","license":"CDLA-Permissive-2.0","record_id":null,"update_time":"2026-08-14T19:46:07Z","confidence":null,"between":null,"provider":"overture","resource":"confidence_calculation","version":"2026-08-14"},{"property":"/properties/operating_status","dataset":"Overture-signals","license":"CDLA-Permissive-2.0","record_id":"b1ba12b0-10cd-4e91-86a9-fa472afcddfe","update_time":"2026-08-10T22:54:24Z","confidence":1.0,"between":null,"provider":"overture","resource":"operating_status_signal","version":"2026-08-10"}],"operating_status":"open","basic_category":"fashion_and_apparel_store","taxonomy":{"primary":"fashion_boutique","hierarchy":["shopping","fashion_and_apparel_store","fashion_boutique"],"alternates":null},"version":10}},{"id":"25efd876-63a5-448d-b092-0164889997b4","type":"Feature","geometry":{"type":"Point","coordinates":[-95.39290748,29.55277991]},"properties":{"categories":{"primary":"lawyer","alternate":["legal_services","personal_injury_law"]},"confidence":0.6929824352264404,"websites":["http://saneslarkin.com/"],"emails":["scott@saneslarkin.com"],"socials":["https://www.facebook.com/2290831441188422"],"phones":["+17137998400"],"brand":{"wikidata":null,"names":{"primary":null,"common":null,"rules":null}},"addresses":[{"freeform":"11200 Broadway St #2703","locality":"Pearland","postcode":"77584","region":"TX","country":"US"}],"names":{"primary":"Rice and Sanes","common":null,"rules":null},"sources":[{"property":"","dataset":"meta","license":"CDLA-Permissive-2.0","record_id":"2290831441188422","update_time":"2026-08-10T00:00:00.000Z","confidence":0.6929824352264404,"between":null,"provider":"meta","resource":"meta","version":"2026-08-10"},{"property":"/properties/confidence","dataset":"Overture","license":"CDLA-Permissive-2.0","record_id":null,"update_time":"2026-08-14T19:46:07Z","confidence":null,"between":null,"provider":"overture","resource":"confidence_calculation","version":"2026-08-14"}],"basic_category":"attorney_or_law_firm","taxonomy":{"primary":"attorney_or_law_firm","hierarchy":["services_and_business","legal_service","attorney_or_law_firm"],"alternates":null},"version":4}},{"id":"fa789801-0273-4926-a59b-1a8ce2281de1","type":"Feature","geometry":{"type":"Point","coordinates":[-95.39290953,29.5528321]},"properties":{"categories":{"primary":"trusts","alternate":["accountant","professional_services"]},"confidence":0.9199122190475464,"websites":["https://getwithmrfox.foxtaxsolutions.com/link-in-bio"],"emails":["support@foxtaxsolutions.com"],"socials":["https://www.facebook.com/1641580859433419"],"phones":["+12813694489"],"brand":{"wikidata":null,"names":{"primary":null,"common":null,"rules":null}},"addresses":[{"freeform":"11200 Broadway St","locality":"Pearland","postcode":"77584-0085","region":"TX","country":"US"}],"names":{"primary":"Fox Tax Solutions","common":null,"rules":null},"sources":[{"property":"","dataset":"meta","license":"CDLA-Permissive-2.0","record_id":"1641580859433419","update_time":"2026-08-10T00:00:00.000Z","confidence":0.7113785147666931,"between":null,"provider":"meta","resource":"meta","version":"2026-08-10"},{"property":"/properties/confidence","dataset":"Overture","license":"CDLA-Permissive-2.0","record_id":null,"update_time":"2026-08-14T19:46:07Z","confidence":null,"between":null,"provider":"overture","resource":"confidence_calculation","version":"2026-08-14"},{"property":"/properties/operating_status","dataset":"Overture-signals","license":"CDLA-Permissive-2.0","record_id":"8bda8035-40b2-4c5c-9212-e65fa7429ded","update_time":"2026-08-10T22:54:24Z","confidence":1.0,"between":null,"provider":"overture","resource":"operating_status_signal","version":"2026-08-10"}],"operating_status":"open","basic_category":"financial_service","taxonomy":{"primary":"trusts","hierarchy":["services_and_business","financial_service","trusts"],"alternates":null},"version":10}},{"id":"edf13b30-1a43-4ca8-b36b-6027400a7cc8","type":"Feature","geometry":{"type":"Point","coordinates":[-95.39291135,29.55280817]},"properties":{"categories":{"primary":"fashion_accessories_store","alternate":null},"confidence":0.9199122190475464,"websites":["https://www.kendrascott.com/stores/tx/pearland/265153"],"phones":["2815471444"],"addresses":[{"freeform":"11200 Broadway St Ste 780","locality":"Pearland","postcode":"77584","region":"TX","country":"US"}],"names":{"primary":"Kendra Scott","common":null,"rules":null},"sources":[{"property":"","dataset":"Microsoft","license":"CDLA-Permissive-2.0","record_id":"1407374891245346","update_time":"2025-09-19T13:34:02.480Z","confidence":0.85,"between":null,"provider":"microsoft","resource":"microsoft","version":"2025-10-20"},{"property":"/properties/confidence","dataset":"Overture","license":"CDLA-Permissive-2.0","record_id":null,"update_time":"2026-08-14T19:46:07Z","confidence":null,"between":null,"provider":"overture","resource":"confidence_calculation","version":"2026-08-14"},{"property":"/properties/operating_status","dataset":"Overture-signals","license":"CDLA-Permissive-2.0","record_id":"97bd02d1-2ff8-4044-996e-5da93062f6e5","update_time":"2026-08-10T22:54:24Z","confidence":1.0,"between":null,"provider":"overture","resource":"operating_status_signal","version":"2026-08-10"}],"operating_status":"open","basic_category":"fashion_and_apparel_store","taxonomy":{"primary":"fashion_accessories_store","hierarchy":["shopping","fashion_and_apparel_store","fashion_accessories_store"],"alternates":null},"version":6}},{"id":"fb0e3d62-9d25-44b5-8faa-1c58e9cc3e09","type":"Feature","geometry":{"type":"Point","coordinates":[-95.3929443359375,29.5529727935791]},"properties":{"categories":{"primary":"maternity_wear","alternate":["clothing_store","retail"]},"confidence":0.9199122190475464,"websites":["http://stores.motherhood.com/s/pearland-town-center"],"phones":["3462916705"],"addresses":[{"freeform":"11200 Broadway St","locality":"Pearland","postcode":"77584","region":"TX","country":"US"}],"names":{"primary":"Motherhood Maternity","common":null,"rules":null},"sources":[{"property":"","dataset":"Microsoft","license":"CDLA-Permissive-2.0","record_id":"2251799814756581","update_time":"2018-08-13T19:34:19.133Z","confidence":0.85,"between":null,"provider":"microsoft","resource":"microsoft","version":"2025-10-20"},{"property":"/properties/confidence","dataset":"Overture","license":"CDLA-Permissive-2.0","record_id":null,"update_time":"2026-08-14T19:46:07Z","confidence":null,"between":null,"provider":"overture","resource":"confidence_calculation","version":"2026-08-14"},{"property":"/properties/operating_status","dataset":"Overture-signals","license":"CDLA-Permissive-2.0","record_id":"7bee0aa5-4055-43f9-89d4-4741223e676c","update_time":"2026-08-10T22:54:24Z","confidence":1.0,"between":null,"provider":"overture","resource":"operating_status_signal","version":"2026-08-10"}],"operating_status":"open","basic_category":"fashion_and_apparel_store","taxonomy":{"primary":"maternity_wear","hierarchy":["shopping","fashion_and_apparel_store","clothing_store","maternity_wear"],"alternates":null},"version":6}},{"id":"d8f55b34-e8db-4a02-8cdf-9cd2ec781166","type":"Feature","geometry":{"type":"Point","coordinates":[-95.392946,29.5529732]},"properties":{"categories":{"primary":"fashion_accessories_store","alternate":["jewelry_store","retail"]},"confidence":0.9199122190475464,"websites":["https://www.charmingcharlie.com/stores/details?stid=275"],"phones":["7134360964"],"addresses":[{"freeform":"11200 Broadway St","locality":"Pearland","postcode":"77584","region":"TX","country":"US"}],"names":{"primary":"Charming Charlie","common":null,"rules":null},"sources":[{"property":"","dataset":"Microsoft","license":"CDLA-Permissive-2.0","record_id":"1970324837360010","update_time":"2019-09-13T23:56:24.950Z","confidence":0.85,"between":null,"provider":"microsoft","resource":"microsoft","version":"2025-10-20"},{"property":"/properties/confidence","dataset":"Overture","license":"CDLA-Permissive-2.0","record_id":null,"update_time":"2026-08-14T19:46:07Z","confidence":null,"between":null,"provider":"overture","resource":"confidence_calculation","version":"2026-08-14"},{"property":"/properties/operating_status","dataset":"Overture-signals","license":"CDLA-Permissive-2.0","record_id":"0b9b2675-617f-48a1-91fe-618a9ffd3a70","update_time":"2026-08-10T22:54:24Z","confidence":1.0,"between":null,"provider":"overture","resource":"operating_status_signal","version":"2026-08-10"}],"operating_status":"open","basic_category":"fashion_and_apparel_store","taxonomy":{"primary":"fashion_accessories_store","hierarchy":["shopping","fashion_and_apparel_store","fashion_accessories_store"],"alternates":null},"version":6}},{"id":"e81ac5fc-0336-463e-ae6e-d84f4a20a43c","type":"Feature","geometry":{"type":"Point","coordinates":[-95.39294809,29.55297774]},"properties":{"categories":{"primary":"real_estate_service","alternate":["real_estate_service","real_estate_agent"]},"confidence":0.9199122190475464,"websites":["http://www.InteroHouston.com/"],"emails":["randall@interohouston.com"],"socials":["https://www.facebook.com/1590201524540096"],"phones":["+17135338133"],"brand":{"wikidata":null,"names":{"primary":"Intero Real Estate Services Houston","common":null,"rules":null}},"addresses":[{"freeform":"11200 Broadway St #2701","locality":"Pearland","postcode":"77584","region":"TX","country":"US"}],"names":{"primary":"Intero Real Estate Services","common":null,"rules":null},"sources":[{"property":"","dataset":"meta","license":"CDLA-Permissive-2.0","record_id":"1590201524540096","update_time":"2026-08-10T00:00:00.000Z","confidence":0.7781450152397156,"between":null,"provider":"meta","resource":"meta","version":"2026-08-10"},{"property":"/properties/confidence","dataset":"Overture","license":"CDLA-Permissive-2.0","record_id":null,"update_time":"2026-08-14T19:46:07Z","confidence":null,"between":null,"provider":"overture","resource":"confidence_calculation","version":"2026-08-14"},{"property":"/properties/operating_status","dataset":"Overture-signals","license":"CDLA-Permissive-2.0","record_id":"b2bfa770-e979-408e-b694-d281b5623994","update_time":"2026-08-10T22:54:24Z","confidence":1.0,"between":null,"provider":"overture","resource":"operating_status_signal","version":"2026-08-10"}],"operating_status":"open","basic_category":"real_estate_service","taxonomy":{"primary":"real_estate_service","hierarchy":["services_and_business","real_estate_service"],"alternates":null},"version":12}},{"id":"bae68e2c-6043-440b-8011-edecdf57df24","type":"Feature","geometry":{"type":"Point","coordinates":[-95.39299368571598,29.55292270661443]},"properties":{"categories":{"primary":"chiropractor","alternate":["health_and_medical"]},"confidence":0.9199122190475464,"websites":["http://www.wholefitchiropractic.com/"],"phones":["8328956546"],"addresses":[{"freeform":"11200 Broadway St Ste 2743","locality":"Pearland","postcode":"77584","region":"TX","country":"US"}],"names":{"primary":"Whole Fit Chiropractic","common":null,"rules":null},"sources":[{"property":"","dataset":"Microsoft","license":"CDLA-Permissive-2.0","record_id":"562949956447301","update_time":"2016-09-19T18:05:40.687Z","confidence":0.85,"between":null,"provider":"microsoft","resource":"microsoft","version":"2025-10-20"},{"property":"/properties/confidence","dataset":"Overture","license":"CDLA-Permissive-2.0","record_id":null,"update_time":"2026-08-14T19:46:07Z","confidence":null,"between":null,"provider":"overture","resource":"confidence_calculation","version":"2026-08-14"},{"property":"/properties/operating_status","dataset":"Overture-signals","license":"CDLA-Permissive-2.0","record_id":"255370fa-5527-461d-933c-5856d41a1ffc","update_time":"2026-08-10T22:54:24Z","confidence":1.0,"between":null,"provider":"overture","resource":"operating_status_signal","version":"2026-08-10"}],"operating_status":"open","basic_category":"complementary_and_alternative_medicine","taxonomy":{"primary":"chiropractic","hierarchy":["health_care","outpatient_care_facility","complementary_and_alternative_medicine","chiropractic"],"alternates":null},"version":6}},{"id":"f8218634-e2e8-48e0-9dcf-d95d24b6e5a3","type":"Feature","geometry":{"type":"Point","coordinates":[-95.39295498,29.55287327]},"properties":{"categories":{"primary":"mortgage_broker","alternate":null},"confidence":0.530833899974823,"websites":["http://www.succedomortgage.com/"],"emails":["contact@succedomortgage.com"],"socials":["https://www.facebook.com/328879833633357"],"phones":["+18328956587"],"brand":{"wikidata":null,"names":{"primary":null,"common":null,"rules":null}},"addresses":[{"freeform":"11200 Broadway St","locality":"Pearland","postcode":"77584-0085","region":"TX","country":"US"}],"names":{"primary":"Wright Mortgage","common":null,"rules":null},"sources":[{"property":"","dataset":"meta","license":"CDLA-Permissive-2.0","record_id":"328879833633357","update_time":"2026-08-10T00:00:00.000Z","confidence":0.530833899974823,"between":null,"provider":"meta","resource":"meta","version":"2026-08-10"},{"property":"/properties/confidence","dataset":"Overture","license":"CDLA-Permissive-2.0","record_id":null,"update_time":"2026-08-14T19:46:07Z","confidence":null,"between":null,"provider":"overture","resource":"confidence_calculation","version":"2026-08-14"}],"basic_category":"financial_service","taxonomy":{"primary":"mortgage_broker","hierarchy":["services_and_business","financial_service","mortgage_broker"],"alternates":null},"version":1}},{"id":"ca17ebf0-39e3-4f1a-bf43-71679a10bd9e","type":"Feature","geometry":{"type":"Point","coordinates":[-95.39305031,29.55269095]},"properties":{"categories":{"primary":"cosmetic_and_beauty_supplies","alternate":["home_goods_store"]},"confidence":0.9902192950248718,"websites":["https://www.bathandbodyworks.com/?cm_mmc=local_BBW02071"],"emails":["customercare@bathandbodyworks.com"],"socials":["https://www.facebook.com/189902377767289"],"phones":["+17134369502"],"brand":{"wikidata":null,"names":{"primary":"Bath & Body Works","common":null,"rules":null}},"addresses":[{"freeform":"11200 Broadway St","locality":"Pearland","postcode":"77584-0085","region":"TX","country":"US"}],"names":{"primary":"Bath & Body Works","common":null,"rules":null},"sources":[{"property":"","dataset":"meta","license":"CDLA-Permissive-2.0","record_id":"189902377767289","update_time":"2026-08-10T00:00:00.000Z","confidence":0.997319757938385,"between":null,"provider":"meta","resource":"meta","version":"2026-08-10"},{"property":"/properties/confidence","dataset":"Overture","license":"CDLA-Permissive-2.0","record_id":null,"update_time":"2026-08-14T19:46:07Z","confidence":null,"between":null,"provider":"overture","resource":"confidence_calculation","version":"2026-08-14"},{"property":"/properties/operating_status","dataset":"Overture-signals","license":"CDLA-Permissive-2.0","record_id":"828a12fb-6201-4a9f-8186-9dc754da3196","update_time":"2026-08-10T22:54:24Z","confidence":1.0,"between":null,"provider":"overture","resource":"operating_status_signal","version":"2026-08-10"}],"operating_status":"open","basic_category":"personal_care_and_beauty_store","taxonomy":{"primary":"beauty_supply_store","hierarchy":["shopping","specialty_store","personal_care_and_beauty_store","beauty_supply_store"],"alternates":null},"version":11}},{"id":"33c621d6-4d82-4311-9b53-67f06fcbe3dd","type":"Feature","geometry":{"type":"Point","coordinates":[-95.39299851,29.55299392]},"properties":{"categories":{"primary":"immigration_law","alternate":["lawyer","legal_services"]},"confidence":0.9199122190475464,"websites":["http://arreglatucasohoy.com/"],"emails":["informacion@arreglatucasohoy.com"],"socials":["https://www.facebook.com/114033608262744"],"phones":["+18326391413"],"brand":{"wikidata":null,"names":{"primary":null,"common":null,"rules":null}},"addresses":[{"freeform":"11200 Broadway St Suite 2743","locality":"Pearland","postcode":"77584","region":"TX","country":"US"}],"names":{"primary":"Arregla Tu Caso Hoy","common":null,"rules":null},"sources":[{"property":"","dataset":"meta","license":"CDLA-Permissive-2.0","record_id":"114033608262744","update_time":"2026-08-10T00:00:00.000Z","confidence":0.41094353795051575,"between":null,"provider":"meta","resource":"meta","version":"2026-08-10"},{"property":"/properties/confidence","dataset":"Overture","license":"CDLA-Permissive-2.0","record_id":null,"update_time":"2026-08-14T19:46:07Z","confidence":null,"between":null,"provider":"overture","resource":"confidence_calculation","version":"2026-08-14"},{"property":"/properties/operating_status","dataset":"Overture-signals","license":"CDLA-Permissive-2.0","record_id":"d751d050-1e1a-425e-a830-0df70ccd4a64","update_time":"2026-08-10T22:54:24Z","confidence":1.0,"between":null,"provider":"overture","resource":"operating_status_signal","version":"2026-08-10"}],"operating_status":"open","basic_category":"attorney_or_law_firm","taxonomy":{"primary":"immigration_law","hierarchy":["services_and_business","legal_service","attorney_or_law_firm","immigration_law"],"alternates":null},"version":9}},{"id":"b8d8b0ce-6f73-47b3-9d43-cc0ba023ee58","type":"Feature","geometry":{"type":"Point","coordinates":[-95.39319276809694,29.55300118089326]},"properties":{"categories":{"primary":"lawyer","alternate":["legal_services"]},"confidence":0.6785138249397278,"websites":["http://www.anmlawoffice.com/"],"emails":["info@anmlawoffice.com"],"socials":["https://www.facebook.com/250205794843263"],"phones":["+12819061028"],"brand":{"wikidata":null,"names":{"primary":null,"common":null,"rules":null}},"addresses":[{"freeform":"11200 W Broadway St","locality":"Pearland","postcode":"77584","region":"TX","country":"US"}],"names":{"primary":"ANM Law Office","common":null,"rules":null},"sources":[{"property":"","dataset":"meta","license":"CDLA-Permissive-2.0","record_id":"250205794843263","update_time":"2026-08-10T00:00:00.000Z","confidence":0.6785138249397278,"between":null,"provider":"meta","resource":"meta","version":"2026-08-10"},{"property":"/properties/confidence","dataset":"Overture","license":"CDLA-Permissive-2.0","record_id":null,"update_time":"2026-08-14T19:46:07Z","confidence":null,"between":null,"provider":"overture","resource":"confidence_calculation","version":"2026-08-14"}],"basic_category":"attorney_or_law_firm","taxonomy":{"primary":"attorney_or_law_firm","hierarchy":["services_and_business","legal_service","attorney_or_law_firm"],"alternates":null},"version":8}},{"id":"083ee877-9f5a-4bbc-9582-507045b2b484","type":"Feature","geometry":{"type":"Point","coordinates":[-95.39315525,29.55279748]},"properties":{"categories":{"primary":"process_servers","alternate":["notary_public","professional_services"]},"confidence":0.9199122190475464,"websites":["http://www.veriservesolutions.com/"],"socials":["https://www.facebook.com/532192474385877"],"phones":["+17139360800"],"brand":{"wikidata":null,"names":{"primary":null,"common":null,"rules":null}},"addresses":[{"freeform":"11200 Broadway St Suite 2743","locality":"Pearland","postcode":"77584","region":"TX","country":"US"}],"names":{"primary":"VeriServe Solutions","common":null,"rules":null},"sources":[{"property":"","dataset":"meta","license":"CDLA-Permissive-2.0","record_id":"532192474385877","update_time":"2026-08-10T00:00:00.000Z","confidence":0.2157340943813324,"between":null,"provider":"meta","resource":"meta","version":"2026-08-10"},{"property":"/properties/confidence","dataset":"Overture","license":"CDLA-Permissive-2.0","record_id":null,"update_time":"2026-08-14T19:46:07Z","confidence":null,"between":null,"provider":"overture","resource":"confidence_calculation","version":"2026-08-14"},{"property":"/properties/operating_status","dataset":"Overture-signals","license":"CDLA-Permissive-2.0","record_id":"48f99b7d-4b5d-40df-b337-872bd3b32416","update_time":"2026-08-10T22:54:24Z","confidence":1.0,"between":null,"provider":"overture","resource":"operating_status_signal","version":"2026-08-10"}],"operating_status":"open","basic_category":"legal_service","taxonomy":{"primary":"process_server","hierarchy":["services_and_business","legal_service","process_server"],"alternates":null},"version":11}},{"id":"13f78b71-c5d1-44e0-b4b6-c65cbd99ff52","type":"Feature","geometry":{"type":"Point","coordinates":[-95.39311388,29.55279634]},"properties":{"categories":{"primary":"medical_spa","alternate":["spas","skin_care"]},"confidence":0.9199122190475464,"websites":["https://taylormadeesthetics.net/"],"emails":["thetaylormadeesthetics@gmail.com"],"socials":["https://www.facebook.com/351831681343703"],"phones":["+13462193881"],"brand":{"wikidata":null,"names":{"primary":null,"common":null,"rules":null}},"addresses":[{"freeform":"11200 Broadway St Suite 760","locality":"Pearland","postcode":"77584","region":"TX","country":"US"}],"names":{"primary":"Taylor Made Esthetics","common":null,"rules":null},"sources":[{"property":"","dataset":"meta","license":"CDLA-Permissive-2.0","record_id":"351831681343703","update_time":"2026-08-10T00:00:00.000Z","confidence":0.3557606339454651,"between":null,"provider":"meta","resource":"meta","version":"2026-08-10"},{"property":"/properties/confidence","dataset":"Overture","license":"CDLA-Permissive-2.0","record_id":null,"update_time":"2026-08-14T19:46:07Z","confidence":null,"between":null,"provider":"overture","resource":"confidence_calculation","version":"2026-08-14"},{"property":"/properties/operating_status","dataset":"Overture-signals","license":"CDLA-Permissive-2.0","record_id":"17d7bde9-8a37-4542-bc2b-2553106b4f42","update_time":"2026-08-10T22:54:24Z","confidence":1.0,"between":null,"provider":"overture","resource":"operating_status_signal","version":"2026-08-10"}],"operating_status":"open","basic_category":"wellness_service","taxonomy":{"primary":"medical_spa","hierarchy":["lifestyle_services","wellness_service","spa","medical_spa"],"alternates":null},"version":7}},{"id":"d663f947-c6a3-4aff-8e78-a40707bed9c6","type":"Feature","geometry":{"type":"Point","coordinates":[-95.3931167,29.5527919]},"properties":{"confidence":0.9703055858612061,"websites":["https://www.laseraway.com/locations/tx/houston-pearland/?utm_source=bing&utm_medium=organic&utm_campaign=website-link"],"phones":["2817100080"],"addresses":[{"freeform":"11200 Broadway St Ste 760","locality":"Pearland","postcode":"77584","region":"TX","country":"US"}],"names":{"primary":"LaserAway Houston Pearland","common":null,"rules":null},"sources":[{"property":"","dataset":"Microsoft","license":"CDLA-Permissive-2.0","record_id":"844424935281303","update_time":"2025-09-17T14:43:46.803Z","confidence":0.85,"between":null,"provider":"microsoft","resource":"microsoft","version":"2025-10-20"},{"property":"/properties/confidence","dataset":"Overture","license":"CDLA-Permissive-2.0","record_id":null,"update_time":"2026-08-14T19:46:07Z","confidence":null,"between":null,"provider":"overture","resource":"confidence_calculation","version":"2026-08-14"}],"version":6}},{"id":"51d3ae2d-1df7-4027-80b5-e4bb03949618","type":"Feature","geometry":{"type":"Point","coordinates":[-95.39312685,29.55278528]},"properties":{"categories":{"primary":"traffic_school","alternate":["education","social_service_organizations"]},"confidence":0.9957051888108254,"websites":["http://www.mydwiclass.com/"],"emails":["dwiclass@att.net"],"socials":["https://www.facebook.com/199493080083809"],"phones":["+12816748152"],"brand":{"wikidata":null,"names":{"primary":null,"common":null,"rules":null}},"addresses":[{"freeform":"11200 Broadway St Ste 2743","locality":"Pearland","postcode":"77584","region":"TX","country":"US"}],"names":{"primary":"Alcohol Education Services","common":null,"rules":null},"sources":[{"property":"","dataset":"meta","license":"CDLA-Permissive-2.0","record_id":"199493080083809","update_time":"2026-08-10T00:00:00.000Z","confidence":0.8755127191543579,"between":null,"provider":"meta","resource":"meta","version":"2026-08-10"},{"property":"/properties/confidence","dataset":"Overture","license":"CDLA-Permissive-2.0","record_id":null,"update_time":"2026-08-14T19:46:07Z","confidence":null,"between":null,"provider":"overture","resource":"confidence_calculation","version":"2026-08-14"},{"property":"/properties/operating_status","dataset":"Overture-signals","license":"CDLA-Permissive-2.0","record_id":"1142d904-3c43-4aac-aa2f-8236a09c6298","update_time":"2026-08-10T22:54:24Z","confidence":1.0,"between":null,"provider":"overture","resource":"operating_status_signal","version":"2026-08-10"}],"operating_status":"open","basic_category":"specialty_school","taxonomy":{"primary":"traffic_school","hierarchy":["education","place_of_learning","specialty_school","traffic_school"],"alternates":null},"version":11}},{"id":"8c780b33-cf1b-486b-8b97-42a7b00520da","type":"Feature","geometry":{"type":"Point","coordinates":[-95.39319675704537,29.552812451732738]},"properties":{"categories":{"primary":"childrens_clothing_store","alternate":null},"confidence":0.77,"websites":["http://www.gymboree.com"],"socials":["https://www.twitter.com/gymboree"],"phones":["(713) 436-8610"],"addresses":[{"freeform":"11200 Broadway St","locality":"Pearland","postcode":"77584","region":"TX","country":"US"}],"names":{"primary":"Gymboree","common":null,"rules":null},"sources":[{"property":"","dataset":"Foursquare","license":"Apache-2.0","record_id":"4db60374cda1c57c827b2145","update_time":"2021-06-26T00:00:00.000","confidence":0.77,"between":null,"provider":"foursquare","resource":"foursquare","version":"2026-04-14"},{"property":"/properties/confidence","dataset":"Overture","license":"CDLA-Permissive-2.0","record_id":null,"update_time":"2026-08-14T19:46:07Z","confidence":null,"between":null,"provider":"overture","resource":"confidence_calculation","version":"2026-08-14"},{"property":"/properties/operating_status","dataset":"Overture-signals","license":"CDLA-Permissive-2.0","record_id":"656e15ad-e1a3-4018-a80c-39302e7dd680","update_time":"2026-08-10T22:54:24Z","confidence":1.0,"between":null,"provider":"overture","resource":"operating_status_signal","version":"2026-08-10"}],"operating_status":"open","basic_category":"fashion_and_apparel_store","taxonomy":{"primary":"childrens_clothing_store","hierarchy":["shopping","fashion_and_apparel_store","clothing_store","childrens_clothing_store"],"alternates":null},"version":2}},{"id":"c4fdc0fc-c5a4-4c5d-af2a-20bfc145cd1d","type":"Feature","geometry":{"type":"Point","coordinates":[-95.393242,29.552932]},"properties":{"categories":{"primary":"web_designer","alternate":null},"confidence":0.9199122190475464,"websites":["https://shorew.com/"],"phones":["8304299009"],"addresses":[{"freeform":"11200 Broadway St Ste 2743","locality":"Pearland","postcode":"77584","region":"TX","country":"US"}],"names":{"primary":"ShoreW","common":null,"rules":null},"sources":[{"property":"","dataset":"Microsoft","license":"CDLA-Permissive-2.0","record_id":"1125899909524283","update_time":"2019-11-24T08:39:01.887Z","confidence":0.85,"between":null,"provider":"microsoft","resource":"microsoft","version":"2025-10-20"},{"property":"/properties/confidence","dataset":"Overture","license":"CDLA-Permissive-2.0","record_id":null,"update_time":"2026-08-14T19:46:07Z","confidence":null,"between":null,"provider":"overture","resource":"confidence_calculation","version":"2026-08-14"},{"property":"/properties/operating_status","dataset":"Overture-signals","license":"CDLA-Permissive-2.0","record_id":"50273874-a25b-42f8-9eec-9371ba41ceee","update_time":"2026-08-10T22:54:24Z","confidence":1.0,"between":null,"provider":"overture","resource":"operating_status_signal","version":"2026-08-10"}],"operating_status":"open","basic_category":"design_service","taxonomy":{"primary":"web_designer","hierarchy":["services_and_business","design_service","web_designer"],"alternates":null},"version":6}},{"id":"a11b2aec-b7bd-4c24-844f-8041773c38b4","type":"Feature","geometry":{"type":"Point","coordinates":[-95.3932437,29.5529213]},"properties":{"categories":{"primary":"employment_agencies","alternate":null},"confidence":0.9199122190475464,"websites":["http://www.murrayresources.com/about-houston-staffing-agency/pearland-recruiters-and-staffing-agencies/"],"phones":["7133374915"],"addresses":[{"freeform":"11200 Broadway St Ste 2743","locality":"Pearland","postcode":"77584","region":"TX","country":"US"}],"names":{"primary":"Murray Resources - Pearland","common":null,"rules":null},"sources":[{"property":"","dataset":"Microsoft","license":"CDLA-Permissive-2.0","record_id":"2251799821021070","update_time":"2025-09-08T18:41:50.837Z","confidence":0.85,"between":null,"provider":"microsoft","resource":"microsoft","version":"2025-10-20"},{"property":"/properties/confidence","dataset":"Overture","license":"CDLA-Permissive-2.0","record_id":null,"update_time":"2026-08-14T19:46:07Z","confidence":null,"between":null,"provider":"overture","resource":"confidence_calculation","version":"2026-08-14"},{"property":"/properties/operating_status","dataset":"Overture-signals","license":"CDLA-Permissive-2.0","record_id":"7ccf92bc-81ee-4227-a8ad-a5c83ba29a62","update_time":"2026-08-10T22:54:24Z","confidence":1.0,"between":null,"provider":"overture","resource":"operating_status_signal","version":"2026-08-10"}],"operating_status":"open","basic_category":"professional_service","taxonomy":{"primary":"employment_agency","hierarchy":["services_and_business","professional_service","employment_agency"],"alternates":null},"version":6}},{"id":"6fd16ebd-abfe-4b61-8fe6-a10b440f6d6b","type":"Feature","geometry":{"type":"Point","coordinates":[-95.393252,29.552873]},"properties":{"categories":{"primary":"divorce_and_family_law","alternate":null},"confidence":0.85,"websites":["https://www.dieyelaw.com/"],"phones":["8322991990"],"addresses":[{"freeform":"12280 Broadway St Ste 3105","locality":"Pearland","postcode":"77584","region":"TX","country":"US"}],"names":{"primary":"The Dieye Firm","common":null,"rules":null},"sources":[{"property":"","dataset":"Microsoft","license":"CDLA-Permissive-2.0","record_id":"844424930292418","update_time":"2023-09-09T22:27:51.463Z","confidence":0.85,"between":null,"provider":"microsoft","resource":"microsoft","version":"2025-10-20"},{"property":"/properties/confidence","dataset":"Overture","license":"CDLA-Permissive-2.0","record_id":null,"update_time":"2026-08-14T19:46:07Z","confidence":null,"between":null,"provider":"overture","resource":"confidence_calculation","version":"2026-08-14"}],"basic_category":"attorney_or_law_firm","taxonomy":{"primary":"divorce_and_family_law","hierarchy":["services_and_business","legal_service","attorney_or_law_firm","divorce_and_family_law"],"alternates":null},"version":7}},{"id":"926e1eaa-7072-40f3-8a76-329392b757ec","type":"Feature","geometry":{"type":"Point","coordinates":[-95.39327093,29.55281107]},"properties":{"categories":{"primary":"lawyer","alternate":["legal_services"]},"confidence":0.9199122190475464,"websites":["http://www.lawofficesofleenabhasin.com/"],"emails":["leenabhasinlawoffice@gmail.com"],"socials":["https://www.facebook.com/278943112620610"],"phones":["+18328605074"],"brand":{"wikidata":null,"names":{"primary":null,"common":null,"rules":null}},"addresses":[{"freeform":"11200 Broadway St Ste 2743","locality":"Pearland","postcode":"77584","region":"TX","country":"US"}],"names":{"primary":"Law Office of Leena Bhasin","common":null,"rules":null},"sources":[{"property":"","dataset":"meta","license":"CDLA-Permissive-2.0","record_id":"278943112620610","update_time":"2026-08-10T00:00:00.000Z","confidence":0.5958830714225769,"between":null,"provider":"meta","resource":"meta","version":"2026-08-10"},{"property":"/properties/confidence","dataset":"Overture","license":"CDLA-Permissive-2.0","record_id":null,"update_time":"2026-08-14T19:46:07Z","confidence":null,"between":null,"provider":"overture","resource":"confidence_calculation","version":"2026-08-14"},{"property":"/properties/operating_status","dataset":"Overture-signals","license":"CDLA-Permissive-2.0","record_id":"82817ba4-8e96-4db8-bb6a-7bd711d9a153","update_time":"2026-08-10T22:54:24Z","confidence":1.0,"between":null,"provider":"overture","resource":"operating_status_signal","version":"2026-08-10"}],"operating_status":"open","basic_category":"attorney_or_law_firm","taxonomy":{"primary":"attorney_or_law_firm","hierarchy":["services_and_business","legal_service","attorney_or_law_firm"],"alternates":null},"version":11}},{"id":"6575e63d-c7ee-42b8-850f-54a4dec1ebbb","type":"Feature","geometry":{"type":"Point","coordinates":[-95.39323204,29.5526063]},"properties":{"categories":{"primary":"womens_clothing_store","alternate":["boutique","clothing_store"]},"confidence":0.9199122190475464,"websites":["http://www.qwashaeboutique.com/"],"emails":["info@qwashaeboutique.com"],"socials":["https://www.facebook.com/274326634082"],"phones":["+17134368585"],"brand":{"wikidata":null,"names":{"primary":null,"common":null,"rules":null}},"addresses":[{"freeform":"11200 W Broadway St","locality":"Pearland","postcode":"77584","region":"TX","country":"US"}],"names":{"primary":"Qwashae Boutique","common":null,"rules":null},"sources":[{"property":"","dataset":"meta","license":"CDLA-Permissive-2.0","record_id":"274326634082","update_time":"2026-08-10T00:00:00.000Z","confidence":0.9851598739624023,"between":null,"provider":"meta","resource":"meta","version":"2026-08-10"},{"property":"/properties/confidence","dataset":"Overture","license":"CDLA-Permissive-2.0","record_id":null,"update_time":"2026-08-14T19:46:07Z","confidence":null,"between":null,"provider":"overture","resource":"confidence_calculation","version":"2026-08-14"},{"property":"/properties/operating_status","dataset":"Overture-signals","license":"CDLA-Permissive-2.0","record_id":"967ebb8f-901a-4f41-8730-f035edf1a84e","update_time":"2026-08-10T22:54:24Z","confidence":1.0,"between":null,"provider":"overture","resource":"operating_status_signal","version":"2026-08-10"}],"operating_status":"open","basic_category":"fashion_and_apparel_store","taxonomy":{"primary":"womens_clothing_store","hierarchy":["shopping","fashion_and_apparel_store","clothing_store","womens_clothing_store"],"alternates":null},"version":10}},{"id":"0f9afb20-e29c-415b-9e86-38c906886d09","type":"Feature","geometry":{"type":"Point","coordinates":[-95.39325773,29.55267877]},"properties":{"categories":{"primary":"womens_clothing_store","alternate":["clothing_store","fashion"]},"confidence":0.9199122190475464,"websites":["https://stores.shopversona.com/tx/pearland/11200-broadway-street"],"socials":["https://www.facebook.com/107797351733465"],"phones":["+17133403158"],"brand":{"wikidata":null,"names":{"primary":"Versona","common":null,"rules":null}},"addresses":[{"freeform":"11200 Broadway St","locality":"Pearland","postcode":"77584","region":"TX","country":"US"}],"names":{"primary":"Versona","common":null,"rules":null},"sources":[{"property":"","dataset":"meta","license":"CDLA-Permissive-2.0","record_id":"107797351733465","update_time":"2026-08-10T00:00:00.000Z","confidence":0.9604028463363647,"between":null,"provider":"meta","resource":"meta","version":"2026-08-10"},{"property":"/properties/confidence","dataset":"Overture","license":"CDLA-Permissive-2.0","record_id":null,"update_time":"2026-08-14T19:46:07Z","confidence":null,"between":null,"provider":"overture","resource":"confidence_calculation","version":"2026-08-14"},{"property":"/properties/operating_status","dataset":"Overture-signals","license":"CDLA-Permissive-2.0","record_id":"03488e81-3909-4d1f-9b0e-9bb8f44bacb0","update_time":"2026-08-10T22:54:24Z","confidence":1.0,"between":null,"provider":"overture","resource":"operating_status_signal","version":"2026-08-10"}],"operating_status":"open","basic_category":"fashion_and_apparel_store","taxonomy":{"primary":"womens_clothing_store","hierarchy":["shopping","fashion_and_apparel_store","clothing_store","womens_clothing_store"],"alternates":null},"version":10}},{"id":"5f20de6b-b487-4f46-8229-a5500d879359","type":"Feature","geometry":{"type":"Point","coordinates":[-95.39329336,29.55302799]},"properties":{"categories":{"primary":"lawyer","alternate":["legal_services","wills_trusts_and_probate"]},"confidence":0.9956924796104432,"websites":["http://www.HatchettLegalTeam.com/"],"emails":["legalsupport@hatchettlegalteam.com"],"socials":["https://www.facebook.com/389895664485584"],"phones":["+12812146541"],"brand":{"wikidata":null,"names":{"primary":null,"common":null,"rules":null}},"addresses":[{"freeform":"11200 Broadway St Ste 2705","locality":"Pearland","postcode":"77584","region":"TX","country":"US"}],"names":{"primary":"The Hatchett Law Firm","common":null,"rules":null},"sources":[{"property":"","dataset":"meta","license":"CDLA-Permissive-2.0","record_id":"389895664485584","update_time":"2026-08-10T00:00:00.000Z","confidence":0.9712831974029541,"between":null,"provider":"meta","resource":"meta","version":"2026-08-10"},{"property":"/properties/confidence","dataset":"Overture","license":"CDLA-Permissive-2.0","record_id":null,"update_time":"2026-08-14T19:46:07Z","confidence":null,"between":null,"provider":"overture","resource":"confidence_calculation","version":"2026-08-14"}],"basic_category":"attorney_or_law_firm","taxonomy":{"primary":"attorney_or_law_firm","hierarchy":["services_and_business","legal_service","attorney_or_law_firm"],"alternates":null},"version":9}},{"id":"a0367c98-5e2d-4a61-95c4-dc5456f021a0","type":"Feature","geometry":{"type":"Point","coordinates":[-95.39330274,29.55317186]},"properties":{"categories":{"primary":"endodontist","alternate":["dentist"]},"confidence":0.9999475418031216,"websites":["http://www.towncenterendodontics.com/"],"emails":["towncenterendodontics@gmail.com"],"socials":["https://www.facebook.com/422343157968693"],"phones":["+12817199369"],"brand":{"wikidata":null,"names":{"primary":null,"common":null,"rules":null}},"addresses":[{"freeform":"11200 Broadway St","locality":"Pearland","postcode":"77584-0085","region":"TX","country":"US"}],"names":{"primary":"Town Center Endodontics","common":null,"rules":null},"sources":[{"property":"","dataset":"meta","license":"CDLA-Permissive-2.0","record_id":"422343157968693","update_time":"2026-08-10T00:00:00.000Z","confidence":0.9930055737495422,"between":null,"provider":"meta","resource":"meta","version":"2026-08-10"},{"property":"/properties/confidence","dataset":"Overture","license":"CDLA-Permissive-2.0","record_id":null,"update_time":"2026-08-14T19:46:07Z","confidence":null,"between":null,"provider":"overture","resource":"confidence_calculation","version":"2026-08-14"}],"basic_category":"dental_clinic","taxonomy":{"primary":"endodontics","hierarchy":["health_care","outpatient_care_facility","dental_clinic","endodontics"],"alternates":null},"version":8}},{"id":"86b00ff5-0bc3-4647-a597-8579fe14e6ea","type":"Feature","geometry":{"type":"Point","coordinates":[-95.393413,29.553014]},"properties":{"confidence":0.3724919259548187,"websites":["http://www.abetterfamilynow.com/"],"emails":["clifton@abetterfamilynow.com"],"socials":["https://www.facebook.com/1192963227380817"],"phones":["+18325620482"],"brand":{"wikidata":null,"names":{"primary":null,"common":null,"rules":null}},"addresses":[{"freeform":"11200 Broadway St","locality":"Pearland","postcode":"77584-0085","region":"TX","country":"US"}],"names":{"primary":"A Better Family Now","common":null,"rules":null},"sources":[{"property":"","dataset":"meta","license":"CDLA-Permissive-2.0","record_id":"1192963227380817","update_time":"2026-08-10T00:00:00.000Z","confidence":0.3724919259548187,"between":null,"provider":"meta","resource":"meta","version":"2026-08-10"},{"property":"/properties/confidence","dataset":"Overture","license":"CDLA-Permissive-2.0","record_id":null,"update_time":"2026-08-14T19:46:07Z","confidence":null,"between":null,"provider":"overture","resource":"confidence_calculation","version":"2026-08-14"}],"basic_category":"behavioral_or_mental_health_clinic","version":10}},{"id":"361115bf-0da6-4a23-8afa-2ff55083d713","type":"Feature","geometry":{"type":"Point","coordinates":[-95.39339598,29.55300248]},"properties":{"categories":{"primary":"car_window_tinting","alternate":["glass_and_mirror_sales_service","windows_installation"]},"confidence":0.4876314103603363,"websites":["http://aplusglasstinting.com/"],"emails":["dale.reed@aplusglasstinting.com"],"socials":["https://www.facebook.com/372873142760647"],"phones":["+12812450275"],"brand":{"wikidata":null,"names":{"primary":null,"common":null,"rules":null}},"addresses":[{"freeform":"11200 Broadway St Suite 2743","locality":"Pearland","postcode":"77584","region":"TX","country":"US"}],"names":{"primary":"A+ Glass Tinting","common":null,"rules":null},"sources":[{"property":"","dataset":"meta","license":"CDLA-Permissive-2.0","record_id":"372873142760647","update_time":"2026-08-10T00:00:00.000Z","confidence":0.4876314103603363,"between":null,"provider":"meta","resource":"meta","version":"2026-08-10"},{"property":"/properties/confidence","dataset":"Overture","license":"CDLA-Permissive-2.0","record_id":null,"update_time":"2026-08-14T19:46:07Z","confidence":null,"between":null,"provider":"overture","resource":"confidence_calculation","version":"2026-08-14"}],"basic_category":"automotive_service","taxonomy":{"primary":"car_window_tinting","hierarchy":["travel_and_transportation","vehicle_service","automotive_service","auto_glass_service","car_window_tinting"],"alternates":null},"version":2}},{"id":"979ac49b-90e6-4666-9dc2-ae09e3482716","type":"Feature","geometry":{"type":"Point","coordinates":[-95.39339769,29.55300519]},"properties":{"categories":{"primary":"notary_public","alternate":null},"confidence":0.26319533586502075,"websites":["http://notalisnotary.com/"],"emails":["info@notalisnotary.net"],"socials":["https://www.facebook.com/1073737245818176"],"phones":["+19363565356"],"brand":{"wikidata":null,"names":{"primary":null,"common":null,"rules":null}},"addresses":[{"freeform":"11200 Broadway St Suite 2743","locality":"Pearland","postcode":"77584","region":"TX","country":"US"}],"names":{"primary":"Notalis Notary and Apostille Services","common":null,"rules":null},"sources":[{"property":"","dataset":"meta","license":"CDLA-Permissive-2.0","record_id":"1073737245818176","update_time":"2026-08-10T00:00:00.000Z","confidence":0.26319533586502075,"between":null,"provider":"meta","resource":"meta","version":"2026-08-10"},{"property":"/properties/confidence","dataset":"Overture","license":"CDLA-Permissive-2.0","record_id":null,"update_time":"2026-08-14T19:46:07Z","confidence":null,"between":null,"provider":"overture","resource":"confidence_calculation","version":"2026-08-14"}],"basic_category":"legal_service","taxonomy":{"primary":"notary_public","hierarchy":["services_and_business","legal_service","notary_public"],"alternates":null},"version":3}},{"id":"3dd26389-c26e-425d-a505-47df84a51f50","type":"Feature","geometry":{"type":"Point","coordinates":[-95.39339814,29.55300097]},"properties":{"categories":{"primary":"home_health_care","alternate":["home_service","nurse_practitioner"]},"confidence":0.9199122190475464,"websites":["https://www.homewatchcaregivers.com/pearland/"],"emails":["kpatel@homewatchcaregivers.com"],"socials":["https://www.facebook.com/137748088439786"],"phones":["+12818164665"],"brand":{"wikidata":null,"names":{"primary":"Homewatch CareGivers","common":null,"rules":null}},"addresses":[{"freeform":"11200 Broadway St","locality":"Pearland","postcode":"77584-0085","region":"TX","country":"US"}],"names":{"primary":"Homewatch CareGivers","common":null,"rules":null},"sources":[{"property":"","dataset":"meta","license":"CDLA-Permissive-2.0","record_id":"137748088439786","update_time":"2026-08-10T00:00:00.000Z","confidence":0.9708423614501953,"between":null,"provider":"meta","resource":"meta","version":"2026-08-10"},{"property":"/properties/confidence","dataset":"Overture","license":"CDLA-Permissive-2.0","record_id":null,"update_time":"2026-08-14T19:46:07Z","confidence":null,"between":null,"provider":"overture","resource":"confidence_calculation","version":"2026-08-14"},{"property":"/properties/operating_status","dataset":"Overture-signals","license":"CDLA-Permissive-2.0","record_id":"7ba068da-3f4d-47d3-9e04-ab305e5b59d8","update_time":"2026-08-10T22:54:24Z","confidence":1.0,"between":null,"provider":"overture","resource":"operating_status_signal","version":"2026-08-10"}],"operating_status":"open","basic_category":"medical_service","taxonomy":{"primary":"home_health_care","hierarchy":["health_care","medical_service","home_health_care"],"alternates":null},"version":6}},{"id":"53e24f88-d5c8-46e8-b970-7da5a82dd086","type":"Feature","geometry":{"type":"Point","coordinates":[-95.39339983,29.55300305]},"properties":{"categories":{"primary":"community_services_non_profits","alternate":["non_governmental_association","legal_services"]},"confidence":0.09857328981161118,"websites":["https://greyandgrail.org/"],"emails":["admin@greyandgrail.org"],"socials":["https://www.facebook.com/459388113920834"],"phones":["+13466865008"],"brand":{"wikidata":null,"names":{"primary":null,"common":null,"rules":null}},"addresses":[{"freeform":"11200 W Broadway St Suite 2743","locality":"Pearland","postcode":"77584","region":"TX","country":"US"}],"names":{"primary":"Grey and Grail International","common":null,"rules":null},"sources":[{"property":"","dataset":"meta","license":"CDLA-Permissive-2.0","record_id":"459388113920834","update_time":"2026-08-10T00:00:00.000Z","confidence":0.09857328981161118,"between":null,"provider":"meta","resource":"meta","version":"2026-08-10"},{"property":"/properties/confidence","dataset":"Overture","license":"CDLA-Permissive-2.0","record_id":null,"update_time":"2026-08-14T19:46:07Z","confidence":null,"between":null,"provider":"overture","resource":"confidence_calculation","version":"2026-08-14"}],"basic_category":"social_or_community_service","taxonomy":{"primary":"social_or_community_service","hierarchy":["community_and_government","social_or_community_service"],"alternates":null},"version":5}},{"id":"d650fdcf-ad45-4bd6-8780-de2c8e4a49f0","type":"Feature","geometry":{"type":"Point","coordinates":[-95.39339714,29.55300775]},"properties":{"categories":{"primary":"real_estate_service","alternate":["real_estate_service"]},"confidence":0.9199122190475464,"websites":["http://morrispropsolutions.com/"],"emails":["info@morrispropsolutions.com"],"socials":["https://www.facebook.com/704777309394454"],"phones":["+13462413300"],"brand":{"wikidata":null,"names":{"primary":null,"common":null,"rules":null}},"addresses":[{"freeform":"11200 Broadway St Suite 2743","locality":"Pearland","postcode":"77584","region":"TX","country":"US"}],"names":{"primary":"Veritex Property Solutions LLC","common":null,"rules":null},"sources":[{"property":"","dataset":"meta","license":"CDLA-Permissive-2.0","record_id":"704777309394454","update_time":"2026-08-10T00:00:00.000Z","confidence":0.287913978099823,"between":null,"provider":"meta","resource":"meta","version":"2026-08-10"},{"property":"/properties/confidence","dataset":"Overture","license":"CDLA-Permissive-2.0","record_id":null,"update_time":"2026-08-14T19:46:07Z","confidence":null,"between":null,"provider":"overture","resource":"confidence_calculation","version":"2026-08-14"},{"property":"/properties/operating_status","dataset":"Overture-signals","license":"CDLA-Permissive-2.0","record_id":"6757ccae-4965-443b-9c96-a6ad1ff0726f","update_time":"2026-08-10T22:54:24Z","confidence":1.0,"between":null,"provider":"overture","resource":"operating_status_signal","version":"2026-08-10"}],"operating_status":"open","basic_category":"real_estate_service","taxonomy":{"primary":"real_estate_service","hierarchy":["services_and_business","real_estate_service"],"alternates":null},"version":11}},{"id":"99bca0a9-1d28-4916-b099-81c49a8ebf17","type":"Feature","geometry":{"type":"Point","coordinates":[-95.39339803,29.55300789]},"properties":{"categories":{"primary":"insurance_agency","alternate":["financial_service"]},"confidence":0.3913346230983734,"websites":["http://patriotiip.com/"],"emails":["cody@patriotiip.com"],"socials":["https://www.facebook.com/724631790740766"],"phones":["+17135974997"],"brand":{"wikidata":null,"names":{"primary":null,"common":null,"rules":null}},"addresses":[{"freeform":"11200 Broadway St Ste 2743","locality":"Pearland","postcode":"77584","region":"TX","country":"US"}],"names":{"primary":"Cody Briley Patriot Insurance","common":null,"rules":null},"sources":[{"property":"","dataset":"meta","license":"CDLA-Permissive-2.0","record_id":"724631790740766","update_time":"2026-08-10T00:00:00.000Z","confidence":0.3913346230983734,"between":null,"provider":"meta","resource":"meta","version":"2026-08-10"},{"property":"/properties/confidence","dataset":"Overture","license":"CDLA-Permissive-2.0","record_id":null,"update_time":"2026-08-14T19:46:07Z","confidence":null,"between":null,"provider":"overture","resource":"confidence_calculation","version":"2026-08-14"}],"basic_category":"financial_service","taxonomy":{"primary":"insurance_agency","hierarchy":["services_and_business","financial_service","insurance_agency"],"alternates":null},"version":8}},{"id":"3ee854f2-b4f2-4e5d-b4c6-3b2a76e7f278","type":"Feature","geometry":{"type":"Point","coordinates":[-95.39339346,29.55300898]},"properties":{"categories":{"primary":"immigration_law","alternate":["lawyer","legal_services"]},"confidence":0.6059162616729736,"websites":["http://www.thelegalhouse.law/"],"emails":["info@ajoneslegal.com"],"socials":["https://www.facebook.com/750461918379302"],"phones":["+12815005911"],"brand":{"wikidata":null,"names":{"primary":null,"common":null,"rules":null}},"addresses":[{"freeform":"11200 Broadway St","locality":"Pearland","postcode":"77584-0085","region":"TX","country":"US"}],"names":{"primary":"The Legal House PLLC","common":null,"rules":null},"sources":[{"property":"","dataset":"meta","license":"CDLA-Permissive-2.0","record_id":"750461918379302","update_time":"2026-08-10T00:00:00.000Z","confidence":0.6059162616729736,"between":null,"provider":"meta","resource":"meta","version":"2026-08-10"},{"property":"/properties/confidence","dataset":"Overture","license":"CDLA-Permissive-2.0","record_id":null,"update_time":"2026-08-14T19:46:07Z","confidence":null,"between":null,"provider":"overture","resource":"confidence_calculation","version":"2026-08-14"}],"basic_category":"attorney_or_law_firm","taxonomy":{"primary":"immigration_law","hierarchy":["services_and_business","legal_service","attorney_or_law_firm","immigration_law"],"alternates":null},"version":9}},{"id":"1e822147-9f01-4b42-950f-ccae1e03797e","type":"Feature","geometry":{"type":"Point","coordinates":[-95.39339264,29.55300639]},"properties":{"categories":{"primary":"employment_agencies","alternate":["professional_services"]},"confidence":0.29728931188583374,"websites":["https://www.puistaffing.com/"],"emails":["julie@puistaffing.com"],"socials":["https://www.facebook.com/852886537909532"],"phones":["+12816027252"],"brand":{"wikidata":null,"names":{"primary":null,"common":null,"rules":null}},"addresses":[{"freeform":"11200 Broadway St Ste 2743","locality":"Pearland","postcode":"77584","region":"TX","country":"US"}],"names":{"primary":"Placements Unlimited","common":null,"rules":null},"sources":[{"property":"","dataset":"meta","license":"CDLA-Permissive-2.0","record_id":"852886537909532","update_time":"2026-08-10T00:00:00.000Z","confidence":0.29728931188583374,"between":null,"provider":"meta","resource":"meta","version":"2026-08-10"},{"property":"/properties/confidence","dataset":"Overture","license":"CDLA-Permissive-2.0","record_id":null,"update_time":"2026-08-14T19:46:07Z","confidence":null,"between":null,"provider":"overture","resource":"confidence_calculation","version":"2026-08-14"}],"basic_category":"professional_service","taxonomy":{"primary":"employment_agency","hierarchy":["services_and_business","professional_service","employment_agency"],"alternates":null},"version":6}},{"id":"a1e4f12d-bea1-40a8-becc-72f708594d18","type":"Feature","geometry":{"type":"Point","coordinates":[-95.39339377,29.55300931]},"properties":{"categories":{"primary":"movers","alternate":["storage_facility"]},"confidence":0.24935699999332428,"websites":["http://acemovingyou.com/"],"emails":["acemovingyou@gmail.com"],"socials":["https://www.facebook.com/2249041388517327"],"phones":["+12819372602"],"brand":{"wikidata":null,"names":{"primary":null,"common":null,"rules":null}},"addresses":[{"freeform":"11200 Broadway St Suite 2743","locality":"Pearland","postcode":"77584","region":"TX","country":"US"}],"names":{"primary":"Ace Moving You","common":null,"rules":null},"sources":[{"property":"","dataset":"meta","license":"CDLA-Permissive-2.0","record_id":"2249041388517327","update_time":"2026-08-10T00:00:00.000Z","confidence":0.24935699999332428,"between":null,"provider":"meta","resource":"meta","version":"2026-08-10"},{"property":"/properties/confidence","dataset":"Overture","license":"CDLA-Permissive-2.0","record_id":null,"update_time":"2026-08-14T19:46:07Z","confidence":null,"between":null,"provider":"overture","resource":"confidence_calculation","version":"2026-08-14"}],"basic_category":"home_service","taxonomy":{"primary":"mover","hierarchy":["services_and_business","home_service","mover"],"alternates":null},"version":2}},{"id":"df5ca047-7cd0-44a2-9f72-75ecd453d99c","type":"Feature","geometry":{"type":"Point","coordinates":[-95.3933917,29.55300663]},"properties":{"categories":{"primary":"home_cleaning","alternate":["professional_services","home_improvement_store"]},"confidence":0.15278774499893188,"websites":["http://www.fbpressurewash.com/"],"emails":["fbpwllc@gmail.com"],"socials":["https://www.facebook.com/106590371533421"],"phones":["+18328652144"],"brand":{"wikidata":null,"names":{"primary":null,"common":null,"rules":null}},"addresses":[{"freeform":"11200 Broadway St Ste 2743","locality":"Pearland","postcode":"77584","region":"TX","country":"US"}],"names":{"primary":"FB Pressure Washing LLC","common":null,"rules":null},"sources":[{"property":"","dataset":"meta","license":"CDLA-Permissive-2.0","record_id":"106590371533421","update_time":"2026-08-10T00:00:00.000Z","confidence":0.15278774499893188,"between":null,"provider":"meta","resource":"meta","version":"2026-08-10"},{"property":"/properties/confidence","dataset":"Overture","license":"CDLA-Permissive-2.0","record_id":null,"update_time":"2026-08-14T19:46:07Z","confidence":null,"between":null,"provider":"overture","resource":"confidence_calculation","version":"2026-08-14"}],"basic_category":"home_service","taxonomy":{"primary":"home_cleaning","hierarchy":["services_and_business","home_service","home_cleaning"],"alternates":null},"version":4}},{"id":"3e06c7e7-4022-480d-b856-55492837d8aa","type":"Feature","geometry":{"type":"Point","coordinates":[-95.39339295,29.55300054]},"properties":{"categories":{"primary":"home_cleaning","alternate":["carpet_cleaning"]},"confidence":0.27430981397628784,"websites":["https://onthespotfloorcareinc.com/"],"emails":["onthespotfloorcareinc@gmail.com"],"socials":["https://www.facebook.com/863304726865105"],"phones":["+17138354475"],"brand":{"wikidata":null,"names":{"primary":null,"common":null,"rules":null}},"addresses":[{"freeform":"11200 W Broadway St Suite 2743","locality":"Pearland","postcode":"77584","region":"TX","country":"US"}],"names":{"primary":"On The Spot Floor Care","common":null,"rules":null},"sources":[{"property":"","dataset":"meta","license":"CDLA-Permissive-2.0","record_id":"863304726865105","update_time":"2026-08-10T00:00:00.000Z","confidence":0.27430981397628784,"between":null,"provider":"meta","resource":"meta","version":"2026-08-10"},{"property":"/properties/confidence","dataset":"Overture","license":"CDLA-Permissive-2.0","record_id":null,"update_time":"2026-08-14T19:46:07Z","confidence":null,"between":null,"provider":"overture","resource":"confidence_calculation","version":"2026-08-14"}],"basic_category":"home_service","taxonomy":{"primary":"home_cleaning","hierarchy":["services_and_business","home_service","home_cleaning"],"alternates":null},"version":2}},{"id":"bf1feebc-6b32-473d-9060-64ceb96f957b","type":"Feature","geometry":{"type":"Point","coordinates":[-95.393389288375,29.552697360567]},"properties":{"confidence":0.4154348373413086,"websites":["https://tapcounselingtx.com/"],"emails":["msmith@tapcounselingtx.com"],"socials":["https://www.facebook.com/582953098418146"],"phones":["+12819978400"],"brand":{"wikidata":null,"names":{"primary":null,"common":null,"rules":null}},"addresses":[{"freeform":"11200 Broadway St","locality":"Pearland","postcode":"77584-0085","region":"TX","country":"US"}],"names":{"primary":"TAP Counseling","common":null,"rules":null},"sources":[{"property":"","dataset":"meta","license":"CDLA-Permissive-2.0","record_id":"582953098418146","update_time":"2026-08-10T00:00:00.000Z","confidence":0.4154348373413086,"between":null,"provider":"meta","resource":"meta","version":"2026-08-10"},{"property":"/properties/confidence","dataset":"Overture","license":"CDLA-Permissive-2.0","record_id":null,"update_time":"2026-08-14T19:46:07Z","confidence":null,"between":null,"provider":"overture","resource":"confidence_calculation","version":"2026-08-14"}],"basic_category":"behavioral_or_mental_health_clinic","version":5}},{"id":"a26150da-77d2-4cf5-9098-f078500d752f","type":"Feature","geometry":{"type":"Point","coordinates":[-95.39359369762036,29.552871891808252]},"properties":{"categories":{"primary":"womens_clothing_store","alternate":null},"confidence":0.77,"websites":["http://www.loft.com"],"phones":["(713) 436-2219"],"addresses":[{"freeform":"11200 Broadway St","locality":"Pearland","postcode":"77584","region":"TX","country":"US"}],"names":{"primary":"LOFT","common":null,"rules":null},"sources":[{"property":"","dataset":"Foursquare","license":"Apache-2.0","record_id":"4c4c8f195609c9b69bc5c192","update_time":"2025-04-14T00:00:00.000","confidence":0.77,"between":null,"provider":"foursquare","resource":"foursquare","version":"2026-04-14"},{"property":"/properties/confidence","dataset":"Overture","license":"CDLA-Permissive-2.0","record_id":null,"update_time":"2026-08-14T19:46:07Z","confidence":null,"between":null,"provider":"overture","resource":"confidence_calculation","version":"2026-08-14"},{"property":"/properties/operating_status","dataset":"Overture-signals","license":"CDLA-Permissive-2.0","record_id":"d3027b31-7ad5-46f4-8917-32b3de3777b3","update_time":"2026-08-10T22:54:24Z","confidence":1.0,"between":null,"provider":"overture","resource":"operating_status_signal","version":"2026-08-10"}],"operating_status":"open","basic_category":"fashion_and_apparel_store","taxonomy":{"primary":"womens_clothing_store","hierarchy":["shopping","fashion_and_apparel_store","clothing_store","womens_clothing_store"],"alternates":null},"version":4}},{"id":"ecb2811c-a546-48da-8efa-cdf312baea4e","type":"Feature","geometry":{"type":"Point","coordinates":[-95.39360539707714,29.552804414599052]},"properties":{"categories":{"primary":"spas","alternate":null},"confidence":0.9199122190475464,"websites":["http://www.sweetandsassy.com"],"emails":["pearland@sweetandsassy.com"],"phones":["(713) 436-5994"],"addresses":[{"freeform":"11200 Broadway St Ste 730","locality":"Pearland","postcode":"77584","region":"TX","country":"US"}],"names":{"primary":"Sweet & Sassy Spa","common":null,"rules":null},"sources":[{"property":"","dataset":"Foursquare","license":"Apache-2.0","record_id":"4e6556858877954de96e3114","update_time":"2025-10-26T00:00:00.000","confidence":0.77,"between":null,"provider":"foursquare","resource":"foursquare","version":"2026-04-14"},{"property":"/properties/confidence","dataset":"Overture","license":"CDLA-Permissive-2.0","record_id":null,"update_time":"2026-08-14T19:46:07Z","confidence":null,"between":null,"provider":"overture","resource":"confidence_calculation","version":"2026-08-14"},{"property":"/properties/operating_status","dataset":"Overture-signals","license":"CDLA-Permissive-2.0","record_id":"77752979-c165-4d43-9bcc-8b87b1586f17","update_time":"2026-08-10T22:54:24Z","confidence":1.0,"between":null,"provider":"overture","resource":"operating_status_signal","version":"2026-08-10"}],"operating_status":"open","basic_category":"wellness_service","taxonomy":{"primary":"spa","hierarchy":["lifestyle_services","wellness_service","spa"],"alternates":null},"version":5}},{"id":"3c4579ef-69c1-492c-879b-efbaff35d86c","type":"Feature","geometry":{"type":"Point","coordinates":[-95.39358199815099,29.55293936899892]},"properties":{"categories":{"primary":"key_and_locksmith","alternate":null},"confidence":0.9199122190475464,"websites":["https://commerciallocksmithpearlandtx.com"],"phones":["(281) 410-5590"],"addresses":[{"freeform":"11200 Broadway St","locality":"Pearland","postcode":"77584","region":"TX","country":"US"}],"names":{"primary":"Commercial Locksmith Pearland TX","common":null,"rules":null},"sources":[{"property":"","dataset":"Foursquare","license":"Apache-2.0","record_id":"5795c501498e3d20df0bda13","update_time":"2024-10-19T00:00:00.000","confidence":0.77,"between":null,"provider":"foursquare","resource":"foursquare","version":"2026-04-14"},{"property":"/properties/confidence","dataset":"Overture","license":"CDLA-Permissive-2.0","record_id":null,"update_time":"2026-08-14T19:46:07Z","confidence":null,"between":null,"provider":"overture","resource":"confidence_calculation","version":"2026-08-14"},{"property":"/properties/operating_status","dataset":"Overture-signals","license":"CDLA-Permissive-2.0","record_id":"7fd75ee7-c526-421d-8b8b-6b84f012aeab","update_time":"2026-08-10T22:54:24Z","confidence":1.0,"between":null,"provider":"overture","resource":"operating_status_signal","version":"2026-08-10"}],"operating_status":"open","basic_category":"home_service","taxonomy":{"primary":"key_and_locksmith","hierarchy":["services_and_business","home_service","key_and_locksmith"],"alternates":null},"version":4}},{"id":"bc3a703a-6c86-4027-b882-b3b71f26ef69","type":"Feature","geometry":{"type":"Point","coordinates":[-95.393608,29.553088]},"properties":{"categories":{"primary":"toy_store","alternate":null},"confidence":0.8,"websites":["https://bricksandminifigs.com/pearland-tx/"],"emails":["pearland@bricksandminifigs.com"],"brand":{"wikidata":"Q109329121","names":{"primary":"Bricks & Minifigs","common":null,"rules":[]}},"addresses":[{"freeform":"11200 Broadway St, STE 710","locality":"Pearland","postcode":"77581","region":"TX","country":"US"}],"names":{"primary":"TX \u2013 Pearland","common":null,"rules":[]},"sources":[{"property":"","dataset":"AllThePlaces","license":"CC0-1.0","record_id":"ZquT01pxLrBgWTnjreWKs6AtdvY=","update_time":"2026-08-05T15:33:36.000Z","confidence":0.8,"between":null,"provider":"alltheplaces","resource":"alltheplaces","version":"2026-08-05"},{"property":"/properties/confidence","dataset":"Overture","license":"CDLA-Permissive-2.0","record_id":null,"update_time":"2026-08-14T19:46:07Z","confidence":null,"between":null,"provider":"overture","resource":"confidence_calculation","version":"2026-08-14"}],"basic_category":"toys_and_games_store","taxonomy":{"primary":"toy_store","hierarchy":["shopping","specialty_store","toys_and_games_store","toy_store"],"alternates":null},"version":3}},{"id":"4f9a603a-9a2c-492b-acc4-73f6781410f6","type":"Feature","geometry":{"type":"Point","coordinates":[-95.393607,29.553178]},"properties":{"categories":{"primary":"jewelry_store","alternate":null},"confidence":0.9902192950248718,"websites":["https://www.kay.com/","https://stores.kay.com/tx/pearland/2315?cid=seo-listings"],"socials":["https://www.facebook.com/KayJewelers/","https://www.instagram.com/kayjewelers","https://www.pinterest.com/kayjewelers/","https://www.tiktok.com/@kayjewelers","https://twitter.com/KayJewelers","https://www.youtube.com/@kayjewelers"],"phones":["+17133401036","+18552216255"],"addresses":[{"freeform":"11200 Broadway","locality":"Pearland","postcode":"77584-9785","region":"TX","country":"US"}],"names":{"primary":"KAY Jewelers","common":null,"rules":null},"sources":[{"property":"","dataset":"DAC","license":"CDLA-Permissive-2.0","record_id":"overture:places:place:9000560664","update_time":"2026-08-11T20:47:18.614Z","confidence":1.0,"between":null,"provider":"dac","resource":"dac","version":"2026-08-10"},{"property":"/properties/confidence","dataset":"Overture","license":"CDLA-Permissive-2.0","record_id":null,"update_time":"2026-08-14T19:46:07Z","confidence":null,"between":null,"provider":"overture","resource":"confidence_calculation","version":"2026-08-14"},{"property":"/properties/operating_status","dataset":"Overture-signals","license":"CDLA-Permissive-2.0","record_id":"d88e3a88-f59b-49b0-9263-d126bbdd3bb2","update_time":"2026-08-10T22:54:24Z","confidence":1.0,"between":null,"provider":"overture","resource":"operating_status_signal","version":"2026-08-10"}],"operating_status":"open","basic_category":"fashion_and_apparel_store","taxonomy":{"primary":"jewelry_store","hierarchy":["shopping","fashion_and_apparel_store","jewelry_store"],"alternates":null},"version":8}},{"id":"0861434d-65ac-433e-9413-437736a6f46f","type":"Feature","geometry":{"type":"Point","coordinates":[-95.39359871,29.55372145]},"properties":{"categories":{"primary":"community_services_non_profits","alternate":["youth_organizations","social_service_organizations"]},"confidence":0.9199122190475464,"websites":["https://www.gatheringoutreach.org/our-services"],"emails":["register@gatheringoutreach.org"],"socials":["https://www.facebook.com/400670803409219"],"phones":["+12817212126"],"brand":{"wikidata":null,"names":{"primary":null,"common":null,"rules":null}},"addresses":[{"freeform":"11200 Broadway St","locality":"Pearland","postcode":"77584-0085","region":"TX","country":"US"}],"names":{"primary":"Gathering Outreach Community Services","common":null,"rules":null},"sources":[{"property":"","dataset":"meta","license":"CDLA-Permissive-2.0","record_id":"400670803409219","update_time":"2026-08-10T00:00:00.000Z","confidence":0.44504910707473755,"between":null,"provider":"meta","resource":"meta","version":"2026-08-10"},{"property":"/properties/confidence","dataset":"Overture","license":"CDLA-Permissive-2.0","record_id":null,"update_time":"2026-08-14T19:46:07Z","confidence":null,"between":null,"provider":"overture","resource":"confidence_calculation","version":"2026-08-14"},{"property":"/properties/operating_status","dataset":"Overture-signals","license":"CDLA-Permissive-2.0","record_id":"05332462-c4a2-4ccc-8a9a-a4dca4f57600","update_time":"2026-08-10T22:54:24Z","confidence":1.0,"between":null,"provider":"overture","resource":"operating_status_signal","version":"2026-08-10"}],"operating_status":"open","basic_category":"social_or_community_service","taxonomy":{"primary":"social_or_community_service","hierarchy":["community_and_government","social_or_community_service"],"alternates":null},"version":8}},{"id":"60ca2482-47a8-42d2-8c31-4ba39a8e5e46","type":"Feature","geometry":{"type":"Point","coordinates":[-95.39358976666288,29.553640490223458]},"properties":{"categories":{"primary":"pizza_restaurant","alternate":["italian_restaurant","restaurant"]},"confidence":0.9902192950248718,"websites":["https://www.toasttab.com/catering/russos-new-york-pizzeria-pearland-dgbwj/"],"socials":["https://www.facebook.com/455404134935439"],"phones":["+12812726898"],"brand":{"wikidata":null,"names":{"primary":"Russo's New York Pizzeria & Italian Kitchen","common":null,"rules":null}},"addresses":[{"freeform":"11200 W Broadway St","locality":"Pearland","postcode":"77584","region":"TX","country":"US"}],"names":{"primary":"Russo's New York Pizzeria & Italian Kitchen | Pearland","common":null,"rules":null},"sources":[{"property":"","dataset":"meta","license":"CDLA-Permissive-2.0","record_id":"455404134935439","update_time":"2026-08-10T00:00:00.000Z","confidence":0.9967431426048279,"between":null,"provider":"meta","resource":"meta","version":"2026-08-10"},{"property":"/properties/confidence","dataset":"Overture","license":"CDLA-Permissive-2.0","record_id":null,"update_time":"2026-08-14T19:46:07Z","confidence":null,"between":null,"provider":"overture","resource":"confidence_calculation","version":"2026-08-14"},{"property":"/properties/operating_status","dataset":"Overture-signals","license":"CDLA-Permissive-2.0","record_id":"5ec3eec8-c935-4e8f-8322-3a30c48a511d","update_time":"2026-08-10T22:54:24Z","confidence":1.0,"between":null,"provider":"overture","resource":"operating_status_signal","version":"2026-08-10"}],"operating_status":"open","basic_category":"restaurant","taxonomy":{"primary":"pizza_restaurant","hierarchy":["food_and_drink","restaurant","european_restaurant","mediterranean_restaurant","italian_restaurant","pizza_restaurant"],"alternates":null},"version":9}},{"id":"ee111bee-7f00-40e6-aa89-448b29f6146e","type":"Feature","geometry":{"type":"Point","coordinates":[-95.3935647,29.55372812]},"properties":{"categories":{"primary":"toy_store","alternate":["hobby_shop","arts_and_crafts"]},"confidence":0.8006910085678101,"websites":["http://www.toyzbee.com/"],"emails":["info@toyzbee.com"],"socials":["https://www.facebook.com/718357791361758"],"phones":["+12819127400"],"brand":{"wikidata":null,"names":{"primary":null,"common":null,"rules":null}},"addresses":[{"freeform":"11200 W Broadway St #620","locality":"Pearland","postcode":"77584","region":"TX","country":"US"}],"names":{"primary":"Toyzbee","common":null,"rules":null},"sources":[{"property":"","dataset":"meta","license":"CDLA-Permissive-2.0","record_id":"718357791361758","update_time":"2026-08-10T00:00:00.000Z","confidence":0.8006910085678101,"between":null,"provider":"meta","resource":"meta","version":"2026-08-10"},{"property":"/properties/confidence","dataset":"Overture","license":"CDLA-Permissive-2.0","record_id":null,"update_time":"2026-08-14T19:46:07Z","confidence":null,"between":null,"provider":"overture","resource":"confidence_calculation","version":"2026-08-14"},{"property":"/properties/operating_status","dataset":"Overture-signals","license":"CDLA-Permissive-2.0","record_id":"1f80af88-3e92-4dbf-9d0d-60d52f3c6737","update_time":"2026-08-10T22:54:24Z","confidence":1.0,"between":null,"provider":"overture","resource":"operating_status_signal","version":"2026-08-10"}],"operating_status":"open","basic_category":"toys_and_games_store","taxonomy":{"primary":"toy_store","hierarchy":["shopping","specialty_store","toys_and_games_store","toy_store"],"alternates":null},"version":9}},{"id":"ee3b2b2c-93bb-4966-96db-2ff2afb93d13","type":"Feature","geometry":{"type":"Point","coordinates":[-95.39346603,29.55339765]},"properties":{"categories":{"primary":"cupcake_shop","alternate":["bakery","desserts"]},"confidence":0.9902192950248718,"websites":["http://www.smallcakespearland.com/"],"emails":["info@smallcakespearlandtx.com"],"socials":["https://www.facebook.com/712326828943158"],"phones":["+13462077988"],"brand":{"wikidata":null,"names":{"primary":null,"common":null,"rules":null}},"addresses":[{"freeform":"11200 Broadway St","locality":"Pearland","postcode":"77584-0085","region":"TX","country":"US"}],"names":{"primary":"Smallcakes","common":null,"rules":null},"sources":[{"property":"","dataset":"meta","license":"CDLA-Permissive-2.0","record_id":"712326828943158","update_time":"2026-08-10T00:00:00.000Z","confidence":0.9894896149635315,"between":null,"provider":"meta","resource":"meta","version":"2026-08-10"},{"property":"/properties/confidence","dataset":"Overture","license":"CDLA-Permissive-2.0","record_id":null,"update_time":"2026-08-14T19:46:07Z","confidence":null,"between":null,"provider":"overture","resource":"confidence_calculation","version":"2026-08-14"},{"property":"/properties/operating_status","dataset":"Overture-signals","license":"CDLA-Permissive-2.0","record_id":"ccf1e749-a214-47a0-9471-f7eb34479e49","update_time":"2026-08-10T22:54:24Z","confidence":1.0,"between":null,"provider":"overture","resource":"operating_status_signal","version":"2026-08-10"}],"operating_status":"open","basic_category":"casual_eatery","taxonomy":{"primary":"cupcake_shop","hierarchy":["food_and_drink","casual_eatery","dessert_shop","cupcake_shop"],"alternates":null},"version":10}},{"id":"67fbe95d-a1fe-4e1e-855b-d9b1430ad359","type":"Feature","geometry":{"type":"Point","coordinates":[-95.39342880249023,29.55389714611599]},"properties":{"categories":{"primary":"clothing_store","alternate":null},"confidence":0.9199122190475464,"websites":["http://www.pacsun.com"],"emails":["pacsunretail@pacsun.com"],"socials":["https://www.twitter.com/pacsun"],"phones":["(713) 436-9562"],"addresses":[{"freeform":"11200 Broadway St","locality":"Pearland","postcode":"77584","region":"TX","country":"US"}],"names":{"primary":"Pac Sun","common":null,"rules":null},"sources":[{"property":"","dataset":"Foursquare","license":"Apache-2.0","record_id":"4c01b7daf8492d7ff3595ffa","update_time":"2023-06-17T00:00:00.000","confidence":0.77,"between":null,"provider":"foursquare","resource":"foursquare","version":"2026-04-14"},{"property":"/properties/confidence","dataset":"Overture","license":"CDLA-Permissive-2.0","record_id":null,"update_time":"2026-08-14T19:46:07Z","confidence":null,"between":null,"provider":"overture","resource":"confidence_calculation","version":"2026-08-14"},{"property":"/properties/operating_status","dataset":"Overture-signals","license":"CDLA-Permissive-2.0","record_id":"299cdea5-cb47-4613-8bc4-90dc1605873a","update_time":"2026-08-10T22:54:24Z","confidence":1.0,"between":null,"provider":"overture","resource":"operating_status_signal","version":"2026-08-10"}],"operating_status":"open","basic_category":"fashion_and_apparel_store","taxonomy":{"primary":"clothing_store","hierarchy":["shopping","fashion_and_apparel_store","clothing_store"],"alternates":null},"version":4}},{"id":"db66d044-0703-4f8b-8527-f193fa075740","type":"Feature","geometry":{"type":"Point","coordinates":[-95.39354111,29.55383445]},"properties":{"categories":{"primary":"laboratory_testing","alternate":["diagnostic_services","professional_services"]},"confidence":0.907429039478302,"websites":["http://www.gottaknowdnaservices.com/"],"emails":["customerservice@gottaknowtesting.org"],"socials":["https://www.facebook.com/297428140435073"],"phones":["+17137959955"],"brand":{"wikidata":null,"names":{"primary":null,"common":null,"rules":null}},"addresses":[{"freeform":"11200 Broadway St","locality":"Pearland","postcode":"77584-0085","region":"TX","country":"US"}],"names":{"primary":"Gotta Know DNA Services","common":null,"rules":null},"sources":[{"property":"","dataset":"meta","license":"CDLA-Permissive-2.0","record_id":"297428140435073","update_time":"2026-08-10T00:00:00.000Z","confidence":0.907429039478302,"between":null,"provider":"meta","resource":"meta","version":"2026-08-10"},{"property":"/properties/confidence","dataset":"Overture","license":"CDLA-Permissive-2.0","record_id":null,"update_time":"2026-08-14T19:46:07Z","confidence":null,"between":null,"provider":"overture","resource":"confidence_calculation","version":"2026-08-14"}],"basic_category":"diagnostics_imaging_or_lab_service","taxonomy":{"primary":"laboratory_testing","hierarchy":["health_care","outpatient_care_facility","diagnostics_imaging_or_lab_service","laboratory_testing"],"alternates":null},"version":10}},{"id":"d004d18a-3a36-4c02-8eff-ce69d23795ae","type":"Feature","geometry":{"type":"Point","coordinates":[-95.39356533,29.55468002]},"properties":{"categories":{"primary":"bar_and_grill_restaurant","alternate":["american_restaurant","brewery"]},"confidence":0.9722161889076233,"websites":["https://www.bjsrestaurants.com/locations/tx/pearland"],"emails":["guestrelations@bjsrestaurants.com"],"socials":["https://www.facebook.com/139798779401163"],"phones":["+17134367805"],"brand":{"wikidata":null,"names":{"primary":"BJ's Restaurant & Brewhouse","common":null,"rules":null}},"addresses":[{"freeform":"11200 Broadway St","locality":"Pearland","postcode":"77584-0085","region":"TX","country":"US"}],"names":{"primary":"BJ's Restaurants","common":null,"rules":null},"sources":[{"property":"","dataset":"meta","license":"CDLA-Permissive-2.0","record_id":"139798779401163","update_time":"2026-08-10T00:00:00.000Z","confidence":0.9949988126754761,"between":null,"provider":"meta","resource":"meta","version":"2026-08-10"},{"property":"/properties/confidence","dataset":"Overture","license":"CDLA-Permissive-2.0","record_id":null,"update_time":"2026-08-14T19:46:07Z","confidence":null,"between":null,"provider":"overture","resource":"confidence_calculation","version":"2026-08-14"},{"property":"/properties/operating_status","dataset":"Overture-signals","license":"CDLA-Permissive-2.0","record_id":"14abc859-9ef5-4575-a8e6-1cd39a759010","update_time":"2026-08-10T22:54:24Z","confidence":1.0,"between":null,"provider":"overture","resource":"operating_status_signal","version":"2026-08-10"}],"operating_status":"open","basic_category":"restaurant","taxonomy":{"primary":"bar_and_grill_restaurant","hierarchy":["food_and_drink","restaurant","bar_and_grill_restaurant"],"alternates":null},"version":9}},{"id":"ea7cb0ab-b44a-4ff1-a6c1-75f46404b8d0","type":"Feature","geometry":{"type":"Point","coordinates":[-95.393112,29.555257]},"properties":{"categories":{"primary":"beauty_salon","alternate":["hair_removal","beauty_and_spa"]},"confidence":0.8267543315887451,"websites":["https://beyondbeautifulstudios.as.me/schedule.php?calendarID=2263012"],"emails":["beyondbeautifulstudios@gmail.com"],"socials":["https://www.facebook.com/120329441449202"],"phones":["+17134898678"],"brand":{"wikidata":null,"names":{"primary":null,"common":null,"rules":null}},"addresses":[{"freeform":"11200 Broadway St","locality":"Pearland","postcode":"77584-0085","region":"TX","country":"US"}],"names":{"primary":"Beyond Beautiful Studios","common":null,"rules":null},"sources":[{"property":"","dataset":"meta","license":"CDLA-Permissive-2.0","record_id":"120329441449202","update_time":"2026-08-10T00:00:00.000Z","confidence":0.8267543315887451,"between":null,"provider":"meta","resource":"meta","version":"2026-08-10"},{"property":"/properties/confidence","dataset":"Overture","license":"CDLA-Permissive-2.0","record_id":null,"update_time":"2026-08-14T19:46:07Z","confidence":null,"between":null,"provider":"overture","resource":"confidence_calculation","version":"2026-08-14"},{"property":"/properties/operating_status","dataset":"Overture-signals","license":"CDLA-Permissive-2.0","record_id":"561863de-6ef7-43a0-aa5b-507a6b35bfdb","update_time":"2026-08-10T22:54:24Z","confidence":1.0,"between":null,"provider":"overture","resource":"operating_status_signal","version":"2026-08-10"}],"operating_status":"open","basic_category":"personal_or_beauty_service","taxonomy":{"primary":"beauty_salon","hierarchy":["lifestyle_services","personal_or_beauty_service","beauty_salon"],"alternates":null},"version":2}},{"id":"1c0bdea1-73cb-4f22-8b7a-9b0549d09a87","type":"Feature","geometry":{"type":"Point","coordinates":[-95.393449,29.555273]},"properties":{"categories":{"primary":"spas","alternate":["naturopathic_holistic","beauty_and_spa"]},"confidence":0.7432674765586853,"websites":["http://integratedbodysolutions.com/home.html"],"socials":["https://www.facebook.com/407063202752990"],"phones":["+17133031660"],"brand":{"wikidata":null,"names":{"primary":null,"common":null,"rules":null}},"addresses":[{"freeform":"Salons by JC, 11200 Broadway St","locality":"Pearland","postcode":"77584-0085","region":"TX","country":"US"}],"names":{"primary":"Integrated BODY Solutions","common":null,"rules":null},"sources":[{"property":"","dataset":"meta","license":"CDLA-Permissive-2.0","record_id":"407063202752990","update_time":"2026-08-10T00:00:00.000Z","confidence":0.7432674765586853,"between":null,"provider":"meta","resource":"meta","version":"2026-08-10"},{"property":"/properties/confidence","dataset":"Overture","license":"CDLA-Permissive-2.0","record_id":null,"update_time":"2026-08-14T19:46:07Z","confidence":null,"between":null,"provider":"overture","resource":"confidence_calculation","version":"2026-08-14"},{"property":"/properties/operating_status","dataset":"Overture-signals","license":"CDLA-Permissive-2.0","record_id":"dea4aabc-a091-46ee-bf56-df89d91ebf5f","update_time":"2026-08-10T22:54:24Z","confidence":1.0,"between":null,"provider":"overture","resource":"operating_status_signal","version":"2026-08-10"}],"operating_status":"open","basic_category":"wellness_service","taxonomy":{"primary":"spa","hierarchy":["lifestyle_services","wellness_service","spa"],"alternates":null},"version":2}},{"id":"afbb2ef6-50ee-4c13-bf47-c8cf8e6f0f11","type":"Feature","geometry":{"type":"Point","coordinates":[-95.393423,29.555241]},"properties":{"categories":{"primary":"jewelry_store","alternate":null},"confidence":0.9199122190475464,"websites":["https://www.jared.com/","https://stores.jared.com/tx/pearland/2492?cid=seo-listings"],"socials":["https://www.facebook.com/Jaredjewelers","https://www.instagram.com/jaredjewelers/","https://www.pinterest.com/thatsjared/","https://www.tiktok.com/@jared.jewelers","https://twitter.com/thatsjared","https://www.youtube.com/@thatsjared"],"phones":["+17133401655","+18559314261"],"addresses":[{"freeform":"11222 Broadway Street","locality":"Pearland","postcode":"77584-9779","region":"TX","country":"US"}],"names":{"primary":"Jared Jewelers","common":null,"rules":null},"sources":[{"property":"","dataset":"DAC","license":"CDLA-Permissive-2.0","record_id":"overture:places:place:9000559894","update_time":"2026-08-11T20:47:18.614Z","confidence":1.0,"between":null,"provider":"dac","resource":"dac","version":"2026-08-10"},{"property":"/properties/confidence","dataset":"Overture","license":"CDLA-Permissive-2.0","record_id":null,"update_time":"2026-08-14T19:46:07Z","confidence":null,"between":null,"provider":"overture","resource":"confidence_calculation","version":"2026-08-14"},{"property":"/properties/operating_status","dataset":"Overture-signals","license":"CDLA-Permissive-2.0","record_id":"5107a490-2b6d-4da9-bae6-9a1999f01f87","update_time":"2026-08-10T22:54:24Z","confidence":1.0,"between":null,"provider":"overture","resource":"operating_status_signal","version":"2026-08-10"}],"operating_status":"open","basic_category":"fashion_and_apparel_store","taxonomy":{"primary":"jewelry_store","hierarchy":["shopping","fashion_and_apparel_store","jewelry_store"],"alternates":null},"version":8}},{"id":"290018dd-b65c-4fa1-b900-01dcb6f125a0","type":"Feature","geometry":{"type":"Point","coordinates":[-95.39341,29.55514]},"properties":{"confidence":0.6368799209594727,"websites":["http://www.premierpsychservices.com"],"socials":["https://www.facebook.com/440997403295185"],"phones":["+17135688253"],"brand":{"wikidata":null,"names":{"primary":"Gulf Coast Psychological Services PLLC","common":null,"rules":null}},"addresses":[{"freeform":"11200 Broadway St","locality":"Pearland","postcode":"77584-0085","region":"TX","country":"US"}],"names":{"primary":"Gulf Coast Psychological Services PLLC","common":null,"rules":null},"sources":[{"property":"","dataset":"meta","license":"CDLA-Permissive-2.0","record_id":"440997403295185","update_time":"2026-08-10T00:00:00.000Z","confidence":0.6368799209594727,"between":null,"provider":"meta","resource":"meta","version":"2026-08-10"},{"property":"/properties/confidence","dataset":"Overture","license":"CDLA-Permissive-2.0","record_id":null,"update_time":"2026-08-14T19:46:07Z","confidence":null,"between":null,"provider":"overture","resource":"confidence_calculation","version":"2026-08-14"}],"basic_category":"behavioral_or_mental_health_clinic","version":2}},{"id":"d77b5875-07ab-4ddb-b5fe-68097c1addd0","type":"Feature","geometry":{"type":"Point","coordinates":[-95.39341,29.55514]},"properties":{"categories":{"primary":"beauty_salon","alternate":["beauty_and_spa"]},"confidence":0.49899885058403015,"emails":["hairstylist.griffink@gmail.com"],"socials":["https://www.facebook.com/115296849930141"],"brand":{"wikidata":null,"names":{"primary":null,"common":null,"rules":null}},"addresses":[{"freeform":"11200 Broadway St","locality":"Pearland","postcode":"77584-0085","region":"TX","country":"US"}],"names":{"primary":"Griffin HAIRquaters","common":null,"rules":null},"sources":[{"property":"","dataset":"meta","license":"CDLA-Permissive-2.0","record_id":"115296849930141","update_time":"2026-08-10T00:00:00.000Z","confidence":0.49899885058403015,"between":null,"provider":"meta","resource":"meta","version":"2026-08-10"},{"property":"/properties/confidence","dataset":"Overture","license":"CDLA-Permissive-2.0","record_id":null,"update_time":"2026-08-14T19:46:07Z","confidence":null,"between":null,"provider":"overture","resource":"confidence_calculation","version":"2026-08-14"}],"basic_category":"personal_or_beauty_service","taxonomy":{"primary":"beauty_salon","hierarchy":["lifestyle_services","personal_or_beauty_service","beauty_salon"],"alternates":null},"version":7}},{"id":"6182b092-093e-4d23-9965-8fec2b99a86a","type":"Feature","geometry":{"type":"Point","coordinates":[-95.39341,29.55514]},"properties":{"categories":{"primary":"beauty_salon","alternate":["wig_store","cosmetic_and_beauty_supplies"]},"confidence":0.8028324842453003,"websites":["http://www.bookthemanesuite.com/"],"socials":["https://www.facebook.com/1495165944088486"],"phones":["+17132993352"],"brand":{"wikidata":null,"names":{"primary":null,"common":null,"rules":null}},"addresses":[{"freeform":"5555 Loop Fwy","locality":"Bellaire","postcode":"77401","region":"TX","country":"US"}],"names":{"primary":"The Mane Suite.Htx","common":null,"rules":null},"sources":[{"property":"","dataset":"meta","license":"CDLA-Permissive-2.0","record_id":"1495165944088486","update_time":"2026-08-10T00:00:00.000Z","confidence":0.8028324842453003,"between":null,"provider":"meta","resource":"meta","version":"2026-08-10"},{"property":"/properties/confidence","dataset":"Overture","license":"CDLA-Permissive-2.0","record_id":null,"update_time":"2026-08-14T19:46:07Z","confidence":null,"between":null,"provider":"overture","resource":"confidence_calculation","version":"2026-08-14"}],"basic_category":"personal_or_beauty_service","taxonomy":{"primary":"beauty_salon","hierarchy":["lifestyle_services","personal_or_beauty_service","beauty_salon"],"alternates":null},"version":1}},{"id":"bcc352e3-05f7-477d-9f22-c1200695803e","type":"Feature","geometry":{"type":"Point","coordinates":[-95.39341,29.55514]},"properties":{"categories":{"primary":"real_estate_agent","alternate":["real_estate"]},"confidence":0.49844595789909363,"websites":["http://www.ewingliving.com/"],"emails":["deidra@ewingliving.com"],"socials":["https://www.facebook.com/1520668578202168"],"phones":["+18326579538"],"brand":{"wikidata":null,"names":{"primary":null,"common":null,"rules":null}},"addresses":[{"freeform":"11200 Broadway St","locality":"Pearland","postcode":"77584-0085","region":"TX","country":"US"}],"names":{"primary":"Ewing Living","common":null,"rules":null},"sources":[{"property":"","dataset":"meta","license":"CDLA-Permissive-2.0","record_id":"1520668578202168","update_time":"2026-08-10T00:00:00.000Z","confidence":0.49844595789909363,"between":null,"provider":"meta","resource":"meta","version":"2026-08-10"},{"property":"/properties/confidence","dataset":"Overture","license":"CDLA-Permissive-2.0","record_id":null,"update_time":"2026-08-14T19:46:07Z","confidence":null,"between":null,"provider":"overture","resource":"confidence_calculation","version":"2026-08-14"}],"basic_category":"real_estate_service","taxonomy":{"primary":"real_estate_agent","hierarchy":["services_and_business","real_estate_service","real_estate_agent"],"alternates":null},"version":1}},{"id":"6be75b6f-96cd-4f72-b17f-a66473cdec78","type":"Feature","geometry":{"type":"Point","coordinates":[-95.39341,29.55514]},"properties":{"categories":{"primary":"pizza_restaurant","alternate":["restaurant","fast_food_restaurant"]},"confidence":0.3686992824077606,"websites":["http://www.deligrosso.com/"],"emails":["deligrossopizza@gmail.com"],"socials":["https://www.facebook.com/102901625720656"],"phones":["+13467797219"],"brand":{"wikidata":null,"names":{"primary":null,"common":null,"rules":null}},"addresses":[{"freeform":"11200 Broadway St","locality":"Pearland","postcode":"77584","region":"TX","country":"US"}],"names":{"primary":"DeliGrosso Pizza","common":null,"rules":null},"sources":[{"property":"","dataset":"meta","license":"CDLA-Permissive-2.0","record_id":"102901625720656","update_time":"2026-08-10T00:00:00.000Z","confidence":0.3686992824077606,"between":null,"provider":"meta","resource":"meta","version":"2026-08-10"},{"property":"/properties/confidence","dataset":"Overture","license":"CDLA-Permissive-2.0","record_id":null,"update_time":"2026-08-14T19:46:07Z","confidence":null,"between":null,"provider":"overture","resource":"confidence_calculation","version":"2026-08-14"}],"basic_category":"restaurant","taxonomy":{"primary":"pizza_restaurant","hierarchy":["food_and_drink","restaurant","european_restaurant","mediterranean_restaurant","italian_restaurant","pizza_restaurant"],"alternates":null},"version":2}},{"id":"df664b7b-d5ff-4b39-a2d5-247a075dafc0","type":"Feature","geometry":{"type":"Point","coordinates":[-95.39341,29.55514]},"properties":{"categories":{"primary":"bank_credit_union","alternate":["banks","investing"]},"confidence":0.7006157040596008,"websites":["http://www.regions.com"],"socials":["https://www.facebook.com/1325282530955672"],"phones":["+17134369119"],"brand":{"wikidata":null,"names":{"primary":"Regions Bank","common":null,"rules":null}},"addresses":[{"freeform":null,"locality":"Pearland","postcode":null,"region":"TX","country":"US"}],"names":{"primary":"Regions Bank","common":null,"rules":null},"sources":[{"property":"","dataset":"meta","license":"CDLA-Permissive-2.0","record_id":"1325282530955672","update_time":"2026-08-10T00:00:00.000Z","confidence":0.7006157040596008,"between":null,"provider":"meta","resource":"meta","version":"2026-08-10"},{"property":"/properties/confidence","dataset":"Overture","license":"CDLA-Permissive-2.0","record_id":null,"update_time":"2026-08-14T19:46:07Z","confidence":null,"between":null,"provider":"overture","resource":"confidence_calculation","version":"2026-08-14"}],"basic_category":"bank_or_credit_union","taxonomy":{"primary":"bank_or_credit_union","hierarchy":["services_and_business","financial_service","bank_or_credit_union"],"alternates":null},"version":8}},{"id":"d57c5693-3b29-4303-bef5-e71834aeb1cd","type":"Feature","geometry":{"type":"Point","coordinates":[-95.39341,29.55514]},"properties":{"categories":{"primary":"travel_services","alternate":null},"confidence":0.10736687481403351,"websites":["http://labusatravel.com/"],"emails":["info@labusatravel.com"],"socials":["https://www.facebook.com/109349777332662"],"phones":["+17139033414"],"brand":{"wikidata":null,"names":{"primary":null,"common":null,"rules":null}},"addresses":[{"freeform":null,"locality":"Pearland","postcode":null,"region":"TX","country":"US"}],"names":{"primary":"Labusa Travel","common":null,"rules":null},"sources":[{"property":"","dataset":"meta","license":"CDLA-Permissive-2.0","record_id":"109349777332662","update_time":"2026-08-10T00:00:00.000Z","confidence":0.10736687481403351,"between":null,"provider":"meta","resource":"meta","version":"2026-08-10"},{"property":"/properties/confidence","dataset":"Overture","license":"CDLA-Permissive-2.0","record_id":null,"update_time":"2026-08-14T19:46:07Z","confidence":null,"between":null,"provider":"overture","resource":"confidence_calculation","version":"2026-08-14"}],"basic_category":"travel_service","taxonomy":{"primary":"travel_service","hierarchy":["travel_and_transportation","travel_service"],"alternates":null},"version":1}},{"id":"2f32e312-4527-4b56-b125-99e171104107","type":"Feature","geometry":{"type":"Point","coordinates":[-95.3935743,29.5555474]},"properties":{"categories":{"primary":"childrens_clothing_store","alternate":["clothing_store","shopping"]},"confidence":0.43086716532707214,"websites":["http://www.theivyfiles.com/"],"socials":["https://www.facebook.com/159975387877111"],"phones":["+12814127416"],"brand":{"wikidata":null,"names":{"primary":null,"common":null,"rules":null}},"addresses":[{"freeform":"11200 Broadway St","locality":"Pearland","postcode":"77584-0085","region":"TX","country":"US"}],"names":{"primary":"Rainey's Bungalow","common":null,"rules":null},"sources":[{"property":"","dataset":"meta","license":"CDLA-Permissive-2.0","record_id":"159975387877111","update_time":"2026-08-10T00:00:00.000Z","confidence":0.43086716532707214,"between":null,"provider":"meta","resource":"meta","version":"2026-08-10"},{"property":"/properties/confidence","dataset":"Overture","license":"CDLA-Permissive-2.0","record_id":null,"update_time":"2026-08-14T19:46:07Z","confidence":null,"between":null,"provider":"overture","resource":"confidence_calculation","version":"2026-08-14"}],"basic_category":"fashion_and_apparel_store","taxonomy":{"primary":"childrens_clothing_store","hierarchy":["shopping","fashion_and_apparel_store","clothing_store","childrens_clothing_store"],"alternates":null},"version":2}},{"id":"c4cd5f49-3cd1-4ede-98f4-a84d6de320a7","type":"Feature","geometry":{"type":"Point","coordinates":[-95.3935743,29.5555474]},"properties":{"categories":{"primary":"beauty_salon","alternate":["beauty_and_spa"]},"confidence":0.6712003946304321,"websites":["https://aliciaraniecebeauty.as.me/"],"emails":["aliciaraniecebeauty@gmail.com"],"socials":["https://www.facebook.com/155448355163001"],"brand":{"wikidata":null,"names":{"primary":null,"common":null,"rules":null}},"addresses":[{"freeform":"2947 E Broadway St","locality":"Pearland","postcode":"77581-4508","region":"TX","country":"US"}],"names":{"primary":"Alici\u00e1 Raniece Beauty","common":null,"rules":null},"sources":[{"property":"","dataset":"meta","license":"CDLA-Permissive-2.0","record_id":"155448355163001","update_time":"2026-08-10T00:00:00.000Z","confidence":0.6712003946304321,"between":null,"provider":"meta","resource":"meta","version":"2026-08-10"},{"property":"/properties/confidence","dataset":"Overture","license":"CDLA-Permissive-2.0","record_id":null,"update_time":"2026-08-14T19:46:07Z","confidence":null,"between":null,"provider":"overture","resource":"confidence_calculation","version":"2026-08-14"}],"basic_category":"personal_or_beauty_service","taxonomy":{"primary":"beauty_salon","hierarchy":["lifestyle_services","personal_or_beauty_service","beauty_salon"],"alternates":null},"version":1}},{"id":"cfd187e5-502b-4389-bcf6-3b6c937dce27","type":"Feature","geometry":{"type":"Point","coordinates":[-95.39364768,29.55470893]},"properties":{"categories":{"primary":"tanning_salon","alternate":["grocery_store","hotel"]},"confidence":0.37244728207588196,"socials":["https://www.facebook.com/166591836700709"],"phones":["+17133401550"],"brand":{"wikidata":null,"names":{"primary":null,"common":null,"rules":null}},"addresses":[{"freeform":"11200 Broadway St","locality":"Pearland","postcode":"77584-0085","region":"TX","country":"US"}],"names":{"primary":"Tropik Sunshade","common":null,"rules":null},"sources":[{"property":"","dataset":"meta","license":"CDLA-Permissive-2.0","record_id":"166591836700709","update_time":"2026-08-10T00:00:00.000Z","confidence":0.37244728207588196,"between":null,"provider":"meta","resource":"meta","version":"2026-08-10"},{"property":"/properties/confidence","dataset":"Overture","license":"CDLA-Permissive-2.0","record_id":null,"update_time":"2026-08-14T19:46:07Z","confidence":null,"between":null,"provider":"overture","resource":"confidence_calculation","version":"2026-08-14"}],"basic_category":"personal_or_beauty_service","taxonomy":{"primary":"tanning_salon","hierarchy":["lifestyle_services","personal_or_beauty_service","tanning_salon"],"alternates":null},"version":1}},{"id":"9ab38b1b-0f61-4ec8-a955-66b98d474d9c","type":"Feature","geometry":{"type":"Point","coordinates":[-95.39428,29.5556]},"properties":{"categories":{"primary":"spas","alternate":["hair_salon"]},"confidence":0.7723288536071777,"emails":["hildamberlanga@gmail.com"],"socials":["https://www.facebook.com/101301018528814"],"phones":["+13617289180"],"brand":{"wikidata":null,"names":{"primary":null,"common":null,"rules":null}},"addresses":[{"freeform":"11200 Broadway St","locality":"Pearland","postcode":"77584-0085","region":"TX","country":"US"}],"names":{"primary":"Hilda Berlanga Hair Studio","common":null,"rules":null},"sources":[{"property":"","dataset":"meta","license":"CDLA-Permissive-2.0","record_id":"101301018528814","update_time":"2026-08-10T00:00:00.000Z","confidence":0.7723288536071777,"between":null,"provider":"meta","resource":"meta","version":"2026-08-10"},{"property":"/properties/confidence","dataset":"Overture","license":"CDLA-Permissive-2.0","record_id":null,"update_time":"2026-08-14T19:46:07Z","confidence":null,"between":null,"provider":"overture","resource":"confidence_calculation","version":"2026-08-14"},{"property":"/properties/operating_status","dataset":"Overture-signals","license":"CDLA-Permissive-2.0","record_id":"acb88a55-c4fd-4296-9a6c-ae884ee6cdb5","update_time":"2026-08-10T22:54:24Z","confidence":1.0,"between":null,"provider":"overture","resource":"operating_status_signal","version":"2026-08-10"}],"operating_status":"open","basic_category":"wellness_service","taxonomy":{"primary":"spa","hierarchy":["lifestyle_services","wellness_service","spa"],"alternates":null},"version":2}},{"id":"b6c17b99-466a-430c-acbc-c99bc36652e9","type":"Feature","geometry":{"type":"Point","coordinates":[-95.39464,29.55507]},"properties":{"categories":{"primary":"day_spa","alternate":["skin_care"]},"confidence":0.4348401427268982,"websites":["https://facefoundrie.com/"],"socials":["https://www.facebook.com/906841385851474"],"phones":["+18324921644"],"brand":{"wikidata":null,"names":{"primary":"FACE FOUNDRI\u00c9","common":null,"rules":null}},"addresses":[{"freeform":"11302 Broadway St","locality":"Pearland","postcode":"77584-9792","region":"TX","country":"US"}],"names":{"primary":"Face Foundri\u00c9","common":null,"rules":null},"sources":[{"property":"","dataset":"meta","license":"CDLA-Permissive-2.0","record_id":"906841385851474","update_time":"2026-08-10T00:00:00.000Z","confidence":0.4348401427268982,"between":null,"provider":"meta","resource":"meta","version":"2026-08-10"},{"property":"/properties/confidence","dataset":"Overture","license":"CDLA-Permissive-2.0","record_id":null,"update_time":"2026-08-14T19:46:07Z","confidence":null,"between":null,"provider":"overture","resource":"confidence_calculation","version":"2026-08-14"}],"basic_category":"wellness_service","taxonomy":{"primary":"day_spa","hierarchy":["lifestyle_services","wellness_service","spa","day_spa"],"alternates":null},"version":2}},{"id":"46755450-69b2-43c0-8d59-5619ceab7617","type":"Feature","geometry":{"type":"Point","coordinates":[-95.39460786,29.55492098]},"properties":{"categories":{"primary":"taco_restaurant","alternate":["texmex_restaurant","mexican_restaurant"]},"confidence":0.9657435417175293,"websites":["https://www.freebirds.com/locations/pearland-town-center-pl-11302-broadway-ste-110-pearland-tx-77584"],"emails":["pearland@freebirds.com"],"socials":["https://www.facebook.com/168025246606431"],"phones":["+12817413337"],"brand":{"wikidata":null,"names":{"primary":"Freebirds World Burrito","common":null,"rules":null}},"addresses":[{"freeform":"11302 W Broadway St Ste 110","locality":"Pearland","postcode":"77584","region":"TX","country":"US"}],"names":{"primary":"Freebirds World Burrito","common":null,"rules":null},"sources":[{"property":"","dataset":"meta","license":"CDLA-Permissive-2.0","record_id":"168025246606431","update_time":"2026-08-10T00:00:00.000Z","confidence":0.9931023120880127,"between":null,"provider":"meta","resource":"meta","version":"2026-08-10"},{"property":"/properties/confidence","dataset":"Overture","license":"CDLA-Permissive-2.0","record_id":null,"update_time":"2026-08-14T19:46:07Z","confidence":null,"between":null,"provider":"overture","resource":"confidence_calculation","version":"2026-08-14"},{"property":"/properties/operating_status","dataset":"Overture-signals","license":"CDLA-Permissive-2.0","record_id":"016cc18e-67dc-487f-86ad-dceed17569a0","update_time":"2026-07-13T15:52:52Z","confidence":1.0,"between":null,"provider":"overture","resource":"operating_status_signal","version":"2026-07-13"}],"operating_status":"open","basic_category":"restaurant","taxonomy":{"primary":"taco_restaurant","hierarchy":["food_and_drink","restaurant","latin_american_restaurant","taco_restaurant"],"alternates":null},"version":10}},{"id":"21a589df-adc6-450b-8305-201648a4d53c","type":"Feature","geometry":{"type":"Point","coordinates":[-95.3944828,29.5551987]},"properties":{"categories":{"primary":"cosmetic_and_beauty_supplies","alternate":null},"confidence":0.75,"websites":["https://www.buffcitysoap.com"],"phones":["13464092939"],"addresses":[{"freeform":"11302 Broadway St  Ste 106","locality":"Pearland","postcode":"77584-9792","region":"TX","country":"US"}],"names":{"primary":"Buff City Soap","common":null,"rules":null},"sources":[{"property":"","dataset":"BrightQuery","license":"CDLA-Permissive-2.0","record_id":"102530793","update_time":"2026-08-13T13:23:42.875Z","confidence":0.75,"between":null,"provider":"brightquery","resource":"brightquery","version":"2026-08-10"},{"property":"/properties/confidence","dataset":"Overture","license":"CDLA-Permissive-2.0","record_id":null,"update_time":"2026-08-14T19:46:07Z","confidence":null,"between":null,"provider":"overture","resource":"confidence_calculation","version":"2026-08-14"},{"property":"/properties/operating_status","dataset":"Overture-signals","license":"CDLA-Permissive-2.0","record_id":"017bb00f-1c62-4733-a48e-f21c20ca694e","update_time":"2026-08-10T22:54:24Z","confidence":1.0,"between":null,"provider":"overture","resource":"operating_status_signal","version":"2026-08-10"}],"operating_status":"open","basic_category":"personal_care_and_beauty_store","taxonomy":{"primary":"beauty_supply_store","hierarchy":["shopping","specialty_store","personal_care_and_beauty_store","beauty_supply_store"],"alternates":null},"version":2}},{"id":"1348da98-cab5-4aa2-b28e-8819295792b7","type":"Feature","geometry":{"type":"Point","coordinates":[-95.3944828,29.5551987]},"properties":{"categories":{"primary":"sports_wear","alternate":null},"confidence":0.55,"websites":["http://www.soccer4all.com"],"phones":["+17133401300"],"addresses":[{"freeform":"11302 Broadway St Ste 106","locality":"Pearland","postcode":"77584-9792","region":"TX","country":"US"}],"names":{"primary":"Soccer 4 All","common":null,"rules":null},"sources":[{"property":"","dataset":"BrightQuery","license":"CDLA-Permissive-2.0","record_id":"96399253","update_time":"2026-08-13T13:23:42.875Z","confidence":0.55,"between":null,"provider":"brightquery","resource":"brightquery","version":"2026-08-10"},{"property":"/properties/confidence","dataset":"Overture","license":"CDLA-Permissive-2.0","record_id":null,"update_time":"2026-08-14T19:46:07Z","confidence":null,"between":null,"provider":"overture","resource":"confidence_calculation","version":"2026-08-14"}],"operating_status":"permanently_closed","basic_category":"sporting_goods_store","taxonomy":{"primary":"sportswear_store","hierarchy":["shopping","specialty_store","sporting_goods_store","sportswear_store"],"alternates":null},"version":2}},{"id":"c0665045-70ef-41e1-a77f-8a4c43fbd70e","type":"Feature","geometry":{"type":"Point","coordinates":[-95.3944828,29.5551987]},"properties":{"categories":{"primary":"chinese_restaurant","alternate":null},"confidence":0.979867696762085,"websites":["https://www.peiwei.com"],"phones":["17134363840"],"addresses":[{"freeform":"11302 Broadway St  Ste 102","locality":"Pearland","postcode":"77584-9792","region":"TX","country":"US"}],"names":{"primary":"Pei Wei Asian Kitchen","common":null,"rules":null},"sources":[{"property":"","dataset":"BrightQuery","license":"CDLA-Permissive-2.0","record_id":"85017029","update_time":"2026-08-13T13:23:42.875Z","confidence":0.95,"between":null,"provider":"brightquery","resource":"brightquery","version":"2026-08-10"},{"property":"/properties/confidence","dataset":"Overture","license":"CDLA-Permissive-2.0","record_id":null,"update_time":"2026-08-14T19:46:07Z","confidence":null,"between":null,"provider":"overture","resource":"confidence_calculation","version":"2026-08-14"},{"property":"/properties/operating_status","dataset":"Overture-signals","license":"CDLA-Permissive-2.0","record_id":"bd8668a3-04b2-4240-89e2-08982cda4a76","update_time":"2026-06-26T16:25:14Z","confidence":1.0,"between":null,"provider":"overture","resource":"operating_status_signal","version":"2026-06-22"}],"operating_status":"open","basic_category":"restaurant","taxonomy":{"primary":"chinese_restaurant","hierarchy":["food_and_drink","restaurant","asian_restaurant","east_asian_restaurant","chinese_restaurant"],"alternates":null},"version":9}},{"id":"441eee50-349e-40e7-b16c-ceae3d0bfb4e","type":"Feature","geometry":{"type":"Point","coordinates":[-95.39429783821106,29.55459711341866]},"properties":{"categories":{"primary":"cafe","alternate":null},"confidence":0.9199122190475464,"websites":["http://www.mimiscafe.com"],"socials":["https://www.twitter.com/mimis_cafe"],"phones":["(713) 436-7533"],"addresses":[{"freeform":"11200 Broadway St","locality":"Pearland","postcode":"77584","region":"TX","country":"US"}],"names":{"primary":"Mimi's Caf\u00e9","common":null,"rules":null},"sources":[{"property":"","dataset":"Foursquare","license":"Apache-2.0","record_id":"4af24751f964a52016e721e3","update_time":"2025-03-20T00:00:00.000","confidence":0.77,"between":null,"provider":"foursquare","resource":"foursquare","version":"2026-04-14"},{"property":"/properties/confidence","dataset":"Overture","license":"CDLA-Permissive-2.0","record_id":null,"update_time":"2026-08-14T19:46:07Z","confidence":null,"between":null,"provider":"overture","resource":"confidence_calculation","version":"2026-08-14"},{"property":"/properties/operating_status","dataset":"Overture-signals","license":"CDLA-Permissive-2.0","record_id":"907a40d8-3744-40d8-91ca-f88f874781f2","update_time":"2026-08-10T22:54:24Z","confidence":1.0,"between":null,"provider":"overture","resource":"operating_status_signal","version":"2026-08-10"}],"operating_status":"open","basic_category":"cafe","taxonomy":{"primary":"cafe","hierarchy":["food_and_drink","casual_eatery","cafe"],"alternates":null},"version":3}},{"id":"c409a923-afab-41ea-98a0-0819a08ed50e","type":"Feature","geometry":{"type":"Point","coordinates":[-95.39431112563145,29.55460620273084]},"properties":{"categories":{"primary":"womens_clothing_store","alternate":null},"confidence":0.77,"websites":["http://www.pearlandtowncenter.com"],"socials":["https://www.facebook.com/368063583252818"],"phones":["(713) 436-8323"],"addresses":[{"freeform":"11200 Broadway St Ste 1320","locality":"Pearland","postcode":"77584","region":"TX","country":"US"}],"names":{"primary":"Body Central","common":null,"rules":null},"sources":[{"property":"","dataset":"Foursquare","license":"Apache-2.0","record_id":"5034304ae4b04e46b74a5cb3","update_time":"2025-10-08T00:00:00.000","confidence":0.77,"between":null,"provider":"foursquare","resource":"foursquare","version":"2026-04-14"},{"property":"/properties/confidence","dataset":"Overture","license":"CDLA-Permissive-2.0","record_id":null,"update_time":"2026-08-14T19:46:07Z","confidence":null,"between":null,"provider":"overture","resource":"confidence_calculation","version":"2026-08-14"},{"property":"/properties/operating_status","dataset":"Overture-signals","license":"CDLA-Permissive-2.0","record_id":"bcc96e3c-6c45-4742-9202-8b736c1a6fd6","update_time":"2026-08-10T22:54:24Z","confidence":1.0,"between":null,"provider":"overture","resource":"operating_status_signal","version":"2026-08-10"}],"operating_status":"open","basic_category":"fashion_and_apparel_store","taxonomy":{"primary":"womens_clothing_store","hierarchy":["shopping","fashion_and_apparel_store","clothing_store","womens_clothing_store"],"alternates":null},"version":4}},{"id":"73dfd50a-ef3b-4aa8-a18e-b1f94e2300a8","type":"Feature","geometry":{"type":"Point","coordinates":[-95.39431308,29.55460124]},"properties":{"categories":{"primary":"french_restaurant","alternate":["bakery","cafe"]},"confidence":0.9862404465675354,"websites":["http://lamadeleine.com/"],"emails":["pearland@lamadeleine.com"],"socials":["https://www.facebook.com/470190529834394"],"phones":["+18329163598"],"brand":{"wikidata":null,"names":{"primary":"La Madeleine Bakery & Cafe","common":null,"rules":null}},"addresses":[{"freeform":"11200 Broadway St","locality":"Pearland","postcode":"77584-0085","region":"TX","country":"US"}],"names":{"primary":"La Madeleine","common":null,"rules":null},"sources":[{"property":"","dataset":"meta","license":"CDLA-Permissive-2.0","record_id":"470190529834394","update_time":"2026-08-10T00:00:00.000Z","confidence":0.9963017702102661,"between":null,"provider":"meta","resource":"meta","version":"2026-08-10"},{"property":"/properties/confidence","dataset":"Overture","license":"CDLA-Permissive-2.0","record_id":null,"update_time":"2026-08-14T19:46:07Z","confidence":null,"between":null,"provider":"overture","resource":"confidence_calculation","version":"2026-08-14"},{"property":"/properties/operating_status","dataset":"Overture-signals","license":"CDLA-Permissive-2.0","record_id":"3a40ebef-2083-4608-a0e7-8dcc9a5d07f5","update_time":"2026-08-10T22:54:24Z","confidence":1.0,"between":null,"provider":"overture","resource":"operating_status_signal","version":"2026-08-10"}],"operating_status":"open","basic_category":"restaurant","taxonomy":{"primary":"french_restaurant","hierarchy":["food_and_drink","restaurant","european_restaurant","western_european_restaurant","french_restaurant"],"alternates":null},"version":11}},{"id":"f8fd5a6f-d45f-48ab-b96f-7dd32fcfcc7f","type":"Feature","geometry":{"type":"Point","coordinates":[-95.39418345,29.55429257]},"properties":{"categories":{"primary":"burger_restaurant","alternate":["american_restaurant","theme_restaurant"]},"confidence":0.9998838876187801,"websites":["https://www.redrobin.com/locations/tx/pearland/pearland-511"],"emails":["pearland@redrobin.com"],"socials":["https://www.facebook.com/169450853113922"],"phones":["+17133401272"],"brand":{"wikidata":null,"names":{"primary":"Red Robin Gourmet Burgers","common":null,"rules":null}},"addresses":[{"freeform":"11200 Broadway St","locality":"Pearland","postcode":"77584-0085","region":"TX","country":"US"}],"names":{"primary":"Red Robin","common":null,"rules":null},"sources":[{"property":"","dataset":"meta","license":"CDLA-Permissive-2.0","record_id":"169450853113922","update_time":"2026-08-10T00:00:00.000Z","confidence":0.9966344237327576,"between":null,"provider":"meta","resource":"meta","version":"2026-08-10"},{"property":"/properties/confidence","dataset":"Overture","license":"CDLA-Permissive-2.0","record_id":null,"update_time":"2026-08-14T19:46:07Z","confidence":null,"between":null,"provider":"overture","resource":"confidence_calculation","version":"2026-08-14"},{"property":"/properties/operating_status","dataset":"Overture-signals","license":"CDLA-Permissive-2.0","record_id":"fbf0ed8f-2cce-41b6-ba45-8398e5694fa3","update_time":"2026-08-10T22:54:24Z","confidence":1.0,"between":null,"provider":"overture","resource":"operating_status_signal","version":"2026-08-10"}],"operating_status":"open","basic_category":"restaurant","taxonomy":{"primary":"burger_restaurant","hierarchy":["food_and_drink","restaurant","meat_restaurant","burger_restaurant"],"alternates":null},"version":4}},{"id":"9df3f1ef-7b32-4a03-b5aa-661710a8ab2a","type":"Feature","geometry":{"type":"Point","coordinates":[-95.3941888,29.5539407]},"properties":{"categories":{"primary":"barber","alternate":null},"confidence":0.95,"websites":["www.houseofclassiccuts.com"],"phones":["18325473525"],"addresses":[{"freeform":"11200 Broadway St  Ste 1410 Rm 6","locality":"Pearland","postcode":"77584-2278","region":"TX","country":"US"}],"names":{"primary":"House Of Classic Cuts","common":null,"rules":null},"sources":[{"property":"","dataset":"BrightQuery","license":"CDLA-Permissive-2.0","record_id":"97375008","update_time":"2026-08-13T13:23:42.875Z","confidence":0.95,"between":null,"provider":"brightquery","resource":"brightquery","version":"2026-08-10"},{"property":"/properties/confidence","dataset":"Overture","license":"CDLA-Permissive-2.0","record_id":null,"update_time":"2026-08-14T19:46:07Z","confidence":null,"between":null,"provider":"overture","resource":"confidence_calculation","version":"2026-08-14"}],"operating_status":"open","basic_category":"personal_or_beauty_service","taxonomy":{"primary":"barber","hierarchy":["lifestyle_services","personal_or_beauty_service","barber"],"alternates":null},"version":1}},{"id":"b3d39ac3-9796-4d2c-b8c9-0adb66948596","type":"Feature","geometry":{"type":"Point","coordinates":[-95.3941888,29.5539407]},"properties":{"categories":{"primary":"venue_and_event_space","alternate":null},"confidence":0.75,"websites":["https://pinotspalette.com/fresno"],"phones":["2818376561"],"addresses":[{"freeform":"11200 Broadway St  Ste 710","locality":"Pearland","postcode":"77584-0095","region":"TX","country":"US"}],"names":{"primary":"Pinot's Palette","common":null,"rules":null},"sources":[{"property":"","dataset":"BrightQuery","license":"CDLA-Permissive-2.0","record_id":"105269586","update_time":"2026-08-13T13:23:42.875Z","confidence":0.75,"between":null,"provider":"brightquery","resource":"brightquery","version":"2026-08-10"},{"property":"/properties/confidence","dataset":"Overture","license":"CDLA-Permissive-2.0","record_id":null,"update_time":"2026-08-14T19:46:07Z","confidence":null,"between":null,"provider":"overture","resource":"confidence_calculation","version":"2026-08-14"},{"property":"/properties/operating_status","dataset":"Overture-signals","license":"CDLA-Permissive-2.0","record_id":"f4a75047-ef00-4d76-afc9-b939de9d0bef","update_time":"2026-08-10T22:54:24Z","confidence":1.0,"between":null,"provider":"overture","resource":"operating_status_signal","version":"2026-08-10"}],"operating_status":"open","basic_category":"event_venue","taxonomy":{"primary":"event_venue","hierarchy":["arts_and_entertainment","event_venue"],"alternates":null},"version":2}},{"id":"5f4f6b21-aca3-4f47-93c5-34733ee398bf","type":"Feature","geometry":{"type":"Point","coordinates":[-95.3941888,29.5539407]},"properties":{"categories":{"primary":"sunglasses_store","alternate":null},"confidence":0.9199122190475464,"websites":["https://www.sunglasshut.com"],"phones":["17134367619"],"addresses":[{"freeform":"11200 Broadway St  Ste 1360","locality":"Pearland","postcode":"77584-0108","region":"TX","country":"US"}],"names":{"primary":"Sunglass Hut","common":null,"rules":null},"sources":[{"property":"","dataset":"BrightQuery","license":"CDLA-Permissive-2.0","record_id":"95716826","update_time":"2026-08-13T13:23:42.875Z","confidence":0.95,"between":null,"provider":"brightquery","resource":"brightquery","version":"2026-08-10"},{"property":"/properties/confidence","dataset":"Overture","license":"CDLA-Permissive-2.0","record_id":null,"update_time":"2026-08-14T19:46:07Z","confidence":null,"between":null,"provider":"overture","resource":"confidence_calculation","version":"2026-08-14"},{"property":"/properties/operating_status","dataset":"Overture-signals","license":"CDLA-Permissive-2.0","record_id":"994614a4-ea86-4868-8c59-d3ba1155d588","update_time":"2026-08-10T22:54:24Z","confidence":1.0,"between":null,"provider":"overture","resource":"operating_status_signal","version":"2026-08-10"}],"operating_status":"open","basic_category":"fashion_and_apparel_store","taxonomy":{"primary":"sunglasses_store","hierarchy":["shopping","fashion_and_apparel_store","eyewear_store","sunglasses_store"],"alternates":null},"version":7}},{"id":"cc9b298b-9e45-44a1-aea8-cba4d90374d0","type":"Feature","geometry":{"type":"Point","coordinates":[-95.3941888,29.5539407]},"properties":{"categories":{"primary":"cosmetic_surgeon","alternate":null},"confidence":0.55,"websites":["mysurgeonforbeauty.com"],"phones":["+12813178179"],"addresses":[{"freeform":"11200 Broadway St Ste 1385","locality":"Pearland","postcode":"77584-2198","region":"TX","country":"US"}],"names":{"primary":"My Surgeon For Beauty","common":null,"rules":null},"sources":[{"property":"","dataset":"BrightQuery","license":"CDLA-Permissive-2.0","record_id":"93535667","update_time":"2026-08-13T13:23:42.875Z","confidence":0.55,"between":null,"provider":"brightquery","resource":"brightquery","version":"2026-08-10"},{"property":"/properties/confidence","dataset":"Overture","license":"CDLA-Permissive-2.0","record_id":null,"update_time":"2026-08-14T19:46:07Z","confidence":null,"between":null,"provider":"overture","resource":"confidence_calculation","version":"2026-08-14"}],"operating_status":"open","basic_category":"surgery","taxonomy":{"primary":"cosmetic_surgery","hierarchy":["health_care","specialized_medical_facility","surgery","plastic_and_reconstructive_surgery","cosmetic_surgery"],"alternates":null},"version":1}},{"id":"c13ef1e2-f739-4921-b13d-0c243eb8a6fe","type":"Feature","geometry":{"type":"Point","coordinates":[-95.3941888,29.5539407]},"properties":{"categories":{"primary":"restaurant","alternate":null},"confidence":0.95,"addresses":[{"freeform":"11200 Broadway St Ste 360","locality":"Pearland","postcode":"77584-2277","region":"TX","country":"US"}],"names":{"primary":"First Colony Restaurant Group Inc","common":null,"rules":null},"sources":[{"property":"","dataset":"BrightQuery","license":"CDLA-Permissive-2.0","record_id":"376506329","update_time":"2026-08-13T13:23:42.875Z","confidence":0.95,"between":null,"provider":"brightquery","resource":"brightquery","version":"2026-08-10"},{"property":"/properties/confidence","dataset":"Overture","license":"CDLA-Permissive-2.0","record_id":null,"update_time":"2026-08-14T19:46:07Z","confidence":null,"between":null,"provider":"overture","resource":"confidence_calculation","version":"2026-08-14"},{"property":"/properties/operating_status","dataset":"Overture-signals","license":"CDLA-Permissive-2.0","record_id":"c342795f-bf2b-4425-8845-a8f67c4d97cb","update_time":"2026-08-10T22:54:24Z","confidence":1.0,"between":null,"provider":"overture","resource":"operating_status_signal","version":"2026-08-10"}],"operating_status":"open","basic_category":"restaurant","taxonomy":{"primary":"restaurant","hierarchy":["food_and_drink","restaurant"],"alternates":null},"version":1}},{"id":"76fd208f-a596-4709-b92e-8c392a269952","type":"Feature","geometry":{"type":"Point","coordinates":[-95.3941888,29.5539407]},"properties":{"categories":{"primary":"mens_clothing_store","alternate":null},"confidence":0.55,"websites":["https://www.ae.com"],"phones":["+17134360159"],"addresses":[{"freeform":"11200 Broadway St Ste 330","locality":"Pearland","postcode":"77584-2196","region":"TX","country":"US"}],"names":{"primary":"American Eagle Outfitters","common":null,"rules":null},"sources":[{"property":"","dataset":"BrightQuery","license":"CDLA-Permissive-2.0","record_id":"97140214","update_time":"2026-08-13T13:23:42.875Z","confidence":0.55,"between":null,"provider":"brightquery","resource":"brightquery","version":"2026-08-10"},{"property":"/properties/confidence","dataset":"Overture","license":"CDLA-Permissive-2.0","record_id":null,"update_time":"2026-08-14T19:46:07Z","confidence":null,"between":null,"provider":"overture","resource":"confidence_calculation","version":"2026-08-14"}],"operating_status":"open","basic_category":"fashion_and_apparel_store","taxonomy":{"primary":"mens_clothing_store","hierarchy":["shopping","fashion_and_apparel_store","clothing_store","mens_clothing_store"],"alternates":null},"version":1}},{"id":"6fbd9311-1af7-4b4e-bd36-524b3d86a07c","type":"Feature","geometry":{"type":"Point","coordinates":[-95.3941888,29.5539407]},"properties":{"categories":{"primary":"optometrist","alternate":null},"confidence":0.65,"phones":["17134364336"],"addresses":[{"freeform":"11200 Broadway St  Ste 1010","locality":"Pearland","postcode":"77584-2198","region":"TX","country":"US"}],"names":{"primary":"Medical Optometry Inc","common":null,"rules":null},"sources":[{"property":"","dataset":"BrightQuery","license":"CDLA-Permissive-2.0","record_id":"105114190","update_time":"2026-08-13T13:23:42.875Z","confidence":0.65,"between":null,"provider":"brightquery","resource":"brightquery","version":"2026-08-10"},{"property":"/properties/confidence","dataset":"Overture","license":"CDLA-Permissive-2.0","record_id":null,"update_time":"2026-08-14T19:46:07Z","confidence":null,"between":null,"provider":"overture","resource":"confidence_calculation","version":"2026-08-14"}],"operating_status":"open","basic_category":"vision_or_eye_care_clinic","taxonomy":{"primary":"optometry","hierarchy":["health_care","outpatient_care_facility","vision_or_eye_care_clinic","optometry"],"alternates":null},"version":1}},{"id":"7d590733-5725-45bd-ae3a-61dd1afe8ba2","type":"Feature","geometry":{"type":"Point","coordinates":[-95.3941888,29.5539407]},"properties":{"categories":{"primary":"ev_charging_station","alternate":null},"confidence":0.35,"websites":["https://www.shell.com"],"phones":["18882642208"],"addresses":[{"freeform":"11200 Broadway St  Ste 950 Unit 950","locality":"Pearland","postcode":"77584-2198","region":"TX","country":"US"}],"names":{"primary":"Shell Recharge Charging Station","common":null,"rules":null},"sources":[{"property":"","dataset":"BrightQuery","license":"CDLA-Permissive-2.0","record_id":"80980858","update_time":"2026-08-13T13:23:42.875Z","confidence":0.35,"between":null,"provider":"brightquery","resource":"brightquery","version":"2026-08-10"},{"property":"/properties/confidence","dataset":"Overture","license":"CDLA-Permissive-2.0","record_id":null,"update_time":"2026-08-14T19:46:07Z","confidence":null,"between":null,"provider":"overture","resource":"confidence_calculation","version":"2026-08-14"}],"operating_status":"open","basic_category":"ev_charging_station","taxonomy":{"primary":"ev_charging_station","hierarchy":["travel_and_transportation","fueling_station","ev_charging_station"],"alternates":null},"version":1}},{"id":"503bffe3-4c6f-437d-9dbb-b8e84419b76c","type":"Feature","geometry":{"type":"Point","coordinates":[-95.3941888,29.5539407]},"properties":{"categories":{"primary":"massage_therapy","alternate":null},"confidence":0.8131814226508141,"websites":["http://www.s2yskinandmassage.com"],"phones":["17139987846"],"addresses":[{"freeform":"11200 Broadway St  Ste 1410 Rm 28","locality":"Pearland","postcode":"77584-2278","region":"TX","country":"US"}],"names":{"primary":"Sozo 2 You Integrated Wellness Center","common":null,"rules":null},"sources":[{"property":"","dataset":"BrightQuery","license":"CDLA-Permissive-2.0","record_id":"99162452","update_time":"2026-08-13T13:23:42.875Z","confidence":0.75,"between":null,"provider":"brightquery","resource":"brightquery","version":"2026-08-10"},{"property":"/properties/confidence","dataset":"Overture","license":"CDLA-Permissive-2.0","record_id":null,"update_time":"2026-08-14T19:46:07Z","confidence":null,"between":null,"provider":"overture","resource":"confidence_calculation","version":"2026-08-14"}],"operating_status":"open","basic_category":"wellness_service","taxonomy":{"primary":"massage_therapy","hierarchy":["lifestyle_services","wellness_service","massage_therapy"],"alternates":null},"version":9}},{"id":"c090de3e-b01b-4d3c-82e1-7ac29bfcafb9","type":"Feature","geometry":{"type":"Point","coordinates":[-95.3941888,29.5539407]},"properties":{"categories":{"primary":"eyebrow_service","alternate":null},"confidence":0.55,"websites":["juststringz.com"],"phones":["+17134360375"],"addresses":[{"freeform":"11200 Broadway St Ste 335","locality":"Pearland","postcode":"77584-2196","region":"TX","country":"US"}],"names":{"primary":"Just Stringz","common":null,"rules":null},"sources":[{"property":"","dataset":"BrightQuery","license":"CDLA-Permissive-2.0","record_id":"82649110","update_time":"2026-08-13T13:23:42.875Z","confidence":0.55,"between":null,"provider":"brightquery","resource":"brightquery","version":"2026-08-10"},{"property":"/properties/confidence","dataset":"Overture","license":"CDLA-Permissive-2.0","record_id":null,"update_time":"2026-08-14T19:46:07Z","confidence":null,"between":null,"provider":"overture","resource":"confidence_calculation","version":"2026-08-14"}],"operating_status":"open","basic_category":"personal_or_beauty_service","taxonomy":{"primary":"eyebrow_service","hierarchy":["lifestyle_services","personal_or_beauty_service","eyebrow_service"],"alternates":null},"version":1}},{"id":"e902069f-4a72-4520-b13f-274acddb9379","type":"Feature","geometry":{"type":"Point","coordinates":[-95.3941888,29.5539407]},"properties":{"categories":{"primary":"fast_food_restaurant","alternate":null},"confidence":0.9199122190475464,"websites":["https://www.pretzelmaker.com"],"phones":["17134369926"],"addresses":[{"freeform":"11200 Broadway St  Ste 1375","locality":"Pearland","postcode":"77584-2278","region":"TX","country":"US"}],"names":{"primary":"Pretzelmaker Pearland Towncenter","common":null,"rules":null},"sources":[{"property":"","dataset":"BrightQuery","license":"CDLA-Permissive-2.0","record_id":"102647914","update_time":"2026-08-13T13:23:42.875Z","confidence":0.95,"between":null,"provider":"brightquery","resource":"brightquery","version":"2026-08-10"},{"property":"/properties/confidence","dataset":"Overture","license":"CDLA-Permissive-2.0","record_id":null,"update_time":"2026-08-14T19:46:07Z","confidence":null,"between":null,"provider":"overture","resource":"confidence_calculation","version":"2026-08-14"},{"property":"/properties/operating_status","dataset":"Overture-signals","license":"CDLA-Permissive-2.0","record_id":"b41e919e-4ab7-4555-a425-47c08874c34a","update_time":"2026-08-10T22:54:24Z","confidence":1.0,"between":null,"provider":"overture","resource":"operating_status_signal","version":"2026-08-10"}],"operating_status":"open","basic_category":"fast_food_restaurant","taxonomy":{"primary":"fast_food_restaurant","hierarchy":["food_and_drink","casual_eatery","fast_food_restaurant"],"alternates":null},"version":7}},{"id":"2454f641-0b4b-40fc-a02d-8fb91c911178","type":"Feature","geometry":{"type":"Point","coordinates":[-95.3941888,29.5539407]},"properties":{"categories":{"primary":"dentist","alternate":null},"confidence":0.65,"websites":["https://www.towncenterendodontics.com"],"phones":["12817199369"],"addresses":[{"freeform":"11200 Broadway St  Ste 2703","locality":"Pearland","postcode":"77584-0140","region":"TX","country":"US"}],"names":{"primary":"Dr. Chia Chen Chi","common":null,"rules":null},"sources":[{"property":"","dataset":"BrightQuery","license":"CDLA-Permissive-2.0","record_id":"106972863","update_time":"2026-08-13T13:23:42.875Z","confidence":0.65,"between":null,"provider":"brightquery","resource":"brightquery","version":"2026-08-10"},{"property":"/properties/confidence","dataset":"Overture","license":"CDLA-Permissive-2.0","record_id":null,"update_time":"2026-08-14T19:46:07Z","confidence":null,"between":null,"provider":"overture","resource":"confidence_calculation","version":"2026-08-14"}],"operating_status":"open","basic_category":"dental_clinic","taxonomy":{"primary":"dental_clinic","hierarchy":["health_care","outpatient_care_facility","dental_clinic"],"alternates":null},"version":1}},{"id":"f04d08a2-9bb4-4b62-b8c9-d4a50aac78bc","type":"Feature","geometry":{"type":"Point","coordinates":[-95.3941888,29.5539407]},"properties":{"categories":{"primary":"desserts","alternate":null},"confidence":0.55,"websites":["seoandcompany.co"],"addresses":[{"freeform":"11200 Broadway St Ste 1210","locality":"Pearland","postcode":"77584-2198","region":"TX","country":"US"}],"names":{"primary":"Beard Papa's","common":null,"rules":null},"sources":[{"property":"","dataset":"BrightQuery","license":"CDLA-Permissive-2.0","record_id":"94041637","update_time":"2026-08-13T13:23:42.875Z","confidence":0.55,"between":null,"provider":"brightquery","resource":"brightquery","version":"2026-08-10"},{"property":"/properties/confidence","dataset":"Overture","license":"CDLA-Permissive-2.0","record_id":null,"update_time":"2026-08-14T19:46:07Z","confidence":null,"between":null,"provider":"overture","resource":"confidence_calculation","version":"2026-08-14"}],"operating_status":"permanently_closed","basic_category":"casual_eatery","taxonomy":{"primary":"dessert_shop","hierarchy":["food_and_drink","casual_eatery","dessert_shop"],"alternates":null},"version":2}},{"id":"f0168cea-8445-430b-a66e-c7c9c3994149","type":"Feature","geometry":{"type":"Point","coordinates":[-95.3941888,29.5539407]},"properties":{"categories":{"primary":"boutique","alternate":null},"confidence":0.95,"websites":["https://beau-bazaar-boutique.com"],"phones":["18329220996"],"addresses":[{"freeform":"11200 Broadway St  Ste 780","locality":"Pearland","postcode":"77584-2197","region":"TX","country":"US"}],"names":{"primary":"Beau Bazaar Boutique","common":null,"rules":null},"sources":[{"property":"","dataset":"BrightQuery","license":"CDLA-Permissive-2.0","record_id":"89032596","update_time":"2026-08-13T13:23:42.875Z","confidence":0.95,"between":null,"provider":"brightquery","resource":"brightquery","version":"2026-08-10"},{"property":"/properties/confidence","dataset":"Overture","license":"CDLA-Permissive-2.0","record_id":null,"update_time":"2026-08-14T19:46:07Z","confidence":null,"between":null,"provider":"overture","resource":"confidence_calculation","version":"2026-08-14"},{"property":"/properties/operating_status","dataset":"Overture-signals","license":"CDLA-Permissive-2.0","record_id":"5c16120c-5c66-4516-aaa7-dd4d04ef29ad","update_time":"2026-08-10T22:54:24Z","confidence":1.0,"between":null,"provider":"overture","resource":"operating_status_signal","version":"2026-08-10"}],"operating_status":"open","basic_category":"fashion_and_apparel_store","taxonomy":{"primary":"fashion_boutique","hierarchy":["shopping","fashion_and_apparel_store","fashion_boutique"],"alternates":null},"version":2}},{"id":"bcc4c999-502a-4240-b012-1821d461b264","type":"Feature","geometry":{"type":"Point","coordinates":[-95.3941888,29.5539407]},"properties":{"categories":{"primary":"gym","alternate":null},"confidence":0.9199122190475464,"websites":["https://www.mayweather.fit/chicago-river-north"],"phones":["+12818453773"],"addresses":[{"freeform":"11200 Broadway St Ste 620","locality":"Pearland","postcode":"77584-2196","region":"TX","country":"US"}],"names":{"primary":"Mayweather Boxing + Fitness","common":null,"rules":null},"sources":[{"property":"","dataset":"BrightQuery","license":"CDLA-Permissive-2.0","record_id":"106698960","update_time":"2026-08-13T13:23:42.875Z","confidence":0.55,"between":null,"provider":"brightquery","resource":"brightquery","version":"2026-08-10"},{"property":"/properties/confidence","dataset":"Overture","license":"CDLA-Permissive-2.0","record_id":null,"update_time":"2026-08-14T19:46:07Z","confidence":null,"between":null,"provider":"overture","resource":"confidence_calculation","version":"2026-08-14"}],"operating_status":"open","basic_category":"gym","taxonomy":{"primary":"gym","hierarchy":["sports_and_recreation","sport_or_fitness_facility","gym"],"alternates":null},"version":1}},{"id":"956d33b1-9ce6-4516-b4a1-a3a060d8f84c","type":"Feature","geometry":{"type":"Point","coordinates":[-95.3941888,29.5539407]},"properties":{"categories":{"primary":"clothing_store","alternate":null},"confidence":0.95,"websites":["https://blckmarkethouston.com"],"phones":["13469075840"],"addresses":[{"freeform":"11200 Broadway St  Ste 940","locality":"Pearland","postcode":"77584-2197","region":"TX","country":"US"}],"names":{"primary":"Blck Market","common":null,"rules":null},"sources":[{"property":"","dataset":"BrightQuery","license":"CDLA-Permissive-2.0","record_id":"101469393","update_time":"2026-08-13T13:23:42.875Z","confidence":0.95,"between":null,"provider":"brightquery","resource":"brightquery","version":"2026-08-10"},{"property":"/properties/confidence","dataset":"Overture","license":"CDLA-Permissive-2.0","record_id":null,"update_time":"2026-08-14T19:46:07Z","confidence":null,"between":null,"provider":"overture","resource":"confidence_calculation","version":"2026-08-14"}],"operating_status":"permanently_closed","basic_category":"fashion_and_apparel_store","taxonomy":{"primary":"clothing_store","hierarchy":["shopping","fashion_and_apparel_store","clothing_store"],"alternates":null},"version":2}},{"id":"0abf03f7-98e1-4243-9910-2fe634c56202","type":"Feature","geometry":{"type":"Point","coordinates":[-95.3941888,29.5539407]},"properties":{"categories":{"primary":"health_and_medical","alternate":null},"confidence":0.95,"addresses":[{"freeform":"11200 Broadway St Ste 2703","locality":"Pearland","postcode":"77584-0140","region":"TX","country":"US"}],"names":{"primary":"Chia Chen Susan Chi Dmd Pllc","common":null,"rules":null},"sources":[{"property":"","dataset":"BrightQuery","license":"CDLA-Permissive-2.0","record_id":"371819785","update_time":"2026-08-13T13:23:42.875Z","confidence":0.95,"between":null,"provider":"brightquery","resource":"brightquery","version":"2026-08-10"},{"property":"/properties/confidence","dataset":"Overture","license":"CDLA-Permissive-2.0","record_id":null,"update_time":"2026-08-14T19:46:07Z","confidence":null,"between":null,"provider":"overture","resource":"confidence_calculation","version":"2026-08-14"}],"operating_status":"open","basic_category":"health_care","taxonomy":{"primary":"health_care","hierarchy":["health_care"],"alternates":null},"version":1}},{"id":"5fd23936-591a-47a4-9f54-4de4041e72bf","type":"Feature","geometry":{"type":"Point","coordinates":[-95.3941888,29.5539407]},"properties":{"categories":{"primary":"cosmetic_and_beauty_supplies","alternate":null},"confidence":0.55,"phones":["+18447456648"],"addresses":[{"freeform":"11200 Broadway St Ste 335","locality":"Pearland","postcode":"77584-2196","region":"TX","country":"US"}],"names":{"primary":"Shlomit Cosmetics","common":null,"rules":null},"sources":[{"property":"","dataset":"BrightQuery","license":"CDLA-Permissive-2.0","record_id":"93190497","update_time":"2026-08-13T13:23:42.875Z","confidence":0.55,"between":null,"provider":"brightquery","resource":"brightquery","version":"2026-08-10"},{"property":"/properties/confidence","dataset":"Overture","license":"CDLA-Permissive-2.0","record_id":null,"update_time":"2026-08-14T19:46:07Z","confidence":null,"between":null,"provider":"overture","resource":"confidence_calculation","version":"2026-08-14"}],"operating_status":"open","basic_category":"personal_care_and_beauty_store","taxonomy":{"primary":"beauty_supply_store","hierarchy":["shopping","specialty_store","personal_care_and_beauty_store","beauty_supply_store"],"alternates":null},"version":1}},{"id":"d9c9bd64-bde1-4aca-9478-d36595e36301","type":"Feature","geometry":{"type":"Point","coordinates":[-95.3941888,29.5539407]},"properties":{"categories":{"primary":"womens_clothing_store","alternate":null},"confidence":0.8965000000000001,"websites":["https://mintwear.com"],"phones":["+17134368400"],"addresses":[{"freeform":"11200 Broadway St Ste 335","locality":"Pearland","postcode":"77584-2196","region":"TX","country":"US"}],"names":{"primary":"Mint Clothing & Accessories","common":null,"rules":null},"sources":[{"property":"","dataset":"BrightQuery","license":"CDLA-Permissive-2.0","record_id":"107079538","update_time":"2026-08-13T13:23:42.875Z","confidence":0.55,"between":null,"provider":"brightquery","resource":"brightquery","version":"2026-08-10"},{"property":"/properties/confidence","dataset":"Overture","license":"CDLA-Permissive-2.0","record_id":null,"update_time":"2026-08-14T19:46:07Z","confidence":null,"between":null,"provider":"overture","resource":"confidence_calculation","version":"2026-08-14"},{"property":"/properties/operating_status","dataset":"Overture-signals","license":"CDLA-Permissive-2.0","record_id":"c4e12d1e-d3b2-46b8-b20f-a776ca5adfc1","update_time":"2026-08-10T22:54:24Z","confidence":1.0,"between":null,"provider":"overture","resource":"operating_status_signal","version":"2026-08-10"}],"operating_status":"open","basic_category":"fashion_and_apparel_store","taxonomy":{"primary":"womens_clothing_store","hierarchy":["shopping","fashion_and_apparel_store","clothing_store","womens_clothing_store"],"alternates":null},"version":3}},{"id":"ddfb6f6c-6955-48ac-b714-713da86efa5c","type":"Feature","geometry":{"type":"Point","coordinates":[-95.3941888,29.5539407]},"properties":{"categories":{"primary":"gift_shop","alternate":null},"confidence":0.55,"websites":["https://www.corporate.hallmark.com"],"phones":["+17133401213"],"addresses":[{"freeform":"11200 Broadway St Ste 610","locality":"Pearland","postcode":"77584-2196","region":"TX","country":"US"}],"names":{"primary":"Amy's Hallmark Shop","common":null,"rules":null},"sources":[{"property":"","dataset":"BrightQuery","license":"CDLA-Permissive-2.0","record_id":"107083454","update_time":"2026-08-13T13:23:42.875Z","confidence":0.55,"between":null,"provider":"brightquery","resource":"brightquery","version":"2026-08-10"},{"property":"/properties/confidence","dataset":"Overture","license":"CDLA-Permissive-2.0","record_id":null,"update_time":"2026-08-14T19:46:07Z","confidence":null,"between":null,"provider":"overture","resource":"confidence_calculation","version":"2026-08-14"}],"operating_status":"open","basic_category":"flowers_and_gifts_store","taxonomy":{"primary":"gift_shop","hierarchy":["shopping","specialty_store","flowers_and_gifts_store","gift_shop"],"alternates":null},"version":1}},{"id":"374ae322-9a7e-42b1-94a9-8e40e230aea0","type":"Feature","geometry":{"type":"Point","coordinates":[-95.3941888,29.5539407]},"properties":{"categories":{"primary":"womens_clothing_store","alternate":null},"confidence":0.9199122190475464,"phones":["18322901401"],"addresses":[{"freeform":"11200 Broadway St  Ste 770","locality":"Pearland","postcode":"77584-0097","region":"TX","country":"US"}],"names":{"primary":"Jennibelle Boutique","common":null,"rules":null},"sources":[{"property":"","dataset":"BrightQuery","license":"CDLA-Permissive-2.0","record_id":"104111466","update_time":"2026-08-13T13:23:42.875Z","confidence":0.95,"between":null,"provider":"brightquery","resource":"brightquery","version":"2026-08-10"},{"property":"/properties/confidence","dataset":"Overture","license":"CDLA-Permissive-2.0","record_id":null,"update_time":"2026-08-14T19:46:07Z","confidence":null,"between":null,"provider":"overture","resource":"confidence_calculation","version":"2026-08-14"},{"property":"/properties/operating_status","dataset":"Overture-signals","license":"CDLA-Permissive-2.0","record_id":"810afc26-db7f-4bce-ba6b-f501012f52bb","update_time":"2026-08-10T22:54:24Z","confidence":1.0,"between":null,"provider":"overture","resource":"operating_status_signal","version":"2026-08-10"}],"operating_status":"open","basic_category":"fashion_and_apparel_store","taxonomy":{"primary":"womens_clothing_store","hierarchy":["shopping","fashion_and_apparel_store","clothing_store","womens_clothing_store"],"alternates":null},"version":10}},{"id":"8d8f845b-659b-4431-9832-00711fde77e2","type":"Feature","geometry":{"type":"Point","coordinates":[-95.39416507,29.55349433]},"properties":{"categories":{"primary":"bakery","alternate":["desserts"]},"confidence":0.9693906307220459,"websites":["https://www.cookiedelivery.com/"],"socials":["https://www.facebook.com/111508431527106"],"phones":["+13464338900"],"brand":{"wikidata":null,"names":{"primary":"Tiff's Treats","common":null,"rules":null}},"addresses":[{"freeform":"11200 Broadway St","locality":"Pearland","postcode":"77584-0085","region":"TX","country":"US"}],"names":{"primary":"Tiff's Treats","common":null,"rules":null},"sources":[{"property":"","dataset":"meta","license":"CDLA-Permissive-2.0","record_id":"111508431527106","update_time":"2026-08-10T00:00:00.000Z","confidence":0.9712522029876709,"between":null,"provider":"meta","resource":"meta","version":"2026-08-10"},{"property":"/properties/confidence","dataset":"Overture","license":"CDLA-Permissive-2.0","record_id":null,"update_time":"2026-08-14T19:46:07Z","confidence":null,"between":null,"provider":"overture","resource":"confidence_calculation","version":"2026-08-14"},{"property":"/properties/operating_status","dataset":"Overture-signals","license":"CDLA-Permissive-2.0","record_id":"42c404b8-bb57-43df-9819-0d4c9d909311","update_time":"2026-08-10T22:54:24Z","confidence":1.0,"between":null,"provider":"overture","resource":"operating_status_signal","version":"2026-08-10"}],"operating_status":"open","basic_category":"casual_eatery","taxonomy":{"primary":"bakery","hierarchy":["food_and_drink","casual_eatery","bakery"],"alternates":null},"version":12}},{"id":"578c3590-1828-4714-93d5-df7b75351a50","type":"Feature","geometry":{"type":"Point","coordinates":[-95.39423,29.55362]},"properties":{"categories":{"primary":"real_estate_agent","alternate":["real_estate_service","real_estate"]},"confidence":0.7133562564849854,"websites":["http://www.PauletteThomasHomes.com/"],"emails":["paulettethomas@me.com"],"socials":["https://www.facebook.com/306067959847677"],"phones":["+17132524333"],"brand":{"wikidata":null,"names":{"primary":null,"common":null,"rules":null}},"addresses":[{"freeform":"11200 Broadway St","locality":"Pearland","postcode":"77584-0085","region":"TX","country":"US"}],"names":{"primary":"Paulette Thomas Homes","common":null,"rules":null},"sources":[{"property":"","dataset":"meta","license":"CDLA-Permissive-2.0","record_id":"306067959847677","update_time":"2026-08-10T00:00:00.000Z","confidence":0.7133562564849854,"between":null,"provider":"meta","resource":"meta","version":"2026-08-10"},{"property":"/properties/confidence","dataset":"Overture","license":"CDLA-Permissive-2.0","record_id":null,"update_time":"2026-08-14T19:46:07Z","confidence":null,"between":null,"provider":"overture","resource":"confidence_calculation","version":"2026-08-14"}],"basic_category":"real_estate_service","taxonomy":{"primary":"real_estate_agent","hierarchy":["services_and_business","real_estate_service","real_estate_agent"],"alternates":null},"version":1}},{"id":"c6a94ca8-6548-41a3-a4cf-078317cd5415","type":"Feature","geometry":{"type":"Point","coordinates":[-95.39423,29.55362]},"properties":{"categories":{"primary":"travel_services","alternate":["tours","public_and_government_association"]},"confidence":0.8445739150047302,"websites":["https://www.visitpearland.com/"],"emails":["info@visitpearland.com"],"socials":["https://www.facebook.com/127111777333877"],"phones":["+12819975970"],"brand":{"wikidata":null,"names":{"primary":null,"common":null,"rules":null}},"addresses":[{"freeform":"11200 Broadway St","locality":"Pearland","postcode":"77584-0085","region":"TX","country":"US"}],"names":{"primary":"Visit Pearland","common":null,"rules":null},"sources":[{"property":"","dataset":"meta","license":"CDLA-Permissive-2.0","record_id":"127111777333877","update_time":"2026-08-10T00:00:00.000Z","confidence":0.8445739150047302,"between":null,"provider":"meta","resource":"meta","version":"2026-08-10"},{"property":"/properties/confidence","dataset":"Overture","license":"CDLA-Permissive-2.0","record_id":null,"update_time":"2026-08-14T19:46:07Z","confidence":null,"between":null,"provider":"overture","resource":"confidence_calculation","version":"2026-08-14"},{"property":"/properties/operating_status","dataset":"Overture-signals","license":"CDLA-Permissive-2.0","record_id":"b7f4bea7-603c-40ee-8d89-ae013b19e4d6","update_time":"2026-07-13T15:52:52Z","confidence":1.0,"between":null,"provider":"overture","resource":"operating_status_signal","version":"2026-07-13"}],"operating_status":"open","basic_category":"travel_service","taxonomy":{"primary":"travel_service","hierarchy":["travel_and_transportation","travel_service"],"alternates":null},"version":10}},{"id":"23276525-e55b-42df-867d-9c93549c2d73","type":"Feature","geometry":{"type":"Point","coordinates":[-95.39423,29.55362]},"properties":{"categories":{"primary":"insurance_agency","alternate":null},"confidence":0.2670561671257019,"websites":["http://www.strategicinsadvisors.com/"],"emails":["yusef@strategicinsadvisors.com"],"socials":["https://www.facebook.com/561186107084203"],"phones":["+18665381906"],"brand":{"wikidata":null,"names":{"primary":null,"common":null,"rules":null}},"addresses":[{"freeform":"11200 Broadway St","locality":"Pearland","postcode":"77584-0085","region":"TX","country":"US"}],"names":{"primary":"Simplifying Risk & Insurance","common":null,"rules":null},"sources":[{"property":"","dataset":"meta","license":"CDLA-Permissive-2.0","record_id":"561186107084203","update_time":"2026-08-10T00:00:00.000Z","confidence":0.2670561671257019,"between":null,"provider":"meta","resource":"meta","version":"2026-08-10"},{"property":"/properties/confidence","dataset":"Overture","license":"CDLA-Permissive-2.0","record_id":null,"update_time":"2026-08-14T19:46:07Z","confidence":null,"between":null,"provider":"overture","resource":"confidence_calculation","version":"2026-08-14"}],"basic_category":"financial_service","taxonomy":{"primary":"insurance_agency","hierarchy":["services_and_business","financial_service","insurance_agency"],"alternates":null},"version":1}},{"id":"2f93acca-ca3b-4417-a438-b3a1f66eec49","type":"Feature","geometry":{"type":"Point","coordinates":[-95.39423,29.55362]},"properties":{"categories":{"primary":"party_and_event_planning","alternate":["pub","dance_club"]},"confidence":0.5457528829574585,"emails":["info@whitenoiseentllc.com"],"socials":["https://www.facebook.com/331717123676445"],"phones":["+18322261605"],"brand":{"wikidata":null,"names":{"primary":null,"common":null,"rules":null}},"addresses":[{"freeform":"11200 Broadway St","locality":"Pearland","postcode":"77584-0085","region":"TX","country":"US"}],"names":{"primary":"White Noise Entertainment","common":null,"rules":null},"sources":[{"property":"","dataset":"meta","license":"CDLA-Permissive-2.0","record_id":"331717123676445","update_time":"2026-08-10T00:00:00.000Z","confidence":0.5457528829574585,"between":null,"provider":"meta","resource":"meta","version":"2026-08-10"},{"property":"/properties/confidence","dataset":"Overture","license":"CDLA-Permissive-2.0","record_id":null,"update_time":"2026-08-14T19:46:07Z","confidence":null,"between":null,"provider":"overture","resource":"confidence_calculation","version":"2026-08-14"}],"basic_category":"event_or_party_service","taxonomy":{"primary":"party_and_event_planning","hierarchy":["services_and_business","event_or_party_service","party_and_event_planning"],"alternates":null},"version":6}},{"id":"3e51cb8d-2fb8-438a-9d10-f4faaa222578","type":"Feature","geometry":{"type":"Point","coordinates":[-95.39423,29.55362]},"properties":{"categories":{"primary":"health_and_medical","alternate":null},"confidence":0.2615533769130707,"websites":["https://visitingdoctorsoftexas.com/"],"emails":["visitingdoctorstexas@gmail.com"],"socials":["https://www.facebook.com/1223842944136406"],"phones":["+18004091920"],"brand":{"wikidata":null,"names":{"primary":null,"common":null,"rules":null}},"addresses":[{"freeform":"11200 Broadway St","locality":"Pearland","postcode":"77584-0085","region":"TX","country":"US"}],"names":{"primary":"Visiting Doctors Management of Texas","common":null,"rules":null},"sources":[{"property":"","dataset":"meta","license":"CDLA-Permissive-2.0","record_id":"1223842944136406","update_time":"2026-08-10T00:00:00.000Z","confidence":0.2615533769130707,"between":null,"provider":"meta","resource":"meta","version":"2026-08-10"},{"property":"/properties/confidence","dataset":"Overture","license":"CDLA-Permissive-2.0","record_id":null,"update_time":"2026-08-14T19:46:07Z","confidence":null,"between":null,"provider":"overture","resource":"confidence_calculation","version":"2026-08-14"}],"basic_category":"health_care","taxonomy":{"primary":"health_care","hierarchy":["health_care"],"alternates":null},"version":1}},{"id":"b1efd8e7-b52c-4f09-83b4-0788960c661a","type":"Feature","geometry":{"type":"Point","coordinates":[-95.39423,29.55362]},"properties":{"categories":{"primary":"professional_services","alternate":["topic_publisher"]},"confidence":0.31597229838371277,"socials":["https://www.facebook.com/194410060591901"],"phones":["+12817362191"],"brand":{"wikidata":null,"names":{"primary":null,"common":null,"rules":null}},"addresses":[{"freeform":"11200 Broadway St","locality":"Pearland","postcode":"77584-0085","region":"TX","country":"US"}],"names":{"primary":"Small Business Seminars","common":null,"rules":null},"sources":[{"property":"","dataset":"meta","license":"CDLA-Permissive-2.0","record_id":"194410060591901","update_time":"2026-08-10T00:00:00.000Z","confidence":0.31597229838371277,"between":null,"provider":"meta","resource":"meta","version":"2026-08-10"},{"property":"/properties/confidence","dataset":"Overture","license":"CDLA-Permissive-2.0","record_id":null,"update_time":"2026-08-14T19:46:07Z","confidence":null,"between":null,"provider":"overture","resource":"confidence_calculation","version":"2026-08-14"}],"basic_category":"professional_service","taxonomy":{"primary":"professional_service","hierarchy":["services_and_business","professional_service"],"alternates":null},"version":1}},{"id":"4a1575fe-2720-442e-b9ee-74a48114527e","type":"Feature","geometry":{"type":"Point","coordinates":[-95.39435429797325,29.553574232542747]},"properties":{"categories":{"primary":"dance_school","alternate":null},"confidence":0.9199122190475464,"websites":["https://www.fredastaire.com/pearland"],"phones":["(713) 436-5517"],"addresses":[{"freeform":"11200 Broadway St Ste 420","locality":"Pearland","postcode":"77584","region":"TX","country":"US"}],"names":{"primary":"Fred Astaire Dance Studios - Pearland","common":null,"rules":null},"sources":[{"property":"","dataset":"Foursquare","license":"Apache-2.0","record_id":"5e9a9b4a5e9c5200076d4671","update_time":"2025-08-22T00:00:00.000","confidence":0.77,"between":null,"provider":"foursquare","resource":"foursquare","version":"2026-04-14"},{"property":"/properties/confidence","dataset":"Overture","license":"CDLA-Permissive-2.0","record_id":null,"update_time":"2026-08-14T19:46:07Z","confidence":null,"between":null,"provider":"overture","resource":"confidence_calculation","version":"2026-08-14"},{"property":"/properties/operating_status","dataset":"Overture-signals","license":"CDLA-Permissive-2.0","record_id":"24b3fb9f-b9cb-4575-99d7-ca1832930f5c","update_time":"2026-08-10T22:54:24Z","confidence":1.0,"between":null,"provider":"overture","resource":"operating_status_signal","version":"2026-08-10"}],"operating_status":"open","basic_category":"sport_or_fitness_facility","taxonomy":{"primary":"dance_studio","hierarchy":["sports_and_recreation","sport_or_fitness_facility","dance_studio"],"alternates":null},"version":4}},{"id":"6f8208f2-c1a6-403a-900a-83c5c05a9d2b","type":"Feature","geometry":{"type":"Point","coordinates":[-95.39430442759533,29.553585432788275]},"properties":{"categories":{"primary":"pilates_studio","alternate":null},"confidence":0.9199122190475464,"websites":["https://bodybarpilates.com/studios/shadow-creek/"],"phones":["8322416161"],"addresses":[{"freeform":"11200 Broadway Street, Suite 420","locality":"Pearland","postcode":"77584","region":"TX","country":"US"}],"names":{"primary":"BODYBAR Pilates","common":null,"rules":null},"sources":[{"property":"","dataset":"Microsoft","license":"CDLA-Permissive-2.0","record_id":"562949966862058","update_time":"2025-07-07T18:33:10.503Z","confidence":0.85,"between":null,"provider":"microsoft","resource":"microsoft","version":"2025-10-20"},{"property":"/properties/confidence","dataset":"Overture","license":"CDLA-Permissive-2.0","record_id":null,"update_time":"2026-08-14T19:46:07Z","confidence":null,"between":null,"provider":"overture","resource":"confidence_calculation","version":"2026-08-14"},{"property":"/properties/operating_status","dataset":"Overture-signals","license":"CDLA-Permissive-2.0","record_id":"7214a0a4-7723-4c6d-b2cc-c293c41890d4","update_time":"2026-08-10T22:54:24Z","confidence":1.0,"between":null,"provider":"overture","resource":"operating_status_signal","version":"2026-08-10"}],"operating_status":"open","basic_category":"fitness_studio","taxonomy":{"primary":"pilates_studio","hierarchy":["sports_and_recreation","sport_or_fitness_facility","fitness_studio","pilates_studio"],"alternates":null},"version":6}},{"id":"74bcc924-61ce-40ae-8bfe-92e1cf3cb907","type":"Feature","geometry":{"type":"Point","coordinates":[-95.394294,29.553531]},"properties":{"categories":{"primary":"frozen_yoghurt_shop","alternate":["ice_cream_shop","desserts"]},"confidence":0.550224244594574,"websites":["http://www.swirlls.com"],"socials":["https://www.facebook.com/159603697407424"],"phones":["+17134363132"],"brand":{"wikidata":null,"names":{"primary":null,"common":null,"rules":null}},"addresses":[{"freeform":"11200 Broadway St","locality":"Pearland","postcode":"77584-0085","region":"TX","country":"US"}],"names":{"primary":"Swirll Yogurt","common":null,"rules":null},"sources":[{"property":"","dataset":"meta","license":"CDLA-Permissive-2.0","record_id":"159603697407424","update_time":"2026-08-10T00:00:00.000Z","confidence":0.550224244594574,"between":null,"provider":"meta","resource":"meta","version":"2026-08-10"},{"property":"/properties/confidence","dataset":"Overture","license":"CDLA-Permissive-2.0","record_id":null,"update_time":"2026-08-14T19:46:07Z","confidence":null,"between":null,"provider":"overture","resource":"confidence_calculation","version":"2026-08-14"}],"basic_category":"casual_eatery","taxonomy":{"primary":"frozen_yogurt_shop","hierarchy":["food_and_drink","casual_eatery","dessert_shop","frozen_yogurt_shop"],"alternates":null},"version":9}},{"id":"c3d97c5f-eb6c-49c2-a8b4-b8d811cb1641","type":"Feature","geometry":{"type":"Point","coordinates":[-95.39447711,29.55391147]},"properties":{"categories":{"primary":"bookstore","alternate":["print_media"]},"confidence":0.9993719965219497,"websites":["http://www.barnesandnoble.com/"],"emails":["crm2336@bn.com"],"socials":["https://www.facebook.com/1532352167093753"],"phones":["+17134361561"],"brand":{"wikidata":null,"names":{"primary":"Barnes & Noble","common":null,"rules":null}},"addresses":[{"freeform":"11200 W Broadway St Unit 500","locality":"Pearland","postcode":"77584","region":"TX","country":"US"}],"names":{"primary":"Barnes & Noble","common":null,"rules":null},"sources":[{"property":"","dataset":"meta","license":"CDLA-Permissive-2.0","record_id":"1532352167093753","update_time":"2026-08-10T00:00:00.000Z","confidence":0.9958133101463318,"between":null,"provider":"meta","resource":"meta","version":"2026-08-10"},{"property":"/properties/confidence","dataset":"Overture","license":"CDLA-Permissive-2.0","record_id":null,"update_time":"2026-08-14T19:46:07Z","confidence":null,"between":null,"provider":"overture","resource":"confidence_calculation","version":"2026-08-14"},{"property":"/properties/operating_status","dataset":"Overture-signals","license":"CDLA-Permissive-2.0","record_id":"c33119ac-0b70-4c2d-b8cc-857ec7fc130d","update_time":"2026-08-10T22:54:24Z","confidence":1.0,"between":null,"provider":"overture","resource":"operating_status_signal","version":"2026-08-10"}],"operating_status":"open","basic_category":"books_music_and_video_store","taxonomy":{"primary":"bookstore","hierarchy":["shopping","specialty_store","books_music_and_video_store","bookstore"],"alternates":null},"version":8}},{"id":"3e5da9d1-3c02-4d05-b89f-0e8f84e8f3ef","type":"Feature","geometry":{"type":"Point","coordinates":[-95.39460609,29.55293836]},"properties":{"categories":{"primary":"sporting_goods","alternate":["shoe_store","clothing_store"]},"confidence":0.9998736089468002,"websites":["https://stores.jdsports.com/tx/pearland/pearland-town-center.html"],"emails":["customerservice@jdsports.com"],"socials":["https://www.facebook.com/126461864089526"],"phones":["+17134367604"],"brand":{"wikidata":null,"names":{"primary":"JD Sports","common":null,"rules":null}},"addresses":[{"freeform":"11200 Broadway St Ste 330","locality":"Pearland","postcode":"77584","region":"TX","country":"US"}],"names":{"primary":"JD Sports","common":null,"rules":null},"sources":[{"property":"","dataset":"meta","license":"CDLA-Permissive-2.0","record_id":"126461864089526","update_time":"2026-08-10T00:00:00.000Z","confidence":0.9957869648933411,"between":null,"provider":"meta","resource":"meta","version":"2026-08-10"},{"property":"/properties/confidence","dataset":"Overture","license":"CDLA-Permissive-2.0","record_id":null,"update_time":"2026-08-14T19:46:07Z","confidence":null,"between":null,"provider":"overture","resource":"confidence_calculation","version":"2026-08-14"},{"property":"/properties/operating_status","dataset":"Overture-signals","license":"CDLA-Permissive-2.0","record_id":"9f6d0551-3fee-4456-b2e8-ad6e7b6d9a2b","update_time":"2026-08-10T22:54:24Z","confidence":1.0,"between":null,"provider":"overture","resource":"operating_status_signal","version":"2026-08-10"}],"operating_status":"open","basic_category":"sporting_goods_store","taxonomy":{"primary":"sporting_goods_store","hierarchy":["shopping","specialty_store","sporting_goods_store"],"alternates":null},"version":10}},{"id":"cc46af53-cbd3-44da-962e-8e26590d7412","type":"Feature","geometry":{"type":"Point","coordinates":[-95.394573872965,29.552691394286]},"properties":{"categories":{"primary":"shoe_store","alternate":["clothing_store","womens_clothing_store"]},"confidence":0.6146618127822876,"emails":["support@shoptedo.com"],"socials":["https://www.facebook.com/466422637069177"],"phones":["+18328346082"],"brand":{"wikidata":null,"names":{"primary":null,"common":null,"rules":null}},"addresses":[{"freeform":"13529 S Post Oak Rd","locality":"Houston","postcode":"77045-4007","region":"TX","country":"US"}],"names":{"primary":"TEDO - Pearland, Texas","common":null,"rules":null},"sources":[{"property":"","dataset":"meta","license":"CDLA-Permissive-2.0","record_id":"466422637069177","update_time":"2026-08-10T00:00:00.000Z","confidence":0.6146618127822876,"between":null,"provider":"meta","resource":"meta","version":"2026-08-10"},{"property":"/properties/confidence","dataset":"Overture","license":"CDLA-Permissive-2.0","record_id":null,"update_time":"2026-08-14T19:46:07Z","confidence":null,"between":null,"provider":"overture","resource":"confidence_calculation","version":"2026-08-14"}],"basic_category":"fashion_and_apparel_store","taxonomy":{"primary":"shoe_store","hierarchy":["shopping","fashion_and_apparel_store","shoe_store"],"alternates":null},"version":1}},{"id":"c2de84da-9c0f-40e6-b1fd-2eaace1e81f7","type":"Feature","geometry":{"type":"Point","coordinates":[-95.394573872965,29.552691394286]},"properties":{"categories":{"primary":"real_estate_agent","alternate":["real_estate","real_estate_service"]},"confidence":0.5364201664924622,"websites":["http://www.har.com/raechellekay"],"emails":["raeraekay@sbcglobal.net"],"socials":["https://www.facebook.com/202727606448342"],"phones":["+12815463770"],"brand":{"wikidata":null,"names":{"primary":null,"common":null,"rules":null}},"addresses":[{"freeform":"11200 Broadway St","locality":"Pearland","postcode":"77584-0141","region":"TX","country":"US"}],"names":{"primary":"Raechelle Anglin - Kay and Associates - Realtors","common":null,"rules":null},"sources":[{"property":"","dataset":"meta","license":"CDLA-Permissive-2.0","record_id":"202727606448342","update_time":"2026-08-10T00:00:00.000Z","confidence":0.5364201664924622,"between":null,"provider":"meta","resource":"meta","version":"2026-08-10"},{"property":"/properties/confidence","dataset":"Overture","license":"CDLA-Permissive-2.0","record_id":null,"update_time":"2026-08-14T19:46:07Z","confidence":null,"between":null,"provider":"overture","resource":"confidence_calculation","version":"2026-08-14"}],"basic_category":"real_estate_service","taxonomy":{"primary":"real_estate_agent","hierarchy":["services_and_business","real_estate_service","real_estate_agent"],"alternates":null},"version":5}},{"id":"fa1d6f4a-5d0f-44c1-badf-eedbab180478","type":"Feature","geometry":{"type":"Point","coordinates":[-95.39450242,29.55269431]},"properties":{"categories":{"primary":"cannabis_clinic","alternate":["vitamins_and_supplements"]},"confidence":0.9199122190475464,"websites":["http://coastalcbdrelief.com/"],"emails":["coastalhemprelief@gmail.com"],"socials":["https://www.facebook.com/106012397512597"],"phones":["+18322883158"],"brand":{"wikidata":null,"names":{"primary":null,"common":null,"rules":null}},"addresses":[{"freeform":"11200 Broadway St #335","locality":"Pearland","postcode":"77584","region":"TX","country":"US"}],"names":{"primary":"Coastal CBD Relief","common":null,"rules":null},"sources":[{"property":"","dataset":"meta","license":"CDLA-Permissive-2.0","record_id":"106012397512597","update_time":"2026-08-10T00:00:00.000Z","confidence":0.950241208076477,"between":null,"provider":"meta","resource":"meta","version":"2026-08-10"},{"property":"/properties/confidence","dataset":"Overture","license":"CDLA-Permissive-2.0","record_id":null,"update_time":"2026-08-14T19:46:07Z","confidence":null,"between":null,"provider":"overture","resource":"confidence_calculation","version":"2026-08-14"},{"property":"/properties/operating_status","dataset":"Overture-signals","license":"CDLA-Permissive-2.0","record_id":"d655066b-a2b0-4e04-8fc8-f0aaeee5ca9e","update_time":"2026-08-10T22:54:24Z","confidence":1.0,"between":null,"provider":"overture","resource":"operating_status_signal","version":"2026-08-10"}],"operating_status":"open","basic_category":"medical_service","taxonomy":{"primary":"cannabis_clinic","hierarchy":["health_care","medical_service","medical_cannabis","cannabis_clinic"],"alternates":null},"version":10}},{"id":"483ed5c6-9299-43fa-8f81-7e095fcbda55","type":"Feature","geometry":{"type":"Point","coordinates":[-95.39451736692799,29.552908988390207]},"properties":{"categories":{"primary":"clothing_store","alternate":null},"confidence":0.9199122190475464,"websites":["https://stores.aeropostale.com/tx/pearland/11200-broadway"],"socials":["https://www.facebook.com/aeropostale","aeropostale"],"brand":{"wikidata":"Q794565","names":{"primary":"Aeropostale","common":null,"rules":[]}},"addresses":[{"freeform":"11200 Broadway 310","locality":"Pearland","postcode":"77584","region":"TX","country":"US"}],"names":{"primary":"Aeropostale","common":null,"rules":[]},"sources":[{"property":"","dataset":"AllThePlaces","license":"CC0-1.0","record_id":"KM-aDk5GuM_FiBggsvO9jzPvhEc=","update_time":"2026-08-05T15:33:36.000Z","confidence":0.8,"between":null,"provider":"alltheplaces","resource":"alltheplaces","version":"2026-08-05"},{"property":"/properties/confidence","dataset":"Overture","license":"CDLA-Permissive-2.0","record_id":null,"update_time":"2026-08-14T19:46:07Z","confidence":null,"between":null,"provider":"overture","resource":"confidence_calculation","version":"2026-08-14"},{"property":"/properties/operating_status","dataset":"Overture-signals","license":"CDLA-Permissive-2.0","record_id":"070d2b69-4f08-4c7d-b26a-dffb6cf0069f","update_time":"2026-07-20T15:59:09Z","confidence":1.0,"between":null,"provider":"overture","resource":"operating_status_signal","version":"2026-07-20"}],"operating_status":"open","basic_category":"fashion_and_apparel_store","taxonomy":{"primary":"clothing_store","hierarchy":["shopping","fashion_and_apparel_store","clothing_store"],"alternates":null},"version":1}},{"id":"19a2e09a-070f-4a59-a01f-66e270b16229","type":"Feature","geometry":{"type":"Point","coordinates":[-95.39433979,29.55273113]},"properties":{"categories":{"primary":"womens_clothing_store","alternate":["clothing_store","shopping"]},"confidence":0.9996756996512413,"websites":["https://www.windsorstore.com/pages/tx-pearland-town-center"],"emails":["store317@windsorstore.com"],"socials":["https://www.facebook.com/110307688153655"],"phones":["+18884954957"],"brand":{"wikidata":null,"names":{"primary":"Windsor Fashions","common":null,"rules":null}},"addresses":[{"freeform":"11200 Broadway St","locality":"Pearland","postcode":"77584-0085","region":"TX","country":"US"}],"names":{"primary":"Windsor","common":null,"rules":null},"sources":[{"property":"","dataset":"meta","license":"CDLA-Permissive-2.0","record_id":"110307688153655","update_time":"2026-08-10T00:00:00.000Z","confidence":0.9905999898910522,"between":null,"provider":"meta","resource":"meta","version":"2026-08-10"},{"property":"/properties/confidence","dataset":"Overture","license":"CDLA-Permissive-2.0","record_id":null,"update_time":"2026-08-14T19:46:07Z","confidence":null,"between":null,"provider":"overture","resource":"confidence_calculation","version":"2026-08-14"},{"property":"/properties/operating_status","dataset":"Overture-signals","license":"CDLA-Permissive-2.0","record_id":"66c17e0e-4367-422b-9c0d-9a516896269b","update_time":"2026-07-13T15:52:52Z","confidence":1.0,"between":null,"provider":"overture","resource":"operating_status_signal","version":"2026-07-13"}],"operating_status":"open","basic_category":"fashion_and_apparel_store","taxonomy":{"primary":"womens_clothing_store","hierarchy":["shopping","fashion_and_apparel_store","clothing_store","womens_clothing_store"],"alternates":null},"version":8}},{"id":"951fa8b9-b7a3-4175-bbc3-6749ff12b012","type":"Feature","geometry":{"type":"Point","coordinates":[-95.39434161478657,29.55286081546946]},"properties":{"categories":{"primary":"party_and_event_planning","alternate":null},"confidence":0.6083396077156067,"socials":["https://www.facebook.com/106356294202657"],"brand":{"wikidata":null,"names":{"primary":null,"common":null,"rules":null}},"addresses":[{"freeform":null,"locality":"Pearland","postcode":null,"region":"TX","country":"US"}],"names":{"primary":"Buc-ee's Corporate Pearland Town Center","common":null,"rules":null},"sources":[{"property":"","dataset":"meta","license":"CDLA-Permissive-2.0","record_id":"106356294202657","update_time":"2026-08-10T00:00:00.000Z","confidence":0.6083396077156067,"between":null,"provider":"meta","resource":"meta","version":"2026-08-10"},{"property":"/properties/confidence","dataset":"Overture","license":"CDLA-Permissive-2.0","record_id":null,"update_time":"2026-08-14T19:46:07Z","confidence":null,"between":null,"provider":"overture","resource":"confidence_calculation","version":"2026-08-14"}],"basic_category":"event_or_party_service","taxonomy":{"primary":"party_and_event_planning","hierarchy":["services_and_business","event_or_party_service","party_and_event_planning"],"alternates":null},"version":8}},{"id":"fcc0738b-5698-4629-b6f9-17940f547c06","type":"Feature","geometry":{"type":"Point","coordinates":[-95.39422103,29.55299703]},"properties":{"categories":{"primary":"massage_therapy","alternate":["spas","day_spa"]},"confidence":0.9902192950248718,"websites":["https://www.pearlandtowncenter.com/store/lotus_foot_spa"],"socials":["https://www.facebook.com/105872508246396"],"phones":["+18323827614"],"brand":{"wikidata":null,"names":{"primary":null,"common":null,"rules":null}},"addresses":[{"freeform":"11200 Broadway St Ste370","locality":"Pearland","postcode":"77584","region":"TX","country":"US"}],"names":{"primary":"Lotus Foot Spa","common":null,"rules":null},"sources":[{"property":"","dataset":"meta","license":"CDLA-Permissive-2.0","record_id":"105872508246396","update_time":"2026-08-10T00:00:00.000Z","confidence":0.945355236530304,"between":null,"provider":"meta","resource":"meta","version":"2026-08-10"},{"property":"/properties/confidence","dataset":"Overture","license":"CDLA-Permissive-2.0","record_id":null,"update_time":"2026-08-14T19:46:07Z","confidence":null,"between":null,"provider":"overture","resource":"confidence_calculation","version":"2026-08-14"},{"property":"/properties/operating_status","dataset":"Overture-signals","license":"CDLA-Permissive-2.0","record_id":"6d5679be-438f-4db7-8d33-cd8a6b1d5104","update_time":"2026-08-10T22:54:24Z","confidence":1.0,"between":null,"provider":"overture","resource":"operating_status_signal","version":"2026-08-10"}],"operating_status":"open","basic_category":"wellness_service","taxonomy":{"primary":"massage_therapy","hierarchy":["lifestyle_services","wellness_service","massage_therapy"],"alternates":null},"version":9}},{"id":"35244bf1-47d0-46e4-9683-de1eb5afb535","type":"Feature","geometry":{"type":"Point","coordinates":[-95.394226,29.552963]},"properties":{"categories":{"primary":"real_estate_agent","alternate":null},"confidence":0.3141161799430847,"websites":["https://laurenslistingstx.my.canva.site/link-in-bio-website"],"emails":["burgundy.gold.llc@gmail.com"],"socials":["https://www.facebook.com/535886739608302"],"phones":["+18328083383"],"brand":{"wikidata":null,"names":{"primary":null,"common":null,"rules":null}},"addresses":[{"freeform":"11200 Broadway St","locality":"Pearland","postcode":"77584-0085","region":"TX","country":"US"}],"names":{"primary":"Lauren\u2019s Listings TX","common":null,"rules":null},"sources":[{"property":"","dataset":"meta","license":"CDLA-Permissive-2.0","record_id":"535886739608302","update_time":"2026-08-10T00:00:00.000Z","confidence":0.3141161799430847,"between":null,"provider":"meta","resource":"meta","version":"2026-08-10"},{"property":"/properties/confidence","dataset":"Overture","license":"CDLA-Permissive-2.0","record_id":null,"update_time":"2026-08-14T19:46:07Z","confidence":null,"between":null,"provider":"overture","resource":"confidence_calculation","version":"2026-08-14"}],"basic_category":"real_estate_service","taxonomy":{"primary":"real_estate_agent","hierarchy":["services_and_business","real_estate_service","real_estate_agent"],"alternates":null},"version":10}},{"id":"d2f16fbd-9c59-4e05-8ecc-9ca8b6309317","type":"Feature","geometry":{"type":"Point","coordinates":[-95.394238,29.552963]},"properties":{"confidence":0.5457510352134705,"websites":["http://www.themkcenter.com/"],"emails":["info@themkcenter.com"],"socials":["https://www.facebook.com/441236972910602"],"phones":["+12816525821"],"brand":{"wikidata":null,"names":{"primary":null,"common":null,"rules":null}},"addresses":[{"freeform":"11200 Broadway St","locality":"Pearland","postcode":"77584-0085","region":"TX","country":"US"}],"names":{"primary":"The MK Center","common":null,"rules":null},"sources":[{"property":"","dataset":"meta","license":"CDLA-Permissive-2.0","record_id":"441236972910602","update_time":"2026-08-10T00:00:00.000Z","confidence":0.5457510352134705,"between":null,"provider":"meta","resource":"meta","version":"2026-08-10"},{"property":"/properties/confidence","dataset":"Overture","license":"CDLA-Permissive-2.0","record_id":null,"update_time":"2026-08-14T19:46:07Z","confidence":null,"between":null,"provider":"overture","resource":"confidence_calculation","version":"2026-08-14"}],"basic_category":"behavioral_or_mental_health_clinic","version":9}},{"id":"44998a4f-ca1e-4860-bc7d-dea39cb3993e","type":"Feature","geometry":{"type":"Point","coordinates":[-95.39426696747444,29.5529034789013]},"properties":{"categories":{"primary":"advertising_agency","alternate":null},"confidence":0.9199122190475464,"websites":["http://writesideofdull.com"],"emails":["writesideofdull@gmail.com"],"socials":["https://www.twitter.com/wsoddesigns"],"phones":["(832) 728-7535"],"addresses":[{"freeform":"11200 Broadway St","locality":"Pearland","postcode":"77584","region":"TX","country":"US"}],"names":{"primary":"WSOD Designs","common":null,"rules":null},"sources":[{"property":"","dataset":"Foursquare","license":"Apache-2.0","record_id":"614028774e1b0b7f202d4d04","update_time":"2021-09-14T00:00:00.000","confidence":0.77,"between":null,"provider":"foursquare","resource":"foursquare","version":"2026-04-14"},{"property":"/properties/confidence","dataset":"Overture","license":"CDLA-Permissive-2.0","record_id":null,"update_time":"2026-08-14T19:46:07Z","confidence":null,"between":null,"provider":"overture","resource":"confidence_calculation","version":"2026-08-14"},{"property":"/properties/operating_status","dataset":"Overture-signals","license":"CDLA-Permissive-2.0","record_id":"aa331fbf-b356-49ed-8a36-b230e4c0df9d","update_time":"2026-08-10T22:54:24Z","confidence":1.0,"between":null,"provider":"overture","resource":"operating_status_signal","version":"2026-08-10"}],"operating_status":"open","basic_category":"professional_service","taxonomy":{"primary":"advertising_agency","hierarchy":["services_and_business","professional_service","advertising_agency"],"alternates":null},"version":4}},{"id":"498de68d-28d1-4c4c-b5f7-6bbf7dd2c86d","type":"Feature","geometry":{"type":"Point","coordinates":[-95.39424983,29.55268996]},"properties":{"categories":{"primary":"jewelry_store","alternate":["jewelry_and_watches_manufacturer","flowers_and_gifts_shop"]},"confidence":0.9902192950248718,"websites":["https://stores.pandora.net/en-us/tx/pearland/pandora-jewelry-us369a808a.html"],"socials":["https://www.facebook.com/261175174716755"],"phones":["+13462991902"],"brand":{"wikidata":null,"names":{"primary":"Pandora","common":null,"rules":null}},"addresses":[{"freeform":"11200 Broadway St","locality":"Pearland","postcode":"77584-0085","region":"TX","country":"US"}],"names":{"primary":"Pandora","common":null,"rules":null},"sources":[{"property":"","dataset":"meta","license":"CDLA-Permissive-2.0","record_id":"261175174716755","update_time":"2026-08-10T00:00:00.000Z","confidence":0.9855237603187561,"between":null,"provider":"meta","resource":"meta","version":"2026-08-10"},{"property":"/properties/confidence","dataset":"Overture","license":"CDLA-Permissive-2.0","record_id":null,"update_time":"2026-08-14T19:46:07Z","confidence":null,"between":null,"provider":"overture","resource":"confidence_calculation","version":"2026-08-14"},{"property":"/properties/operating_status","dataset":"Overture-signals","license":"CDLA-Permissive-2.0","record_id":"dc0ff1e7-f50d-4169-80b2-2b7142c28cde","update_time":"2026-08-10T22:54:24Z","confidence":1.0,"between":null,"provider":"overture","resource":"operating_status_signal","version":"2026-08-10"}],"operating_status":"open","basic_category":"fashion_and_apparel_store","taxonomy":{"primary":"jewelry_store","hierarchy":["shopping","fashion_and_apparel_store","jewelry_store"],"alternates":null},"version":11}},{"id":"ea7b63c4-928b-4e4c-898f-b31f919130c4","type":"Feature","geometry":{"type":"Point","coordinates":[-95.394133666681,29.552888614324]},"properties":{"confidence":0.06125030294060707,"emails":["aguilaselitebaseball@gmail.com"],"socials":["https://www.facebook.com/349181835798780"],"brand":{"wikidata":null,"names":{"primary":null,"common":null,"rules":null}},"addresses":[{"freeform":"Shadow creek","locality":"Pearland","postcode":"77584","region":"TX","country":"US"}],"names":{"primary":"Aguilas elite baseball","common":null,"rules":null},"sources":[{"property":"","dataset":"meta","license":"CDLA-Permissive-2.0","record_id":"349181835798780","update_time":"2026-08-10T00:00:00.000Z","confidence":0.06125030294060707,"between":null,"provider":"meta","resource":"meta","version":"2026-08-10"},{"property":"/properties/confidence","dataset":"Overture","license":"CDLA-Permissive-2.0","record_id":null,"update_time":"2026-08-14T19:46:07Z","confidence":null,"between":null,"provider":"overture","resource":"confidence_calculation","version":"2026-08-14"}],"basic_category":"sport_league","version":3}},{"id":"42212f64-ccf8-4224-bbfb-521239257def","type":"Feature","geometry":{"type":"Point","coordinates":[-95.39409657,29.55290112]},"properties":{"categories":{"primary":"shopping_center","alternate":null},"confidence":0.9406974911689758,"websites":["http://www.PearlandTownCenter.com/"],"emails":["pearlandtownmart@gmail.com"],"socials":["https://www.facebook.com/113234815379762"],"phones":["+17133400712"],"brand":{"wikidata":null,"names":{"primary":"Vans","common":null,"rules":null}},"addresses":[{"freeform":"11200 Broadway St","locality":"Pearland","postcode":"77584-0085","region":"TX","country":"US"}],"names":{"primary":"Pearland Town Center","common":null,"rules":null},"sources":[{"property":"","dataset":"meta","license":"CDLA-Permissive-2.0","record_id":"113234815379762","update_time":"2026-08-10T00:00:00.000Z","confidence":0.9865273833274841,"between":null,"provider":"meta","resource":"meta","version":"2026-08-10"},{"property":"/properties/confidence","dataset":"Overture","license":"CDLA-Permissive-2.0","record_id":null,"update_time":"2026-08-14T19:46:07Z","confidence":null,"between":null,"provider":"overture","resource":"confidence_calculation","version":"2026-08-14"},{"property":"/properties/operating_status","dataset":"Overture-signals","license":"CDLA-Permissive-2.0","record_id":"b55e1c98-0640-4952-ab27-9a1afd50943c","update_time":"2026-08-10T22:54:24Z","confidence":1.0,"between":null,"provider":"overture","resource":"operating_status_signal","version":"2026-08-10"}],"operating_status":"open","basic_category":"shopping_mall","taxonomy":{"primary":"shopping_mall","hierarchy":["shopping","shopping_mall"],"alternates":null},"version":10}},{"id":"b376a833-bafe-446e-8ac5-821e168ce699","type":"Feature","geometry":{"type":"Point","coordinates":[-95.39411877,29.55293004]},"properties":{"categories":{"primary":"barber","alternate":["beauty_salon","hair_salon"]},"confidence":0.9199122190475464,"websites":["https://www.beautynthebarber.com/"],"socials":["https://www.facebook.com/705978446268625"],"phones":["+18322330487"],"brand":{"wikidata":null,"names":{"primary":null,"common":null,"rules":null}},"addresses":[{"freeform":"11200 Broadway St Suite: 1410 #1","locality":"Pearland","postcode":"77584","region":"TX","country":"US"}],"names":{"primary":"Beauty & the Barber","common":null,"rules":null},"sources":[{"property":"","dataset":"meta","license":"CDLA-Permissive-2.0","record_id":"705978446268625","update_time":"2026-08-10T00:00:00.000Z","confidence":0.6937684416770935,"between":null,"provider":"meta","resource":"meta","version":"2026-08-10"},{"property":"/properties/confidence","dataset":"Overture","license":"CDLA-Permissive-2.0","record_id":null,"update_time":"2026-08-14T19:46:07Z","confidence":null,"between":null,"provider":"overture","resource":"confidence_calculation","version":"2026-08-14"},{"property":"/properties/operating_status","dataset":"Overture-signals","license":"CDLA-Permissive-2.0","record_id":"2c70b273-d794-4fc4-bde7-5b6f57906bf1","update_time":"2026-08-10T22:54:24Z","confidence":1.0,"between":null,"provider":"overture","resource":"operating_status_signal","version":"2026-08-10"}],"operating_status":"open","basic_category":"personal_or_beauty_service","taxonomy":{"primary":"barber","hierarchy":["lifestyle_services","personal_or_beauty_service","barber"],"alternates":null},"version":9}},{"id":"706438d0-48b7-41e1-9983-2b48779d8e3a","type":"Feature","geometry":{"type":"Point","coordinates":[-95.39411842,29.55294397]},"properties":{"categories":{"primary":"corporate_office","alternate":["accountant","professional_services"]},"confidence":0.9199122190475464,"websites":["http://www.simplifiedbusinesssoutionsllc.org/"],"emails":["beth@simplifiedbusinesssolutionsllc.org"],"socials":["https://www.facebook.com/105322568585584"],"phones":["+13462408288"],"brand":{"wikidata":null,"names":{"primary":null,"common":null,"rules":null}},"addresses":[{"freeform":"11200 Broadway St Suite 2743,","locality":"Pearland","postcode":"77584","region":"TX","country":"US"}],"names":{"primary":"Simplified Business Solutions","common":null,"rules":null},"sources":[{"property":"","dataset":"meta","license":"CDLA-Permissive-2.0","record_id":"105322568585584","update_time":"2026-08-10T00:00:00.000Z","confidence":0.062237534672021866,"between":null,"provider":"meta","resource":"meta","version":"2026-08-10"},{"property":"/properties/confidence","dataset":"Overture","license":"CDLA-Permissive-2.0","record_id":null,"update_time":"2026-08-14T19:46:07Z","confidence":null,"between":null,"provider":"overture","resource":"confidence_calculation","version":"2026-08-14"},{"property":"/properties/operating_status","dataset":"Overture-signals","license":"CDLA-Permissive-2.0","record_id":"fb919f40-df3f-4899-99dc-64e5012ac9a1","update_time":"2026-08-10T22:54:24Z","confidence":1.0,"between":null,"provider":"overture","resource":"operating_status_signal","version":"2026-08-10"}],"operating_status":"open","basic_category":"corporate_or_business_office","taxonomy":{"primary":"corporate_or_business_office","hierarchy":["services_and_business","corporate_or_business_office"],"alternates":null},"version":10}},{"id":"70727a79-faa7-4d13-bbcb-5ad8def076bc","type":"Feature","geometry":{"type":"Point","coordinates":[-95.39406659,29.55294117]},"properties":{"categories":{"primary":"korean_restaurant","alternate":["chicken_restaurant","asian_restaurant"]},"confidence":0.9642372131347656,"websites":["https://restaurants.bonchon.com/locations/tx/pearland/11200-broadway-st-suite-360"],"socials":["https://www.facebook.com/1596675230649359"],"phones":["+13464105167"],"brand":{"wikidata":null,"names":{"primary":"Bonchon Chicken Philippines","common":null,"rules":null}},"addresses":[{"freeform":"11200 Broadway St Suite 360","locality":"Pearland","postcode":"77584","region":"TX","country":"US"}],"names":{"primary":"Bonchon","common":null,"rules":null},"sources":[{"property":"","dataset":"meta","license":"CDLA-Permissive-2.0","record_id":"1596675230649359","update_time":"2026-08-10T00:00:00.000Z","confidence":0.9925617575645447,"between":null,"provider":"meta","resource":"meta","version":"2026-08-10"},{"property":"/properties/confidence","dataset":"Overture","license":"CDLA-Permissive-2.0","record_id":null,"update_time":"2026-08-14T19:46:07Z","confidence":null,"between":null,"provider":"overture","resource":"confidence_calculation","version":"2026-08-14"},{"property":"/properties/operating_status","dataset":"Overture-signals","license":"CDLA-Permissive-2.0","record_id":"fb262eda-2b01-4b78-b037-ff28853c46bf","update_time":"2026-08-10T22:54:24Z","confidence":1.0,"between":null,"provider":"overture","resource":"operating_status_signal","version":"2026-08-10"}],"operating_status":"open","basic_category":"restaurant","taxonomy":{"primary":"korean_restaurant","hierarchy":["food_and_drink","restaurant","asian_restaurant","east_asian_restaurant","korean_restaurant"],"alternates":null},"version":7}},{"id":"c1e97785-b325-4b46-ac04-bfdf1310ebee","type":"Feature","geometry":{"type":"Point","coordinates":[-95.39404842,29.55273544]},"properties":{"categories":{"primary":"real_estate_agent","alternate":["real_estate","real_estate_service"]},"confidence":0.9199122190475464,"websites":["http://www.thedfordrealestategroup.com/"],"emails":["brooke@thedfordgroup.com"],"socials":["https://www.facebook.com/236269067121431"],"phones":["+18324771775"],"brand":{"wikidata":null,"names":{"primary":null,"common":null,"rules":null}},"addresses":[{"freeform":"11200 Broadway St Suite 2743,","locality":"Pearland","postcode":"77584","region":"TX","country":"US"}],"names":{"primary":"Thedford Real Estate Group","common":null,"rules":null},"sources":[{"property":"","dataset":"meta","license":"CDLA-Permissive-2.0","record_id":"236269067121431","update_time":"2026-08-10T00:00:00.000Z","confidence":0.5487990379333496,"between":null,"provider":"meta","resource":"meta","version":"2026-08-10"},{"property":"/properties/confidence","dataset":"Overture","license":"CDLA-Permissive-2.0","record_id":null,"update_time":"2026-08-14T19:46:07Z","confidence":null,"between":null,"provider":"overture","resource":"confidence_calculation","version":"2026-08-14"},{"property":"/properties/operating_status","dataset":"Overture-signals","license":"CDLA-Permissive-2.0","record_id":"2e66eedb-3799-4666-a375-93324ab4e49d","update_time":"2026-08-10T22:54:24Z","confidence":1.0,"between":null,"provider":"overture","resource":"operating_status_signal","version":"2026-08-10"}],"operating_status":"open","basic_category":"real_estate_service","taxonomy":{"primary":"real_estate_agent","hierarchy":["services_and_business","real_estate_service","real_estate_agent"],"alternates":null},"version":10}},{"id":"b3005ec0-60b0-4290-9dc5-6ffc14437c69","type":"Feature","geometry":{"type":"Point","coordinates":[-95.3939018,29.5526508]},"properties":{"confidence":0.85,"websites":[""],"phones":["7134529048"],"addresses":[{"freeform":"11200 Broadway St Apt 3517","locality":"Pearland","postcode":"77584","region":"TX","country":"US"}],"names":{"primary":"Prolific Transports LLC","common":null,"rules":null},"sources":[{"property":"","dataset":"Microsoft","license":"CDLA-Permissive-2.0","record_id":"562949961102784","update_time":"2021-07-15T22:21:33.060Z","confidence":0.85,"between":null,"provider":"microsoft","resource":"microsoft","version":"2025-10-20"},{"property":"/properties/confidence","dataset":"Overture","license":"CDLA-Permissive-2.0","record_id":null,"update_time":"2026-08-14T19:46:07Z","confidence":null,"between":null,"provider":"overture","resource":"confidence_calculation","version":"2026-08-14"}],"version":2}},{"id":"f9b322b2-caef-4e28-81ec-8fb58e71eeaf","type":"Feature","geometry":{"type":"Point","coordinates":[-95.393907,29.552904]},"properties":{"categories":{"primary":"kickboxing_club","alternate":["martial_arts_club","active_life","education"]},"confidence":0.9199122190475464,"websites":["https://www.ilovekickboxing.com/pearland"],"phones":["2814165673"],"addresses":[{"freeform":"11200 Broadway St","locality":"Pearland","postcode":"77584","region":"TX","country":"US"}],"names":{"primary":"iLoveKickboxing - Pearland","common":null,"rules":null},"sources":[{"property":"","dataset":"Microsoft","license":"CDLA-Permissive-2.0","record_id":"1970324838947011","update_time":"2019-10-02T14:34:03.773Z","confidence":0.85,"between":null,"provider":"microsoft","resource":"microsoft","version":"2025-10-20"},{"property":"/properties/confidence","dataset":"Overture","license":"CDLA-Permissive-2.0","record_id":null,"update_time":"2026-08-14T19:46:07Z","confidence":null,"between":null,"provider":"overture","resource":"confidence_calculation","version":"2026-08-14"},{"property":"/properties/operating_status","dataset":"Overture-signals","license":"CDLA-Permissive-2.0","record_id":"fb7c5365-c9e9-4175-b8e4-f65c2c0aee04","update_time":"2026-08-10T22:54:24Z","confidence":1.0,"between":null,"provider":"overture","resource":"operating_status_signal","version":"2026-08-10"}],"operating_status":"open","basic_category":"sport_or_recreation_club","taxonomy":{"primary":"kickboxing_club","hierarchy":["sports_and_recreation","sport_or_recreation_club","martial_arts_club","kickboxing_club"],"alternates":null},"version":6}},{"id":"d8961fcf-919c-4b04-8823-91949a4fc239","type":"Feature","geometry":{"type":"Point","coordinates":[-95.39401904278479,29.553216270717034]},"properties":{"categories":{"primary":"gift_shop","alternate":null},"confidence":0.77,"websites":["http://www.yankeecandle.com"],"emails":["info@yankeecandle.com"],"socials":["https://www.twitter.com/theyankeecandle","https://www.facebook.com/39925915994"],"phones":["(562) 293-4400"],"addresses":[{"freeform":null,"locality":"Rosharon","postcode":"77583","region":"TX","country":"US"}],"names":{"primary":"Yankee Candle","common":null,"rules":null},"sources":[{"property":"","dataset":"Foursquare","license":"Apache-2.0","record_id":"4beb1e0aa9900f4701651740","update_time":"2022-02-18T00:00:00.000","confidence":0.77,"between":null,"provider":"foursquare","resource":"foursquare","version":"2026-04-14"},{"property":"/properties/confidence","dataset":"Overture","license":"CDLA-Permissive-2.0","record_id":null,"update_time":"2026-08-14T19:46:07Z","confidence":null,"between":null,"provider":"overture","resource":"confidence_calculation","version":"2026-08-14"}],"basic_category":"flowers_and_gifts_store","taxonomy":{"primary":"gift_shop","hierarchy":["shopping","specialty_store","flowers_and_gifts_store","gift_shop"],"alternates":null},"version":5}},{"id":"0a92598d-98ff-4972-8f87-15700e13d3f2","type":"Feature","geometry":{"type":"Point","coordinates":[-95.394118,29.55313491]},"properties":{"categories":{"primary":"seafood_restaurant","alternate":["american_restaurant","restaurant"]},"confidence":0.9902192950248718,"websites":["https://fishcitygrill.com/"],"emails":["pearland@fishcitygrill.com"],"socials":["https://www.facebook.com/329301623825929"],"phones":["+17133401493"],"brand":{"wikidata":null,"names":{"primary":"Fish City Grill","common":null,"rules":null}},"addresses":[{"freeform":"11200 Broadway St","locality":"Pearland","postcode":"77584","region":"TX","country":"US"}],"names":{"primary":"Fish City Grill","common":null,"rules":null},"sources":[{"property":"","dataset":"meta","license":"CDLA-Permissive-2.0","record_id":"329301623825929","update_time":"2026-08-10T00:00:00.000Z","confidence":0.9968461394309998,"between":null,"provider":"meta","resource":"meta","version":"2026-08-10"},{"property":"/properties/confidence","dataset":"Overture","license":"CDLA-Permissive-2.0","record_id":null,"update_time":"2026-08-14T19:46:07Z","confidence":null,"between":null,"provider":"overture","resource":"confidence_calculation","version":"2026-08-14"},{"property":"/properties/operating_status","dataset":"Overture-signals","license":"CDLA-Permissive-2.0","record_id":"195c442d-53c8-498d-abbf-d5179acbf04e","update_time":"2026-08-10T22:54:24Z","confidence":1.0,"between":null,"provider":"overture","resource":"operating_status_signal","version":"2026-08-10"}],"operating_status":"open","basic_category":"restaurant","taxonomy":{"primary":"seafood_restaurant","hierarchy":["food_and_drink","restaurant","seafood_restaurant"],"alternates":null},"version":10}},{"id":"ef9a9eac-1d84-4cda-91fe-f816f89c633f","type":"Feature","geometry":{"type":"Point","coordinates":[-95.3941546,29.55307894]},"properties":{"categories":{"primary":"spas","alternate":["cosmetic_and_beauty_supplies"]},"confidence":0.9199122190475464,"websites":["http://perfume-depot.com/"],"socials":["https://www.facebook.com/1379411492321878"],"phones":["+17133400077"],"brand":{"wikidata":null,"names":{"primary":null,"common":null,"rules":null}},"addresses":[{"freeform":"11200 Broadway St #375","locality":"Pearland","postcode":"77584","region":"TX","country":"US"}],"names":{"primary":"Perfume Depot","common":null,"rules":null},"sources":[{"property":"","dataset":"meta","license":"CDLA-Permissive-2.0","record_id":"1379411492321878","update_time":"2026-08-10T00:00:00.000Z","confidence":0.8988540172576904,"between":null,"provider":"meta","resource":"meta","version":"2026-08-10"},{"property":"/properties/confidence","dataset":"Overture","license":"CDLA-Permissive-2.0","record_id":null,"update_time":"2026-08-14T19:46:07Z","confidence":null,"between":null,"provider":"overture","resource":"confidence_calculation","version":"2026-08-14"},{"property":"/properties/operating_status","dataset":"Overture-signals","license":"CDLA-Permissive-2.0","record_id":"33269266-922b-42c5-8c39-b6bef0ccff40","update_time":"2026-08-10T22:54:24Z","confidence":1.0,"between":null,"provider":"overture","resource":"operating_status_signal","version":"2026-08-10"}],"operating_status":"open","basic_category":"wellness_service","taxonomy":{"primary":"spa","hierarchy":["lifestyle_services","wellness_service","spa"],"alternates":null},"version":10}},{"id":"87e6acd0-16aa-452d-b408-f7c363395397","type":"Feature","geometry":{"type":"Point","coordinates":[-95.39414013,29.55342767]},"properties":{"categories":{"primary":"mongolian_restaurant","alternate":["asian_restaurant","restaurant"]},"confidence":0.9902192950248718,"websites":["http://www.bestmongolian.com/"],"socials":["https://www.facebook.com/286086511565355"],"phones":["+17133401288"],"brand":{"wikidata":null,"names":{"primary":null,"common":null,"rules":null}},"addresses":[{"freeform":"11200 Broadway St","locality":"Pearland","postcode":"77584-0085","region":"TX","country":"US"}],"names":{"primary":"Mongo","common":null,"rules":null},"sources":[{"property":"","dataset":"meta","license":"CDLA-Permissive-2.0","record_id":"286086511565355","update_time":"2026-08-10T00:00:00.000Z","confidence":0.9950485825538635,"between":null,"provider":"meta","resource":"meta","version":"2026-08-10"},{"property":"/properties/confidence","dataset":"Overture","license":"CDLA-Permissive-2.0","record_id":null,"update_time":"2026-08-14T19:46:07Z","confidence":null,"between":null,"provider":"overture","resource":"confidence_calculation","version":"2026-08-14"},{"property":"/properties/operating_status","dataset":"Overture-signals","license":"CDLA-Permissive-2.0","record_id":"4ed9a392-10d8-4a45-89ee-b6c243a57b9a","update_time":"2026-08-10T22:54:24Z","confidence":1.0,"between":null,"provider":"overture","resource":"operating_status_signal","version":"2026-08-10"}],"operating_status":"open","basic_category":"restaurant","taxonomy":{"primary":"mongolian_restaurant","hierarchy":["food_and_drink","restaurant","asian_restaurant","east_asian_restaurant","mongolian_restaurant"],"alternates":null},"version":10}},{"id":"239f88b2-7150-4480-852d-5354551ab601","type":"Feature","geometry":{"type":"Point","coordinates":[-95.394131541252,29.553458497468]},"properties":{"categories":{"primary":"dance_school","alternate":["topic_concert_venue"]},"confidence":0.9199122190475464,"websites":["https://www.mdballroomacademy.com"],"emails":["info@mdballroomacademy.com"],"socials":["https://www.facebook.com/106377037804495"],"phones":["+17134365517"],"brand":{"wikidata":null,"names":{"primary":null,"common":null,"rules":null}},"addresses":[{"freeform":"11200 Broadway St","locality":"Pearland","postcode":"77584-0085","region":"TX","country":"US"}],"names":{"primary":"MD Ballroom Academy","common":null,"rules":null},"sources":[{"property":"","dataset":"meta","license":"CDLA-Permissive-2.0","record_id":"106377037804495","update_time":"2026-08-10T00:00:00.000Z","confidence":0.81775963306427,"between":null,"provider":"meta","resource":"meta","version":"2026-08-10"},{"property":"/properties/confidence","dataset":"Overture","license":"CDLA-Permissive-2.0","record_id":null,"update_time":"2026-08-14T19:46:07Z","confidence":null,"between":null,"provider":"overture","resource":"confidence_calculation","version":"2026-08-14"},{"property":"/properties/operating_status","dataset":"Overture-signals","license":"CDLA-Permissive-2.0","record_id":"6a2be90c-326a-4263-bbc3-4939637bdec4","update_time":"2026-08-10T22:54:24Z","confidence":1.0,"between":null,"provider":"overture","resource":"operating_status_signal","version":"2026-08-10"}],"operating_status":"open","basic_category":"sport_or_fitness_facility","taxonomy":{"primary":"dance_studio","hierarchy":["sports_and_recreation","sport_or_fitness_facility","dance_studio"],"alternates":null},"version":7}},{"id":"9777845f-4112-4491-a842-ab0e1738e6bc","type":"Feature","geometry":{"type":"Point","coordinates":[-95.39379213,29.55360209]},"properties":{"categories":{"primary":"nail_salon","alternate":["spas","beauty_salon"]},"confidence":0.9987234115600586,"websites":["https://www.anthonyvincenailspa.com/"],"emails":["avnailspapearland@gmail.com"],"socials":["https://www.facebook.com/2255544448003741"],"phones":["+18324067989"],"brand":{"wikidata":null,"names":{"primary":"Anthony Vince' Nail Spa, Columbus","common":null,"rules":null}},"addresses":[{"freeform":"11200 Broadway St","locality":"Pearland","postcode":"77584-0085","region":"TX","country":"US"}],"names":{"primary":"Anthony Vince Nail Spa","common":null,"rules":null},"sources":[{"property":"","dataset":"meta","license":"CDLA-Permissive-2.0","record_id":"2255544448003741","update_time":"2026-08-10T00:00:00.000Z","confidence":0.9944496154785156,"between":null,"provider":"meta","resource":"meta","version":"2026-08-10"},{"property":"/properties/confidence","dataset":"Overture","license":"CDLA-Permissive-2.0","record_id":null,"update_time":"2026-08-14T19:46:07Z","confidence":null,"between":null,"provider":"overture","resource":"confidence_calculation","version":"2026-08-14"},{"property":"/properties/operating_status","dataset":"Overture-signals","license":"CDLA-Permissive-2.0","record_id":"96acff56-37c6-45b3-a161-3f326479f369","update_time":"2026-08-10T22:54:24Z","confidence":1.0,"between":null,"provider":"overture","resource":"operating_status_signal","version":"2026-08-10"}],"operating_status":"open","basic_category":"personal_or_beauty_service","taxonomy":{"primary":"nail_salon","hierarchy":["lifestyle_services","personal_or_beauty_service","nail_salon"],"alternates":null},"version":9}},{"id":"3a5dfbfb-ed96-4a47-9534-8e822449ce3b","type":"Feature","geometry":{"type":"Point","coordinates":[-95.39375484129089,29.553899843136545]},"properties":{"categories":{"primary":"hair_salon","alternate":null},"confidence":0.9199122190475464,"websites":["http://www.josephinesdayspa.com"],"emails":["info@josephinesdayspa.com"],"socials":["https://www.twitter.com/josephinespl"],"phones":["(713) 433-8885"],"addresses":[{"freeform":"11200 Broadway St Ste 625","locality":"Pearland","postcode":"77584","region":"TX","country":"US"}],"names":{"primary":"Josephine's Day Spa and Salon (Pearland)","common":null,"rules":null},"sources":[{"property":"","dataset":"Foursquare","license":"Apache-2.0","record_id":"4be5a725cf200f479d7e133c","update_time":"2025-05-01T00:00:00.000","confidence":0.77,"between":null,"provider":"foursquare","resource":"foursquare","version":"2026-04-14"},{"property":"/properties/confidence","dataset":"Overture","license":"CDLA-Permissive-2.0","record_id":null,"update_time":"2026-08-14T19:46:07Z","confidence":null,"between":null,"provider":"overture","resource":"confidence_calculation","version":"2026-08-14"},{"property":"/properties/operating_status","dataset":"Overture-signals","license":"CDLA-Permissive-2.0","record_id":"4f9827bb-3d21-414f-b943-7e4983ae8f95","update_time":"2026-08-10T22:54:24Z","confidence":1.0,"between":null,"provider":"overture","resource":"operating_status_signal","version":"2026-08-10"}],"operating_status":"open","basic_category":"personal_or_beauty_service","taxonomy":{"primary":"hair_salon","hierarchy":["lifestyle_services","personal_or_beauty_service","hair_salon"],"alternates":null},"version":4}},{"id":"dbc48f8a-934f-46e9-a4a1-18ee198d50bf","type":"Feature","geometry":{"type":"Point","coordinates":[-95.39375117,29.55381286]},"properties":{"categories":{"primary":"barber","alternate":["hair_salon","beauty_salon"]},"confidence":0.9902192950248718,"websites":["http://www.ashavinggrace.com/"],"socials":["https://www.facebook.com/104061517735473"],"phones":["+18322953611"],"brand":{"wikidata":null,"names":{"primary":null,"common":null,"rules":null}},"addresses":[{"freeform":"11200 W Broadway St #625","locality":"Pearland","postcode":"77584","region":"TX","country":"US"}],"names":{"primary":"A Shaving Grace","common":null,"rules":null},"sources":[{"property":"","dataset":"meta","license":"CDLA-Permissive-2.0","record_id":"104061517735473","update_time":"2026-08-10T00:00:00.000Z","confidence":0.9315574765205383,"between":null,"provider":"meta","resource":"meta","version":"2026-08-10"},{"property":"/properties/confidence","dataset":"Overture","license":"CDLA-Permissive-2.0","record_id":null,"update_time":"2026-08-14T19:46:07Z","confidence":null,"between":null,"provider":"overture","resource":"confidence_calculation","version":"2026-08-14"},{"property":"/properties/operating_status","dataset":"Overture-signals","license":"CDLA-Permissive-2.0","record_id":"caec0946-ef40-4e1a-8b9d-6c5273cd2c34","update_time":"2026-08-10T22:54:24Z","confidence":1.0,"between":null,"provider":"overture","resource":"operating_status_signal","version":"2026-08-10"}],"operating_status":"open","basic_category":"personal_or_beauty_service","taxonomy":{"primary":"barber","hierarchy":["lifestyle_services","personal_or_beauty_service","barber"],"alternates":null},"version":10}},{"id":"5c7ea71d-0301-4d7b-9bd5-1f0343e5dfda","type":"Feature","geometry":{"type":"Point","coordinates":[-95.39373494,29.55399107]},"properties":{"categories":{"primary":"flowers_and_gifts_shop","alternate":["arts_and_crafts"]},"confidence":0.9199122190475464,"websites":["http://TrudysHallmark.com/"],"socials":["https://www.facebook.com/107919780756590"],"phones":["+17133401213"],"brand":{"wikidata":null,"names":{"primary":"Trudy's Hallmark","common":null,"rules":null}},"addresses":[{"freeform":"Center, 11200 W Broadway St Ste 610","locality":"Pearland","postcode":"77584","region":"TX","country":"US"}],"names":{"primary":"Trudy's Hallmark Shop","common":null,"rules":null},"sources":[{"property":"","dataset":"meta","license":"CDLA-Permissive-2.0","record_id":"107919780756590","update_time":"2026-08-10T00:00:00.000Z","confidence":0.9039075374603271,"between":null,"provider":"meta","resource":"meta","version":"2026-08-10"},{"property":"/properties/confidence","dataset":"Overture","license":"CDLA-Permissive-2.0","record_id":null,"update_time":"2026-08-14T19:46:07Z","confidence":null,"between":null,"provider":"overture","resource":"confidence_calculation","version":"2026-08-14"},{"property":"/properties/operating_status","dataset":"Overture-signals","license":"CDLA-Permissive-2.0","record_id":"7f7812d0-68ec-4c75-858e-54839f2febb4","update_time":"2026-08-10T22:54:24Z","confidence":1.0,"between":null,"provider":"overture","resource":"operating_status_signal","version":"2026-08-10"}],"operating_status":"open","basic_category":"flowers_and_gifts_store","taxonomy":{"primary":"flowers_and_gifts_store","hierarchy":["shopping","specialty_store","flowers_and_gifts_store"],"alternates":null},"version":12}},{"id":"23961bbd-b158-4994-a047-47f002c82b26","type":"Feature","geometry":{"type":"Point","coordinates":[-95.39370388,29.55407319]},"properties":{"categories":{"primary":"japanese_restaurant","alternate":["sushi_restaurant","asian_restaurant"]},"confidence":0.9902192950248718,"websites":["http://www.shogungrill.com"],"socials":["https://www.facebook.com/120507031435266"],"phones":["+17133401009"],"brand":{"wikidata":null,"names":{"primary":null,"common":null,"rules":null}},"addresses":[{"freeform":"11200 W Broadway St","locality":"Pearland","postcode":"77584","region":"TX","country":"US"}],"names":{"primary":"Shogun","common":null,"rules":null},"sources":[{"property":"","dataset":"meta","license":"CDLA-Permissive-2.0","record_id":"120507031435266","update_time":"2026-08-10T00:00:00.000Z","confidence":0.7920246124267578,"between":null,"provider":"meta","resource":"meta","version":"2026-08-10"},{"property":"/properties/confidence","dataset":"Overture","license":"CDLA-Permissive-2.0","record_id":null,"update_time":"2026-08-14T19:46:07Z","confidence":null,"between":null,"provider":"overture","resource":"confidence_calculation","version":"2026-08-14"},{"property":"/properties/operating_status","dataset":"Overture-signals","license":"CDLA-Permissive-2.0","record_id":"72598cc5-9355-479f-91a6-7ab82b231b13","update_time":"2026-08-10T22:54:24Z","confidence":1.0,"between":null,"provider":"overture","resource":"operating_status_signal","version":"2026-08-10"}],"operating_status":"open","basic_category":"restaurant","taxonomy":{"primary":"japanese_restaurant","hierarchy":["food_and_drink","restaurant","asian_restaurant","east_asian_restaurant","japanese_restaurant"],"alternates":null},"version":10}},{"id":"d46c16ae-5c43-4db2-9884-dbcd85fd5ed4","type":"Feature","geometry":{"type":"Point","coordinates":[-95.39372718,29.55372121]},"properties":{"categories":{"primary":"private_school","alternate":["school","middle_school"]},"confidence":0.9199122190475464,"websites":["http://linktr.ee/masterpieceacton"],"emails":["admin@masterpieceacademy.org"],"socials":["https://www.facebook.com/128973880292881"],"phones":["+12818190194"],"brand":{"wikidata":null,"names":{"primary":null,"common":null,"rules":null}},"addresses":[{"freeform":"11200 W Broadway St Unit 630A","locality":"Pearland","postcode":"77584","region":"TX","country":"US"}],"names":{"primary":"Masterpiece: An Acton Academy","common":null,"rules":null},"sources":[{"property":"","dataset":"meta","license":"CDLA-Permissive-2.0","record_id":"128973880292881","update_time":"2026-08-10T00:00:00.000Z","confidence":0.8696781992912292,"between":null,"provider":"meta","resource":"meta","version":"2026-08-10"},{"property":"/properties/confidence","dataset":"Overture","license":"CDLA-Permissive-2.0","record_id":null,"update_time":"2026-08-14T19:46:07Z","confidence":null,"between":null,"provider":"overture","resource":"confidence_calculation","version":"2026-08-14"},{"property":"/properties/operating_status","dataset":"Overture-signals","license":"CDLA-Permissive-2.0","record_id":"9cdfce7c-6db0-4411-b801-e3573962f6ff","update_time":"2026-08-10T22:54:24Z","confidence":1.0,"between":null,"provider":"overture","resource":"operating_status_signal","version":"2026-08-10"}],"operating_status":"open","basic_category":"place_of_learning","taxonomy":{"primary":"private_school","hierarchy":["education","place_of_learning","school","private_school"],"alternates":null},"version":9}},{"id":"7f9f80be-2e51-403c-9538-66cd893a9f17","type":"Feature","geometry":{"type":"Point","coordinates":[-95.39372642,29.55345014]},"properties":{"categories":{"primary":"jewelry_store","alternate":["bridal_shop","fashion_accessories_store"]},"confidence":0.9902192950248718,"websites":["https://www.jamesavery.com/store-details?store=017"],"emails":["customerservice@jamesavery.com"],"socials":["https://www.facebook.com/107110859393235"],"phones":["+17133401203"],"brand":{"wikidata":null,"names":{"primary":"James Avery Artisan Jewelry","common":null,"rules":null}},"addresses":[{"freeform":"11200 Broadway St","locality":"Pearland","postcode":"77584-0085","region":"TX","country":"US"}],"names":{"primary":"James Avery Artisan Jewelry","common":null,"rules":null},"sources":[{"property":"","dataset":"meta","license":"CDLA-Permissive-2.0","record_id":"107110859393235","update_time":"2026-08-10T00:00:00.000Z","confidence":0.9921326041221619,"between":null,"provider":"meta","resource":"meta","version":"2026-08-10"},{"property":"/properties/confidence","dataset":"Overture","license":"CDLA-Permissive-2.0","record_id":null,"update_time":"2026-08-14T19:46:07Z","confidence":null,"between":null,"provider":"overture","resource":"confidence_calculation","version":"2026-08-14"},{"property":"/properties/operating_status","dataset":"Overture-signals","license":"CDLA-Permissive-2.0","record_id":"08e54c41-fb3b-45ff-b0c7-50802556f712","update_time":"2026-08-10T22:54:24Z","confidence":1.0,"between":null,"provider":"overture","resource":"operating_status_signal","version":"2026-08-10"}],"operating_status":"open","basic_category":"fashion_and_apparel_store","taxonomy":{"primary":"jewelry_store","hierarchy":["shopping","fashion_and_apparel_store","jewelry_store"],"alternates":null},"version":7}},{"id":"fdd30789-edd7-418f-9948-76217a6acedc","type":"Feature","geometry":{"type":"Point","coordinates":[-95.393691,29.553026]},"properties":{"categories":{"primary":"professional_services","alternate":["jewelry_store","engineering_services"]},"confidence":0.3060511648654938,"websites":["http://www.fcadesign.com/"],"emails":["chrisc@fcadesign.com"],"socials":["https://www.facebook.com/224414000931859"],"phones":["+12815203431"],"brand":{"wikidata":null,"names":{"primary":null,"common":null,"rules":null}},"addresses":[{"freeform":"11200 Broadway St","locality":"Pearland","postcode":"77584-0085","region":"TX","country":"US"}],"names":{"primary":"FCA Design, Inc.","common":null,"rules":null},"sources":[{"property":"","dataset":"meta","license":"CDLA-Permissive-2.0","record_id":"224414000931859","update_time":"2026-08-10T00:00:00.000Z","confidence":0.3060511648654938,"between":null,"provider":"meta","resource":"meta","version":"2026-08-10"},{"property":"/properties/confidence","dataset":"Overture","license":"CDLA-Permissive-2.0","record_id":null,"update_time":"2026-08-14T19:46:07Z","confidence":null,"between":null,"provider":"overture","resource":"confidence_calculation","version":"2026-08-14"}],"basic_category":"professional_service","taxonomy":{"primary":"professional_service","hierarchy":["services_and_business","professional_service"],"alternates":null},"version":8}},{"id":"5a4fd1e5-94cf-41c4-b579-693dc5829062","type":"Feature","geometry":{"type":"Point","coordinates":[-95.39368327,29.55303459]},"properties":{"categories":{"primary":"toy_store","alternate":["gift_shop","hobby_shop"]},"confidence":0.9524075984954834,"websites":["https://bricksandminifigs.com/pearland-tx/"],"emails":["pearland.tx@bricksandminifigs.com"],"socials":["https://www.facebook.com/104152944313845"],"phones":["+12817410279"],"brand":{"wikidata":null,"names":{"primary":"Bricks & Minifigs Canby","common":null,"rules":null}},"addresses":[{"freeform":"11200 Broadway St","locality":"Pearland","postcode":"77584-0085","region":"TX","country":"US"}],"names":{"primary":"Bricks & Minifigs","common":null,"rules":null},"sources":[{"property":"","dataset":"meta","license":"CDLA-Permissive-2.0","record_id":"104152944313845","update_time":"2026-08-10T00:00:00.000Z","confidence":0.9929987192153931,"between":null,"provider":"meta","resource":"meta","version":"2026-08-10"},{"property":"/properties/confidence","dataset":"Overture","license":"CDLA-Permissive-2.0","record_id":null,"update_time":"2026-08-14T19:46:07Z","confidence":null,"between":null,"provider":"overture","resource":"confidence_calculation","version":"2026-08-14"},{"property":"/properties/operating_status","dataset":"Overture-signals","license":"CDLA-Permissive-2.0","record_id":"ed5697cf-72f2-4749-b217-bb36821fcd44","update_time":"2026-08-10T22:54:24Z","confidence":1.0,"between":null,"provider":"overture","resource":"operating_status_signal","version":"2026-08-10"}],"operating_status":"open","basic_category":"toys_and_games_store","taxonomy":{"primary":"toy_store","hierarchy":["shopping","specialty_store","toys_and_games_store","toy_store"],"alternates":null},"version":11}},{"id":"2cda50c7-447f-4019-8656-418701330425","type":"Feature","geometry":{"type":"Point","coordinates":[-95.39375089,29.55305329]},"properties":{"categories":{"primary":"vitamins_and_supplements","alternate":["health_food_store","specialty_grocery_store"]},"confidence":0.9199122190475464,"websites":["http://stores.gnc.com/pearland-tx-7122?utm_source=facebook&utm_medium=distrib&utm_campaign=facebook-distrib"],"socials":["https://www.facebook.com/948345465246455"],"phones":["+17133401040"],"brand":{"wikidata":null,"names":{"primary":"GNC Live Well","common":null,"rules":null}},"addresses":[{"freeform":"11200 W Broadway St Suite 715","locality":"Pearland","postcode":"77584","region":"TX","country":"US"}],"names":{"primary":"GNC","common":null,"rules":null},"sources":[{"property":"","dataset":"meta","license":"CDLA-Permissive-2.0","record_id":"948345465246455","update_time":"2026-08-10T00:00:00.000Z","confidence":0.9933204650878906,"between":null,"provider":"meta","resource":"meta","version":"2026-08-10"},{"property":"/properties/confidence","dataset":"Overture","license":"CDLA-Permissive-2.0","record_id":null,"update_time":"2026-08-14T19:46:07Z","confidence":null,"between":null,"provider":"overture","resource":"confidence_calculation","version":"2026-08-14"},{"property":"/properties/operating_status","dataset":"Overture-signals","license":"CDLA-Permissive-2.0","record_id":"094706a8-c083-4250-859d-ba872148ec6d","update_time":"2026-08-10T22:54:24Z","confidence":1.0,"between":null,"provider":"overture","resource":"operating_status_signal","version":"2026-08-10"}],"operating_status":"open","basic_category":"food_and_beverage_store","taxonomy":{"primary":"vitamin_and_supplement_store","hierarchy":["shopping","food_and_beverage_store","vitamin_and_supplement_store"],"alternates":null},"version":8}},{"id":"6b39c8b3-4503-47c9-b331-3186b2e11c6b","type":"Feature","geometry":{"type":"Point","coordinates":[-95.39379588,29.55276285]},"properties":{"categories":{"primary":"beauty_salon","alternate":["beauty_and_spa","tattoo_and_piercing"]},"confidence":0.9199122190475464,"emails":["microbladingbynancykaren@gmail.com"],"socials":["https://www.facebook.com/634702953579056"],"phones":["+18327169726"],"brand":{"wikidata":null,"names":{"primary":null,"common":null,"rules":null}},"addresses":[{"freeform":"11200 Broadway St","locality":"Pearland","postcode":"77584","region":"TX","country":"US"}],"names":{"primary":"Microblading by Nancy Karen","common":null,"rules":null},"sources":[{"property":"","dataset":"meta","license":"CDLA-Permissive-2.0","record_id":"634702953579056","update_time":"2026-08-10T00:00:00.000Z","confidence":0.6371473670005798,"between":null,"provider":"meta","resource":"meta","version":"2026-08-10"},{"property":"/properties/confidence","dataset":"Overture","license":"CDLA-Permissive-2.0","record_id":null,"update_time":"2026-08-14T19:46:07Z","confidence":null,"between":null,"provider":"overture","resource":"confidence_calculation","version":"2026-08-14"},{"property":"/properties/operating_status","dataset":"Overture-signals","license":"CDLA-Permissive-2.0","record_id":"53d6043c-4bd8-472a-ba83-bde121c2f0df","update_time":"2026-08-10T22:54:24Z","confidence":1.0,"between":null,"provider":"overture","resource":"operating_status_signal","version":"2026-08-10"}],"operating_status":"open","basic_category":"personal_or_beauty_service","taxonomy":{"primary":"beauty_salon","hierarchy":["lifestyle_services","personal_or_beauty_service","beauty_salon"],"alternates":null},"version":9}},{"id":"adaf6674-1e0f-4680-af0b-138776fb0684","type":"Feature","geometry":{"type":"Point","coordinates":[-95.39376865,29.55276559]},"properties":{"categories":{"primary":"barber","alternate":["beauty_and_spa"]},"confidence":0.9199122190475464,"websites":["http://Evolskuts.com/"],"emails":["evolkuts@gmail.com"],"socials":["https://www.facebook.com/688911071975070"],"phones":["+18325195476"],"brand":{"wikidata":null,"names":{"primary":null,"common":null,"rules":null}},"addresses":[{"freeform":"11200 Broadway St","locality":"Pearland","postcode":"77584","region":"TX","country":"US"}],"names":{"primary":"Evolkuts","common":null,"rules":null},"sources":[{"property":"","dataset":"meta","license":"CDLA-Permissive-2.0","record_id":"688911071975070","update_time":"2026-08-10T00:00:00.000Z","confidence":0.9368938207626343,"between":null,"provider":"meta","resource":"meta","version":"2026-08-10"},{"property":"/properties/confidence","dataset":"Overture","license":"CDLA-Permissive-2.0","record_id":null,"update_time":"2026-08-14T19:46:07Z","confidence":null,"between":null,"provider":"overture","resource":"confidence_calculation","version":"2026-08-14"},{"property":"/properties/operating_status","dataset":"Overture-signals","license":"CDLA-Permissive-2.0","record_id":"aff59fde-f5ba-4d98-b046-2334862ab901","update_time":"2026-08-10T22:54:24Z","confidence":1.0,"between":null,"provider":"overture","resource":"operating_status_signal","version":"2026-08-10"}],"operating_status":"open","basic_category":"personal_or_beauty_service","taxonomy":{"primary":"barber","hierarchy":["lifestyle_services","personal_or_beauty_service","barber"],"alternates":null},"version":11}},{"id":"6501e868-d4b0-4b2b-8c03-c064c1a7f674","type":"Feature","geometry":{"type":"Point","coordinates":[-95.39376819,29.55275152]},"properties":{"categories":{"primary":"damage_restoration","alternate":["professional_services","contractor"]},"confidence":0.9199122190475464,"websites":["https://waterdamagerestorationpdq.com/pearland-tx"],"emails":["bksahi03@gmail.com"],"socials":["https://www.facebook.com/116921761008832"],"phones":["+12818015871"],"brand":{"wikidata":null,"names":{"primary":null,"common":null,"rules":null}},"addresses":[{"freeform":"11200 Broadway St","locality":"Pearland","postcode":"77584","region":"TX","country":"US"}],"names":{"primary":"PDQ of Pearland","common":null,"rules":null},"sources":[{"property":"","dataset":"meta","license":"CDLA-Permissive-2.0","record_id":"116921761008832","update_time":"2026-08-10T00:00:00.000Z","confidence":0.4435174763202667,"between":null,"provider":"meta","resource":"meta","version":"2026-08-10"},{"property":"/properties/confidence","dataset":"Overture","license":"CDLA-Permissive-2.0","record_id":null,"update_time":"2026-08-14T19:46:07Z","confidence":null,"between":null,"provider":"overture","resource":"confidence_calculation","version":"2026-08-14"},{"property":"/properties/operating_status","dataset":"Overture-signals","license":"CDLA-Permissive-2.0","record_id":"62fb6c04-2126-4d9f-af87-a06a62a0c940","update_time":"2026-08-10T22:54:24Z","confidence":1.0,"between":null,"provider":"overture","resource":"operating_status_signal","version":"2026-08-10"}],"operating_status":"open","basic_category":"home_service","taxonomy":{"primary":"damage_restoration","hierarchy":["services_and_business","home_service","damage_restoration"],"alternates":null},"version":10}},{"id":"8ab770f6-d15e-4352-a365-be8ff9080765","type":"Feature","geometry":{"type":"Point","coordinates":[-95.3937605,29.55276909]},"properties":{"categories":{"primary":"community_services_non_profits","alternate":["non_governmental_association","social_service_organizations"]},"confidence":0.9199122190475464,"websites":["http://www.shinebright-broh.org/"],"emails":["info@shinebright-broh.org"],"socials":["https://www.facebook.com/448386929258952"],"phones":["+17134367827"],"brand":{"wikidata":null,"names":{"primary":null,"common":null,"rules":null}},"addresses":[{"freeform":"11200 Broadway St Unit 1070","locality":"Pearland","postcode":"77584","region":"TX","country":"US"}],"names":{"primary":"Shine Bright","common":null,"rules":null},"sources":[{"property":"","dataset":"meta","license":"CDLA-Permissive-2.0","record_id":"448386929258952","update_time":"2026-08-10T00:00:00.000Z","confidence":0.6309627890586853,"between":null,"provider":"meta","resource":"meta","version":"2026-08-10"},{"property":"/properties/confidence","dataset":"Overture","license":"CDLA-Permissive-2.0","record_id":null,"update_time":"2026-08-14T19:46:07Z","confidence":null,"between":null,"provider":"overture","resource":"confidence_calculation","version":"2026-08-14"},{"property":"/properties/operating_status","dataset":"Overture-signals","license":"CDLA-Permissive-2.0","record_id":"f92d4bc0-f6aa-4c62-a83f-eb3f95e281e3","update_time":"2026-08-10T22:54:24Z","confidence":1.0,"between":null,"provider":"overture","resource":"operating_status_signal","version":"2026-08-10"}],"operating_status":"open","basic_category":"social_or_community_service","taxonomy":{"primary":"social_or_community_service","hierarchy":["community_and_government","social_or_community_service"],"alternates":null},"version":8}},{"id":"e54f869a-ef51-48ac-a2e8-64b67552a454","type":"Feature","geometry":{"type":"Point","coordinates":[-95.393698634918,29.552972815363]},"properties":{"categories":{"primary":"diagnostic_services","alternate":null},"confidence":0.7835321426391602,"websites":["http://www.tricoastalsleep.com/"],"socials":["https://www.facebook.com/101909158319513"],"brand":{"wikidata":null,"names":{"primary":null,"common":null,"rules":null}},"addresses":[{"freeform":"2245 Texas Dr","locality":"Sugar Land","postcode":"77479-1102","region":"TX","country":"US"}],"names":{"primary":"Tricoastal Narcolepsy and Sleep Disorders Center, PLLC","common":null,"rules":null},"sources":[{"property":"","dataset":"meta","license":"CDLA-Permissive-2.0","record_id":"101909158319513","update_time":"2026-08-10T00:00:00.000Z","confidence":0.7835321426391602,"between":null,"provider":"meta","resource":"meta","version":"2026-08-10"},{"property":"/properties/confidence","dataset":"Overture","license":"CDLA-Permissive-2.0","record_id":null,"update_time":"2026-08-14T19:46:07Z","confidence":null,"between":null,"provider":"overture","resource":"confidence_calculation","version":"2026-08-14"}],"basic_category":"diagnostics_imaging_or_lab_service","taxonomy":{"primary":"doctors_office","hierarchy":["health_care","outpatient_care_facility","diagnostics_imaging_or_lab_service","doctors_office"],"alternates":null},"version":7}},{"id":"341cc2a9-a904-403a-b485-f2a5c48af424","type":"Feature","geometry":{"type":"Point","coordinates":[-95.39364359,29.55284439]},"properties":{"categories":{"primary":"womens_clothing_store","alternate":["clothing_store","fashion"]},"confidence":0.9199122190475464,"websites":["https://www.chicos.com/locations/us/tx/pearland/11200-broadway-street/"],"socials":["https://www.facebook.com/105176349547747"],"phones":["+17133401368"],"brand":{"wikidata":null,"names":{"primary":"Chico's","common":null,"rules":null}},"addresses":[{"freeform":"11200 Broadway St","locality":"Pearland","postcode":"77584-0085","region":"TX","country":"US"}],"names":{"primary":"Chico's","common":null,"rules":null},"sources":[{"property":"","dataset":"meta","license":"CDLA-Permissive-2.0","record_id":"105176349547747","update_time":"2026-08-10T00:00:00.000Z","confidence":0.9825026988983154,"between":null,"provider":"meta","resource":"meta","version":"2026-08-10"},{"property":"/properties/confidence","dataset":"Overture","license":"CDLA-Permissive-2.0","record_id":null,"update_time":"2026-08-14T19:46:07Z","confidence":null,"between":null,"provider":"overture","resource":"confidence_calculation","version":"2026-08-14"},{"property":"/properties/operating_status","dataset":"Overture-signals","license":"CDLA-Permissive-2.0","record_id":"bd58a9ef-c8e1-4df4-8aed-f3134f02daf5","update_time":"2026-08-10T22:54:24Z","confidence":1.0,"between":null,"provider":"overture","resource":"operating_status_signal","version":"2026-08-10"}],"operating_status":"open","basic_category":"fashion_and_apparel_store","taxonomy":{"primary":"womens_clothing_store","hierarchy":["shopping","fashion_and_apparel_store","clothing_store","womens_clothing_store"],"alternates":null},"version":9}},{"id":"b98a3733-c47b-4ba0-b8f5-f346cf9e521e","type":"Feature","geometry":{"type":"Point","coordinates":[-95.3936603,29.5527541]},"properties":{"categories":{"primary":"web_designer","alternate":["e_commerce_service"]},"confidence":0.9199122190475464,"websites":["https://www.daybreak-marketing.com/"],"phones":["7139662733"],"addresses":[{"freeform":"11200 Broadway St Ste 2743","locality":"Pearland","postcode":"77584","region":"TX","country":"US"}],"names":{"primary":"Daybreak Digital Marketing","common":null,"rules":null},"sources":[{"property":"","dataset":"Microsoft","license":"CDLA-Permissive-2.0","record_id":"1407374886636291","update_time":"2025-09-05T22:51:35.073Z","confidence":0.85,"between":null,"provider":"microsoft","resource":"microsoft","version":"2025-10-20"},{"property":"/properties/confidence","dataset":"Overture","license":"CDLA-Permissive-2.0","record_id":null,"update_time":"2026-08-14T19:46:07Z","confidence":null,"between":null,"provider":"overture","resource":"confidence_calculation","version":"2026-08-14"},{"property":"/properties/operating_status","dataset":"Overture-signals","license":"CDLA-Permissive-2.0","record_id":"38a9881b-d2bf-4711-bc36-9cc572709a30","update_time":"2026-08-10T22:54:24Z","confidence":1.0,"between":null,"provider":"overture","resource":"operating_status_signal","version":"2026-08-10"}],"operating_status":"open","basic_category":"design_service","taxonomy":{"primary":"web_designer","hierarchy":["services_and_business","design_service","web_designer"],"alternates":null},"version":6}},{"id":"0b7449b0-56be-4ac0-956e-14e1dc7b1ce3","type":"Feature","geometry":{"type":"Point","coordinates":[-95.39367555671153,29.552730408511742]},"properties":{"categories":{"primary":"hot_dog_restaurant","alternate":["american_restaurant","cajun_and_creole_restaurant"]},"confidence":0.9556217193603516,"emails":["mauricioshotdogsptx@gmail.com"],"socials":["https://www.facebook.com/660096807197138"],"brand":{"wikidata":null,"names":{"primary":null,"common":null,"rules":null}},"addresses":[{"freeform":"11200 Broadway St","locality":"Pearland","postcode":"77584","region":"TX","country":"US"}],"names":{"primary":"Mauricio's Hot Dogs","common":null,"rules":null},"sources":[{"property":"","dataset":"meta","license":"CDLA-Permissive-2.0","record_id":"660096807197138","update_time":"2026-08-10T00:00:00.000Z","confidence":0.2977186143398285,"between":null,"provider":"meta","resource":"meta","version":"2026-08-10"},{"property":"/properties/confidence","dataset":"Overture","license":"CDLA-Permissive-2.0","record_id":null,"update_time":"2026-08-14T19:46:07Z","confidence":null,"between":null,"provider":"overture","resource":"confidence_calculation","version":"2026-08-14"},{"property":"/properties/operating_status","dataset":"Overture-signals","license":"CDLA-Permissive-2.0","record_id":"d6d21de7-2b31-44b4-a8fc-66ef4fb3a327","update_time":"2026-08-10T22:54:24Z","confidence":1.0,"between":null,"provider":"overture","resource":"operating_status_signal","version":"2026-08-10"}],"operating_status":"open","basic_category":"restaurant","taxonomy":{"primary":"hot_dog_restaurant","hierarchy":["food_and_drink","restaurant","meat_restaurant","hot_dog_restaurant"],"alternates":null},"version":9}},{"id":"e0027cb8-3403-4027-b019-41a3dda09636","type":"Feature","geometry":{"type":"Point","coordinates":[-95.39365779,29.55253945]},"properties":{"categories":{"primary":"beauty_salon","alternate":["beauty_and_spa","barber"]},"confidence":0.9428979754447937,"websites":["http://hairbyashleyreynolds.glossgenius.com/"],"emails":["ashley_danielle2012@hotmail.com"],"socials":["https://www.facebook.com/272449776247551"],"phones":["+18325187213"],"brand":{"wikidata":null,"names":{"primary":null,"common":null,"rules":null}},"addresses":[{"freeform":"11200 Broadway St 1410 Suite #5","locality":"Pearland","postcode":"77584","region":"TX","country":"US"}],"names":{"primary":"The Hair Hut","common":null,"rules":null},"sources":[{"property":"","dataset":"meta","license":"CDLA-Permissive-2.0","record_id":"272449776247551","update_time":"2026-08-10T00:00:00.000Z","confidence":0.9428979754447937,"between":null,"provider":"meta","resource":"meta","version":"2026-08-10"},{"property":"/properties/confidence","dataset":"Overture","license":"CDLA-Permissive-2.0","record_id":null,"update_time":"2026-08-14T19:46:07Z","confidence":null,"between":null,"provider":"overture","resource":"confidence_calculation","version":"2026-08-14"}],"basic_category":"personal_or_beauty_service","taxonomy":{"primary":"beauty_salon","hierarchy":["lifestyle_services","personal_or_beauty_service","beauty_salon"],"alternates":null},"version":1}},{"id":"f46bced3-9a93-4cb7-868d-050328272440","type":"Feature","geometry":{"type":"Point","coordinates":[-95.39375726,29.55200659]},"properties":{"categories":{"primary":"real_estate_agent","alternate":["real_estate","real_estate_service"]},"confidence":0.6425754427909851,"websites":["http://www.melissamwilson.com/"],"emails":["melissa@melissamwilson.com"],"socials":["https://www.facebook.com/1511994285741369"],"phones":["+18327796909"],"brand":{"wikidata":null,"names":{"primary":null,"common":null,"rules":null}},"addresses":[{"freeform":"3149 Kingsley Dr","locality":"Pearland","postcode":"77584-8507","region":"TX","country":"US"}],"names":{"primary":"Melissa M. Wilson Real Estate Broker","common":null,"rules":null},"sources":[{"property":"","dataset":"meta","license":"CDLA-Permissive-2.0","record_id":"1511994285741369","update_time":"2026-08-10T00:00:00.000Z","confidence":0.6425754427909851,"between":null,"provider":"meta","resource":"meta","version":"2026-08-10"},{"property":"/properties/confidence","dataset":"Overture","license":"CDLA-Permissive-2.0","record_id":null,"update_time":"2026-08-14T19:46:07Z","confidence":null,"between":null,"provider":"overture","resource":"confidence_calculation","version":"2026-08-14"}],"basic_category":"real_estate_service","taxonomy":{"primary":"real_estate_agent","hierarchy":["services_and_business","real_estate_service","real_estate_agent"],"alternates":null},"version":1}},{"id":"cfe7b483-794c-48a0-afca-e89d66b8ac1e","type":"Feature","geometry":{"type":"Point","coordinates":[-95.39387810257466,29.552014499311657]},"properties":{"categories":{"primary":"convenience_store","alternate":null},"confidence":0.77,"websites":["http://www.pearlandtowncenter.com"],"addresses":[{"freeform":"11200 Broadway St","locality":"Pearland","postcode":"77584","region":"TX","country":"US"}],"names":{"primary":"Pearland Town Mart","common":null,"rules":null},"sources":[{"property":"","dataset":"Foursquare","license":"Apache-2.0","record_id":"4f19dd00e4b0e2eee9af2cb8","update_time":"2026-04-11T00:00:00.000","confidence":0.77,"between":null,"provider":"foursquare","resource":"foursquare","version":"2026-04-14"},{"property":"/properties/confidence","dataset":"Overture","license":"CDLA-Permissive-2.0","record_id":null,"update_time":"2026-08-14T19:46:07Z","confidence":null,"between":null,"provider":"overture","resource":"confidence_calculation","version":"2026-08-14"}],"basic_category":"convenience_store","taxonomy":{"primary":"convenience_store","hierarchy":["shopping","convenience_store"],"alternates":null},"version":2}},{"id":"4852a3b8-37c5-466e-8f95-6adda3e39390","type":"Feature","geometry":{"type":"Point","coordinates":[-95.393989,29.552343]},"properties":{"categories":{"primary":"ice_cream_shop","alternate":null},"confidence":0.9199122190475464,"websites":["http://www.pop-bar.com"],"phones":["(713) 931-1646"],"addresses":[{"freeform":"11200 Broadway St","locality":"Pearland","postcode":"77584","region":"TX","country":"US"}],"names":{"primary":"Popbar","common":null,"rules":null},"sources":[{"property":"","dataset":"Foursquare","license":"Apache-2.0","record_id":"5a484bfbd1a402449e6b6907","update_time":"2025-03-21T00:00:00.000","confidence":0.77,"between":null,"provider":"foursquare","resource":"foursquare","version":"2026-04-14"},{"property":"/properties/confidence","dataset":"Overture","license":"CDLA-Permissive-2.0","record_id":null,"update_time":"2026-08-14T19:46:07Z","confidence":null,"between":null,"provider":"overture","resource":"confidence_calculation","version":"2026-08-14"},{"property":"/properties/operating_status","dataset":"Overture-signals","license":"CDLA-Permissive-2.0","record_id":"430655fc-f7b1-4b1a-8ec7-0e311933a626","update_time":"2026-08-10T22:54:24Z","confidence":1.0,"between":null,"provider":"overture","resource":"operating_status_signal","version":"2026-08-10"}],"operating_status":"open","basic_category":"casual_eatery","taxonomy":{"primary":"ice_cream_shop","hierarchy":["food_and_drink","casual_eatery","dessert_shop","ice_cream_shop"],"alternates":null},"version":6}},{"id":"27168373-c87c-4633-b249-3b275b35b4bd","type":"Feature","geometry":{"type":"Point","coordinates":[-95.39407716,29.55259641]},"properties":{"categories":{"primary":"beauty_salon","alternate":["hair_extensions","beauty_and_spa"]},"confidence":0.9199122190475464,"websites":["http://www.Mysteriouslashes.co/"],"emails":["pretty.mysteriouslashes@gmail.com"],"socials":["https://www.facebook.com/271965100232101"],"phones":["+19016184916"],"brand":{"wikidata":null,"names":{"primary":null,"common":null,"rules":null}},"addresses":[{"freeform":"11200 Broadway St","locality":"Pearland","postcode":"77584","region":"TX","country":"US"}],"names":{"primary":"Mysterious Lashes & Luxuries LLC","common":null,"rules":null},"sources":[{"property":"","dataset":"meta","license":"CDLA-Permissive-2.0","record_id":"271965100232101","update_time":"2026-08-10T00:00:00.000Z","confidence":0.4525383710861206,"between":null,"provider":"meta","resource":"meta","version":"2026-08-10"},{"property":"/properties/confidence","dataset":"Overture","license":"CDLA-Permissive-2.0","record_id":null,"update_time":"2026-08-14T19:46:07Z","confidence":null,"between":null,"provider":"overture","resource":"confidence_calculation","version":"2026-08-14"},{"property":"/properties/operating_status","dataset":"Overture-signals","license":"CDLA-Permissive-2.0","record_id":"5a6a4584-cecc-48df-9b20-8e0fde9a0af9","update_time":"2026-08-10T22:54:24Z","confidence":1.0,"between":null,"provider":"overture","resource":"operating_status_signal","version":"2026-08-10"}],"operating_status":"open","basic_category":"personal_or_beauty_service","taxonomy":{"primary":"beauty_salon","hierarchy":["lifestyle_services","personal_or_beauty_service","beauty_salon"],"alternates":null},"version":11}},{"id":"15933d81-fdb9-4e68-8197-c2814899abbb","type":"Feature","geometry":{"type":"Point","coordinates":[-95.39408511,29.55238036]},"properties":{"categories":{"primary":"donuts","alternate":["hot_dog_restaurant","fast_food_restaurant"]},"confidence":0.9902192950248718,"websites":["https://www.uglydonutsncorndogs.com/"],"socials":["https://www.facebook.com/100405386070627"],"phones":["+18323288566"],"brand":{"wikidata":null,"names":{"primary":"UGLY Donuts & Corndogs Pearland","common":null,"rules":null}},"addresses":[{"freeform":"11200 Broadway St","locality":"Pearland","postcode":"77584","region":"TX","country":"US"}],"names":{"primary":"Ugly Donuts & Corn Dogs Pearland","common":null,"rules":null},"sources":[{"property":"","dataset":"meta","license":"CDLA-Permissive-2.0","record_id":"100405386070627","update_time":"2026-08-10T00:00:00.000Z","confidence":0.9405979514122009,"between":null,"provider":"meta","resource":"meta","version":"2026-08-10"},{"property":"/properties/confidence","dataset":"Overture","license":"CDLA-Permissive-2.0","record_id":null,"update_time":"2026-08-14T19:46:07Z","confidence":null,"between":null,"provider":"overture","resource":"confidence_calculation","version":"2026-08-14"},{"property":"/properties/operating_status","dataset":"Overture-signals","license":"CDLA-Permissive-2.0","record_id":"c07f5891-4c5c-4d2a-b731-c418c11e287a","update_time":"2026-08-10T22:54:24Z","confidence":1.0,"between":null,"provider":"overture","resource":"operating_status_signal","version":"2026-08-10"}],"operating_status":"open","basic_category":"casual_eatery","taxonomy":{"primary":"donut_shop","hierarchy":["food_and_drink","casual_eatery","dessert_shop","donut_shop"],"alternates":null},"version":10}},{"id":"51536181-33fb-4299-bd0d-cd8967c1a361","type":"Feature","geometry":{"type":"Point","coordinates":[-95.394046,29.55238226]},"properties":{"categories":{"primary":"laboratory_testing","alternate":["diagnostic_services"]},"confidence":0.6458861827850342,"websites":["http://gottaknowdnaservices.com/"],"socials":["https://www.facebook.com/441383602614367"],"phones":["+18323073008"],"brand":{"wikidata":null,"names":{"primary":null,"common":null,"rules":null}},"addresses":[{"freeform":"11200 Broadway St","locality":"Pearland","postcode":"77584","region":"TX","country":"US"}],"names":{"primary":"Pearl Bryant","common":null,"rules":null},"sources":[{"property":"","dataset":"meta","license":"CDLA-Permissive-2.0","record_id":"441383602614367","update_time":"2026-08-10T00:00:00.000Z","confidence":0.6458861827850342,"between":null,"provider":"meta","resource":"meta","version":"2026-08-10"},{"property":"/properties/confidence","dataset":"Overture","license":"CDLA-Permissive-2.0","record_id":null,"update_time":"2026-08-14T19:46:07Z","confidence":null,"between":null,"provider":"overture","resource":"confidence_calculation","version":"2026-08-14"}],"basic_category":"diagnostics_imaging_or_lab_service","taxonomy":{"primary":"laboratory_testing","hierarchy":["health_care","outpatient_care_facility","diagnostics_imaging_or_lab_service","laboratory_testing"],"alternates":null},"version":2}},{"id":"1ca51914-e02b-41d5-ac58-15456057e919","type":"Feature","geometry":{"type":"Point","coordinates":[-95.39404781,29.55205445]},"properties":{"categories":{"primary":"web_designer","alternate":["interior_design","graphic_designer"]},"confidence":0.9199122190475464,"websites":["http://pearlandwebdesign.org/get-a-quote/"],"emails":["info@professionalwebdesign.biz"],"socials":["https://www.facebook.com/927927750627103"],"phones":["+12819469320"],"brand":{"wikidata":null,"names":{"primary":null,"common":null,"rules":null}},"addresses":[{"freeform":"11200 Broadway St #2743","locality":"Pearland","postcode":"77584","region":"TX","country":"US"}],"names":{"primary":"Pearland Web Design","common":null,"rules":null},"sources":[{"property":"","dataset":"meta","license":"CDLA-Permissive-2.0","record_id":"927927750627103","update_time":"2026-08-10T00:00:00.000Z","confidence":0.5399668216705322,"between":null,"provider":"meta","resource":"meta","version":"2026-08-10"},{"property":"/properties/confidence","dataset":"Overture","license":"CDLA-Permissive-2.0","record_id":null,"update_time":"2026-08-14T19:46:07Z","confidence":null,"between":null,"provider":"overture","resource":"confidence_calculation","version":"2026-08-14"},{"property":"/properties/operating_status","dataset":"Overture-signals","license":"CDLA-Permissive-2.0","record_id":"78b31c19-ffab-4fcc-8639-977becf43938","update_time":"2026-08-10T22:54:24Z","confidence":1.0,"between":null,"provider":"overture","resource":"operating_status_signal","version":"2026-08-10"}],"operating_status":"open","basic_category":"design_service","taxonomy":{"primary":"web_designer","hierarchy":["services_and_business","design_service","web_designer"],"alternates":null},"version":8}},{"id":"2dcd4141-6240-4d34-8925-f43d7a5b2064","type":"Feature","geometry":{"type":"Point","coordinates":[-95.39389795207545,29.55204261790363]},"properties":{"categories":{"primary":"shopping_center","alternate":["shopping","accommodation"]},"confidence":0.7515133619308472,"socials":["https://www.facebook.com/534500933283805"],"brand":{"wikidata":null,"names":{"primary":null,"common":null,"rules":null}},"addresses":[{"freeform":null,"locality":"Pearland","postcode":null,"region":"TX","country":"US"}],"names":{"primary":"Pavilion At Pearland Town Center","common":null,"rules":null},"sources":[{"property":"","dataset":"meta","license":"CDLA-Permissive-2.0","record_id":"534500933283805","update_time":"2026-08-10T00:00:00.000Z","confidence":0.7515133619308472,"between":null,"provider":"meta","resource":"meta","version":"2026-08-10"},{"property":"/properties/confidence","dataset":"Overture","license":"CDLA-Permissive-2.0","record_id":null,"update_time":"2026-08-14T19:46:07Z","confidence":null,"between":null,"provider":"overture","resource":"confidence_calculation","version":"2026-08-14"},{"property":"/properties/operating_status","dataset":"Overture-signals","license":"CDLA-Permissive-2.0","record_id":"a924b354-5fde-4441-9212-86ff4d8c9294","update_time":"2026-07-13T15:52:52Z","confidence":1.0,"between":null,"provider":"overture","resource":"operating_status_signal","version":"2026-07-13"}],"operating_status":"open","basic_category":"shopping_mall","taxonomy":{"primary":"shopping_mall","hierarchy":["shopping","shopping_mall"],"alternates":null},"version":1}},{"id":"20acddc5-c5ac-40f6-a97c-79d389967257","type":"Feature","geometry":{"type":"Point","coordinates":[-95.3938355292,29.5505954804]},"properties":{"categories":{"primary":"apartments","alternate":null},"confidence":0.8,"websites":["https://www.greystar.com/waterline-pearland-tx/p_23274"],"emails":["waterlinetx@greystar.com"],"brand":{"wikidata":null,"names":{"primary":null,"common":null,"rules":[]}},"addresses":[{"freeform":"3200 Business Center Drive","locality":"Pearland","postcode":"77584","region":"TX","country":"US"}],"names":{"primary":"Waterline","common":null,"rules":[]},"sources":[{"property":"","dataset":"AllThePlaces","license":"CC0-1.0","record_id":"KSWR_7_PUKZchCNwSbNhFfqLlVs=","update_time":"2026-08-05T15:33:36.000Z","confidence":0.8,"between":null,"provider":"alltheplaces","resource":"alltheplaces","version":"2026-08-05"},{"property":"/properties/confidence","dataset":"Overture","license":"CDLA-Permissive-2.0","record_id":null,"update_time":"2026-08-14T19:46:07Z","confidence":null,"between":null,"provider":"overture","resource":"confidence_calculation","version":"2026-08-14"}],"basic_category":"apartment","taxonomy":{"primary":"apartment","hierarchy":["services_and_business","housing_or_property_service","apartment"],"alternates":null},"version":2}},{"id":"f98b19f8-1474-43e3-bc0e-cfa43916a42f","type":"Feature","geometry":{"type":"Point","coordinates":[-95.39434885,29.55179939]},"properties":{"categories":{"primary":"pop_up_shop","alternate":["delicatessen"]},"confidence":0.6082711219787598,"websites":["https://www.honeybaked.com/stores/4321"],"emails":["customercare@hbham.com"],"socials":["https://www.facebook.com/108181018787684"],"phones":["+13468076843"],"brand":{"wikidata":null,"names":{"primary":"The Honey Baked Ham Company","common":null,"rules":null}},"addresses":[{"freeform":"11200 Broadway St Unit 1395","locality":"Pearland","postcode":"77584","region":"TX","country":"US"}],"names":{"primary":"Honey Baked Ham Seasonal Store","common":null,"rules":null},"sources":[{"property":"","dataset":"meta","license":"CDLA-Permissive-2.0","record_id":"108181018787684","update_time":"2026-08-10T00:00:00.000Z","confidence":0.6082711219787598,"between":null,"provider":"meta","resource":"meta","version":"2026-08-10"},{"property":"/properties/confidence","dataset":"Overture","license":"CDLA-Permissive-2.0","record_id":null,"update_time":"2026-08-14T19:46:07Z","confidence":null,"between":null,"provider":"overture","resource":"confidence_calculation","version":"2026-08-14"}],"basic_category":"specialty_store","taxonomy":{"primary":"pop_up_store","hierarchy":["shopping","specialty_store","pop_up_store"],"alternates":null},"version":2}},{"id":"34683e83-c228-45fb-959b-7bf74137bd36","type":"Feature","geometry":{"type":"Point","coordinates":[-95.39438548,29.55197723]},"properties":{"categories":{"primary":"korean_restaurant","alternate":["asian_fusion_restaurant"]},"confidence":0.7821162343025208,"websites":["http://mini-seoul.com/"],"emails":["info.miniseoul@gmail.com"],"socials":["https://www.facebook.com/796172000252281"],"phones":["+18326636556"],"brand":{"wikidata":null,"names":{"primary":null,"common":null,"rules":null}},"addresses":[{"freeform":"11200 Broadway St #1385","locality":"Pearland","postcode":"77584","region":"TX","country":"US"}],"names":{"primary":"Mini Seoul","common":null,"rules":null},"sources":[{"property":"","dataset":"meta","license":"CDLA-Permissive-2.0","record_id":"796172000252281","update_time":"2026-08-10T00:00:00.000Z","confidence":0.7821162343025208,"between":null,"provider":"meta","resource":"meta","version":"2026-08-10"},{"property":"/properties/confidence","dataset":"Overture","license":"CDLA-Permissive-2.0","record_id":null,"update_time":"2026-08-14T19:46:07Z","confidence":null,"between":null,"provider":"overture","resource":"confidence_calculation","version":"2026-08-14"},{"property":"/properties/operating_status","dataset":"Overture-signals","license":"CDLA-Permissive-2.0","record_id":"4568da9a-9a21-46d0-9bc4-88cdf62f0784","update_time":"2026-08-10T22:54:24Z","confidence":1.0,"between":null,"provider":"overture","resource":"operating_status_signal","version":"2026-08-10"}],"operating_status":"open","basic_category":"restaurant","taxonomy":{"primary":"korean_restaurant","hierarchy":["food_and_drink","restaurant","asian_restaurant","east_asian_restaurant","korean_restaurant"],"alternates":null},"version":7}},{"id":"36a75514-6f77-4ef8-8267-57a202293880","type":"Feature","geometry":{"type":"Point","coordinates":[-95.39438,29.55215]},"properties":{"categories":{"primary":"desserts","alternate":["patisserie_cake_shop","restaurant"]},"confidence":0.85,"websites":["https://www.greatamericancookies.com/?olonwp=z17TA_tz20aL5UmKf8LjMg"],"phones":["7134369926"],"addresses":[{"freeform":"11200 Broadway St Ste 1375","locality":"Pearland","postcode":"77584","region":"TX","country":"US"}],"names":{"primary":"Great American Cookies","common":null,"rules":null},"sources":[{"property":"","dataset":"Microsoft","license":"CDLA-Permissive-2.0","record_id":"1407374890214218","update_time":"2025-10-06T01:31:05.427Z","confidence":0.85,"between":null,"provider":"microsoft","resource":"microsoft","version":"2025-10-20"},{"property":"/properties/confidence","dataset":"Overture","license":"CDLA-Permissive-2.0","record_id":null,"update_time":"2026-08-14T19:46:07Z","confidence":null,"between":null,"provider":"overture","resource":"confidence_calculation","version":"2026-08-14"}],"basic_category":"casual_eatery","taxonomy":{"primary":"dessert_shop","hierarchy":["food_and_drink","casual_eatery","dessert_shop"],"alternates":null},"version":4}},{"id":"4458fbd3-0fa0-4e4d-aa07-735d6a8063c4","type":"Feature","geometry":{"type":"Point","coordinates":[-95.39434611797334,29.552109874273988]},"properties":{"categories":{"primary":"bubble_tea","alternate":["tea_room","cafe"]},"confidence":0.9671005606651306,"websites":["https://kungfutea.com/"],"emails":["kfteapearlandtx@gmail.com"],"socials":["https://www.facebook.com/1507269952931487"],"phones":["+13462077877"],"brand":{"wikidata":null,"names":{"primary":"Kung Fu Tea","common":null,"rules":null}},"addresses":[{"freeform":"11200 W Broadway St","locality":"Pearland","postcode":"77584","region":"TX","country":"US"}],"names":{"primary":"Kung Fu Tea","common":null,"rules":null},"sources":[{"property":"","dataset":"meta","license":"CDLA-Permissive-2.0","record_id":"1507269952931487","update_time":"2026-08-10T00:00:00.000Z","confidence":0.9961218237876892,"between":null,"provider":"meta","resource":"meta","version":"2026-08-10"},{"property":"/properties/confidence","dataset":"Overture","license":"CDLA-Permissive-2.0","record_id":null,"update_time":"2026-08-14T19:46:07Z","confidence":null,"between":null,"provider":"overture","resource":"confidence_calculation","version":"2026-08-14"},{"property":"/properties/operating_status","dataset":"Overture-signals","license":"CDLA-Permissive-2.0","record_id":"bbedcdd5-8bb4-4f2f-bd50-0c2505b4d5d6","update_time":"2026-07-13T15:52:52Z","confidence":1.0,"between":null,"provider":"overture","resource":"operating_status_signal","version":"2026-07-13"}],"operating_status":"open","basic_category":"non_alcoholic_beverage_venue","taxonomy":{"primary":"bubble_tea_shop","hierarchy":["food_and_drink","non_alcoholic_beverage_venue","bubble_tea_shop"],"alternates":null},"version":7}},{"id":"2bbfdb06-678a-45c4-a424-a1e937548ed7","type":"Feature","geometry":{"type":"Point","coordinates":[-95.39424074,29.55184776]},"properties":{"categories":{"primary":"hospital","alternate":["health_and_medical","health_department"]},"confidence":0.545306384563446,"websites":["http://www.nec24.com/"],"socials":["https://www.facebook.com/1391748457799258"],"phones":["+17133402532"],"brand":{"wikidata":null,"names":{"primary":null,"common":null,"rules":null}},"addresses":[{"freeform":"11200 Broadway St","locality":"Pearland","postcode":"77584-0085","region":"TX","country":"US"}],"names":{"primary":"Neighbors Health System","common":null,"rules":null},"sources":[{"property":"","dataset":"meta","license":"CDLA-Permissive-2.0","record_id":"1391748457799258","update_time":"2026-08-10T00:00:00.000Z","confidence":0.545306384563446,"between":null,"provider":"meta","resource":"meta","version":"2026-08-10"},{"property":"/properties/confidence","dataset":"Overture","license":"CDLA-Permissive-2.0","record_id":null,"update_time":"2026-08-14T19:46:07Z","confidence":null,"between":null,"provider":"overture","resource":"confidence_calculation","version":"2026-08-14"}],"basic_category":"hospital","taxonomy":{"primary":"hospital","hierarchy":["health_care","hospital"],"alternates":null},"version":3}},{"id":"9c8d7f46-6e7c-4e1b-bc90-f3dfb80a1808","type":"Feature","geometry":{"type":"Point","coordinates":[-95.39424074,29.55184776]},"properties":{"categories":{"primary":"emergency_room","alternate":["medical_center","hospital"]},"confidence":0.9776599407196045,"websites":["https://www.nec24.com/location/pearland-emergency-center/"],"emails":["info@nec24.com"],"socials":["https://www.facebook.com/107621515389383"],"phones":["+17134369600"],"brand":{"wikidata":null,"names":{"primary":"Neighbors Emergency Center","common":null,"rules":null}},"addresses":[{"freeform":"11130 Broadway St","locality":"Pearland","postcode":"77584","region":"TX","country":"US"}],"names":{"primary":"Neighbors Emergency Center","common":null,"rules":null},"sources":[{"property":"","dataset":"meta","license":"CDLA-Permissive-2.0","record_id":"107621515389383","update_time":"2026-08-10T00:00:00.000Z","confidence":0.9776599407196045,"between":null,"provider":"meta","resource":"meta","version":"2026-08-10"},{"property":"/properties/confidence","dataset":"Overture","license":"CDLA-Permissive-2.0","record_id":null,"update_time":"2026-08-14T19:46:07Z","confidence":null,"between":null,"provider":"overture","resource":"confidence_calculation","version":"2026-08-14"}],"basic_category":"emergency_department","taxonomy":{"primary":"emergency_department","hierarchy":["health_care","emergency_or_urgent_care_facility","emergency_department"],"alternates":null},"version":1}},{"id":"4e9d075b-6328-425f-8bc0-b47a92c1c370","type":"Feature","geometry":{"type":"Point","coordinates":[-95.39427356,29.55215008]},"properties":{"categories":{"primary":"bakery","alternate":["desserts"]},"confidence":0.9585893750190735,"websites":["http://order.greatamericancookies.com/menu/great-american-cookies-pearland-town-center?olonwp=Lij7MEMhykWQYWp4Jz8H6g"],"emails":["customerservice@gfgmanagement.com"],"socials":["https://www.facebook.com/306233566402421"],"phones":["+17134369926"],"brand":{"wikidata":null,"names":{"primary":"Great American Cookies","common":null,"rules":null}},"addresses":[{"freeform":"11200 Broadway St Spc 1375","locality":"Pearland","postcode":"77584","region":"TX","country":"US"}],"names":{"primary":"Great American Cookies","common":null,"rules":null},"sources":[{"property":"","dataset":"meta","license":"CDLA-Permissive-2.0","record_id":"306233566402421","update_time":"2026-08-10T00:00:00.000Z","confidence":0.99276202917099,"between":null,"provider":"meta","resource":"meta","version":"2026-08-10"},{"property":"/properties/confidence","dataset":"Overture","license":"CDLA-Permissive-2.0","record_id":null,"update_time":"2026-08-14T19:46:07Z","confidence":null,"between":null,"provider":"overture","resource":"confidence_calculation","version":"2026-08-14"},{"property":"/properties/operating_status","dataset":"Overture-signals","license":"CDLA-Permissive-2.0","record_id":"0a502294-80ce-4f7e-b90d-6b0c757a3eaf","update_time":"2026-06-26T16:25:14Z","confidence":1.0,"between":null,"provider":"overture","resource":"operating_status_signal","version":"2026-06-22"}],"operating_status":"open","basic_category":"casual_eatery","taxonomy":{"primary":"bakery","hierarchy":["food_and_drink","casual_eatery","bakery"],"alternates":null},"version":8}},{"id":"446abdda-93ef-4000-bfe7-cae3798b66f2","type":"Feature","geometry":{"type":"Point","coordinates":[-95.39432196,29.55246602]},"properties":{"categories":{"primary":"makeup_artist","alternate":["beauty_salon","hair_salon"]},"confidence":0.9199122190475464,"websites":["http://www.glamourbyscarlett.com/"],"emails":["glamourbyscarlett@gmail.com"],"socials":["https://www.facebook.com/492765690772665"],"phones":["+12819689399"],"brand":{"wikidata":null,"names":{"primary":null,"common":null,"rules":null}},"addresses":[{"freeform":"11200 Broadway St #1410","locality":"Pearland","postcode":"77584","region":"TX","country":"US"}],"names":{"primary":"Glamour by Scarlett","common":null,"rules":null},"sources":[{"property":"","dataset":"meta","license":"CDLA-Permissive-2.0","record_id":"492765690772665","update_time":"2026-08-10T00:00:00.000Z","confidence":0.9781575798988342,"between":null,"provider":"meta","resource":"meta","version":"2026-08-10"},{"property":"/properties/confidence","dataset":"Overture","license":"CDLA-Permissive-2.0","record_id":null,"update_time":"2026-08-14T19:46:07Z","confidence":null,"between":null,"provider":"overture","resource":"confidence_calculation","version":"2026-08-14"},{"property":"/properties/operating_status","dataset":"Overture-signals","license":"CDLA-Permissive-2.0","record_id":"33cabf4a-b526-488a-9c29-9cdc1d782bee","update_time":"2026-08-10T22:54:24Z","confidence":1.0,"between":null,"provider":"overture","resource":"operating_status_signal","version":"2026-08-10"}],"operating_status":"open","basic_category":"personal_or_beauty_service","taxonomy":{"primary":"makeup_artist","hierarchy":["lifestyle_services","personal_or_beauty_service","skin_care_and_makeup","makeup_artist"],"alternates":null},"version":9}},{"id":"938a3d2c-a0c9-4a62-863b-9a6772a991a9","type":"Feature","geometry":{"type":"Point","coordinates":[-95.3943267,29.55248708]},"properties":{"categories":{"primary":"web_designer","alternate":["internet_marketing_service","marketing_agency"]},"confidence":0.9199122190475464,"websites":["http://www.localbusinessbuilders.com/"],"socials":["https://www.facebook.com/155337368434555"],"phones":["+12812319035"],"brand":{"wikidata":null,"names":{"primary":null,"common":null,"rules":null}},"addresses":[{"freeform":"11200 Broadway St Ste 2743","locality":"Pearland","postcode":"77584","region":"TX","country":"US"}],"names":{"primary":"Local Business Builders","common":null,"rules":null},"sources":[{"property":"","dataset":"meta","license":"CDLA-Permissive-2.0","record_id":"155337368434555","update_time":"2026-08-10T00:00:00.000Z","confidence":0.2622091770172119,"between":null,"provider":"meta","resource":"meta","version":"2026-08-10"},{"property":"/properties/confidence","dataset":"Overture","license":"CDLA-Permissive-2.0","record_id":null,"update_time":"2026-08-14T19:46:07Z","confidence":null,"between":null,"provider":"overture","resource":"confidence_calculation","version":"2026-08-14"},{"property":"/properties/operating_status","dataset":"Overture-signals","license":"CDLA-Permissive-2.0","record_id":"210eb685-79e6-4697-b41a-6fd39a0151c2","update_time":"2026-08-10T22:54:24Z","confidence":1.0,"between":null,"provider":"overture","resource":"operating_status_signal","version":"2026-08-10"}],"operating_status":"open","basic_category":"design_service","taxonomy":{"primary":"web_designer","hierarchy":["services_and_business","design_service","web_designer"],"alternates":null},"version":11}},{"id":"6bbabbde-e975-4c30-9f44-9e9c622725eb","type":"Feature","geometry":{"type":"Point","coordinates":[-95.39432616,29.55247123]},"properties":{"categories":{"primary":"contractor","alternate":["construction_services","home_improvement_store"]},"confidence":0.9199122190475464,"websites":["https://www.artremodelingusa.com/"],"emails":["info@artremodelingusa.com"],"socials":["https://www.facebook.com/107106754068528"],"phones":["+18325013332"],"brand":{"wikidata":null,"names":{"primary":null,"common":null,"rules":null}},"addresses":[{"freeform":"11200 Broadway St Suite 2743","locality":"Pearland","postcode":"77584","region":"TX","country":"US"}],"names":{"primary":"Art Remodeling and Construction","common":null,"rules":null},"sources":[{"property":"","dataset":"meta","license":"CDLA-Permissive-2.0","record_id":"107106754068528","update_time":"2026-08-10T00:00:00.000Z","confidence":0.38213756680488586,"between":null,"provider":"meta","resource":"meta","version":"2026-08-10"},{"property":"/properties/confidence","dataset":"Overture","license":"CDLA-Permissive-2.0","record_id":null,"update_time":"2026-08-14T19:46:07Z","confidence":null,"between":null,"provider":"overture","resource":"confidence_calculation","version":"2026-08-14"},{"property":"/properties/operating_status","dataset":"Overture-signals","license":"CDLA-Permissive-2.0","record_id":"c8b617de-e048-41b9-9d89-ca76452a92e8","update_time":"2026-08-10T22:54:24Z","confidence":1.0,"between":null,"provider":"overture","resource":"operating_status_signal","version":"2026-08-10"}],"operating_status":"open","basic_category":"home_service","taxonomy":{"primary":"contractor","hierarchy":["services_and_business","home_service","contractor"],"alternates":null},"version":12}},{"id":"9c94be53-2a1f-41cc-8dee-66676151e383","type":"Feature","geometry":{"type":"Point","coordinates":[-95.39432573,29.55248026]},"properties":{"categories":{"primary":"professional_services","alternate":["employment_agencies"]},"confidence":0.9199122190475464,"websites":["http://www.thinkbac.net/"],"emails":["contactus@thinkbac.net"],"socials":["https://www.facebook.com/174504213109409"],"phones":["+12817068158"],"brand":{"wikidata":null,"names":{"primary":null,"common":null,"rules":null}},"addresses":[{"freeform":"11200 Broadway St Suite 2743","locality":"Pearland","postcode":"77584","region":"TX","country":"US"}],"names":{"primary":"ThinkBac Consulting LLC","common":null,"rules":null},"sources":[{"property":"","dataset":"meta","license":"CDLA-Permissive-2.0","record_id":"174504213109409","update_time":"2026-08-10T00:00:00.000Z","confidence":0.08415631204843521,"between":null,"provider":"meta","resource":"meta","version":"2026-08-10"},{"property":"/properties/confidence","dataset":"Overture","license":"CDLA-Permissive-2.0","record_id":null,"update_time":"2026-08-14T19:46:07Z","confidence":null,"between":null,"provider":"overture","resource":"confidence_calculation","version":"2026-08-14"},{"property":"/properties/operating_status","dataset":"Overture-signals","license":"CDLA-Permissive-2.0","record_id":"83dfcb6f-3caa-405a-be1c-142e2ae5c149","update_time":"2026-08-10T22:54:24Z","confidence":1.0,"between":null,"provider":"overture","resource":"operating_status_signal","version":"2026-08-10"}],"operating_status":"open","basic_category":"professional_service","taxonomy":{"primary":"professional_service","hierarchy":["services_and_business","professional_service"],"alternates":null},"version":8}},{"id":"06f50acd-033a-4d57-a0cf-a24412918ee1","type":"Feature","geometry":{"type":"Point","coordinates":[-95.394323,29.55242]},"properties":{"categories":{"primary":"appliance_repair_service","alternate":["contractor","handyman"]},"confidence":0.3578985929489136,"websites":["https://www.handymanconnection.com/pearland/"],"emails":["hc3702@handymanconnection.com"],"socials":["https://www.facebook.com/183958772422194"],"phones":["+12816685959"],"brand":{"wikidata":null,"names":{"primary":"Handyman Connection | Corporate","common":null,"rules":null}},"addresses":[{"freeform":"11200 Broadway St","locality":"Pearland","postcode":"77584-0085","region":"TX","country":"US"}],"names":{"primary":"Handyman Connection of Pearland","common":null,"rules":null},"sources":[{"property":"","dataset":"meta","license":"CDLA-Permissive-2.0","record_id":"183958772422194","update_time":"2026-08-10T00:00:00.000Z","confidence":0.3578985929489136,"between":null,"provider":"meta","resource":"meta","version":"2026-08-10"},{"property":"/properties/confidence","dataset":"Overture","license":"CDLA-Permissive-2.0","record_id":null,"update_time":"2026-08-14T19:46:07Z","confidence":null,"between":null,"provider":"overture","resource":"confidence_calculation","version":"2026-08-14"}],"basic_category":"home_service","taxonomy":{"primary":"appliance_repair_service","hierarchy":["services_and_business","home_service","appliance_repair_service"],"alternates":null},"version":1}},{"id":"7a4ab733-eb33-4c2e-b8ff-be09abd41012","type":"Feature","geometry":{"type":"Point","coordinates":[-95.39431681,29.55246763]},"properties":{"categories":{"primary":"real_estate_service","alternate":null},"confidence":0.9199122190475464,"websites":["https://calendly.com/purple-shirt-realty/consulting"],"emails":["purpleshirtagent@gmail.com"],"socials":["https://www.facebook.com/355448051819785"],"phones":["+18325519151"],"brand":{"wikidata":null,"names":{"primary":null,"common":null,"rules":null}},"addresses":[{"freeform":"11200 Broadway St Suite 2743","locality":"Pearland","postcode":"77584","region":"TX","country":"US"}],"names":{"primary":"Purple Shirt Realty","common":null,"rules":null},"sources":[{"property":"","dataset":"meta","license":"CDLA-Permissive-2.0","record_id":"355448051819785","update_time":"2026-08-10T00:00:00.000Z","confidence":0.20101003348827362,"between":null,"provider":"meta","resource":"meta","version":"2026-08-10"},{"property":"/properties/confidence","dataset":"Overture","license":"CDLA-Permissive-2.0","record_id":null,"update_time":"2026-08-14T19:46:07Z","confidence":null,"between":null,"provider":"overture","resource":"confidence_calculation","version":"2026-08-14"},{"property":"/properties/operating_status","dataset":"Overture-signals","license":"CDLA-Permissive-2.0","record_id":"63c76edd-0131-44f0-b1b7-0e757ea4fdad","update_time":"2026-08-10T22:54:24Z","confidence":1.0,"between":null,"provider":"overture","resource":"operating_status_signal","version":"2026-08-10"}],"operating_status":"open","basic_category":"real_estate_service","taxonomy":{"primary":"real_estate_service","hierarchy":["services_and_business","real_estate_service"],"alternates":null},"version":10}},{"id":"44d4af6e-0429-42b9-9f3c-4f07612b0bf7","type":"Feature","geometry":{"type":"Point","coordinates":[-95.39431504,29.55246048]},"properties":{"categories":{"primary":"real_estate_agent","alternate":["real_estate","real_estate_service"]},"confidence":0.9199122190475464,"websites":["http://www.cedthomas.com/"],"emails":["holla@cedthomas.com"],"socials":["https://www.facebook.com/334421826767191"],"phones":["+18328161437"],"brand":{"wikidata":null,"names":{"primary":null,"common":null,"rules":null}},"addresses":[{"freeform":"11200 Broadway St","locality":"Pearland","postcode":"77584","region":"TX","country":"US"}],"names":{"primary":"Realtor Ced Thomas","common":null,"rules":null},"sources":[{"property":"","dataset":"meta","license":"CDLA-Permissive-2.0","record_id":"334421826767191","update_time":"2026-08-10T00:00:00.000Z","confidence":0.6343400478363037,"between":null,"provider":"meta","resource":"meta","version":"2026-08-10"},{"property":"/properties/confidence","dataset":"Overture","license":"CDLA-Permissive-2.0","record_id":null,"update_time":"2026-08-14T19:46:07Z","confidence":null,"between":null,"provider":"overture","resource":"confidence_calculation","version":"2026-08-14"},{"property":"/properties/operating_status","dataset":"Overture-signals","license":"CDLA-Permissive-2.0","record_id":"4cf191f5-8c07-4f60-b4d4-79627a1fb4d5","update_time":"2026-08-10T22:54:24Z","confidence":1.0,"between":null,"provider":"overture","resource":"operating_status_signal","version":"2026-08-10"}],"operating_status":"open","basic_category":"real_estate_service","taxonomy":{"primary":"real_estate_agent","hierarchy":["services_and_business","real_estate_service","real_estate_agent"],"alternates":null},"version":9}},{"id":"e903860d-2e0f-4c1e-adf2-bc0b30611e8b","type":"Feature","geometry":{"type":"Point","coordinates":[-95.394415,29.552403]},"properties":{"categories":{"primary":"real_estate_agent","alternate":null},"confidence":0.43928778171539307,"websites":["http://www.TanyaRESolutions.com/"],"emails":["houstonrealtysolutions@gmail.com"],"socials":["https://www.facebook.com/110957998395263"],"phones":["+18327796361"],"brand":{"wikidata":null,"names":{"primary":null,"common":null,"rules":null}},"addresses":[{"freeform":"11200 Broadway St","locality":"Pearland","postcode":"77584-0085","region":"TX","country":"US"}],"names":{"primary":"Tanya Graves Realtor - HomeSmart","common":null,"rules":null},"sources":[{"property":"","dataset":"meta","license":"CDLA-Permissive-2.0","record_id":"110957998395263","update_time":"2026-08-10T00:00:00.000Z","confidence":0.43928778171539307,"between":null,"provider":"meta","resource":"meta","version":"2026-08-10"},{"property":"/properties/confidence","dataset":"Overture","license":"CDLA-Permissive-2.0","record_id":null,"update_time":"2026-08-14T19:46:07Z","confidence":null,"between":null,"provider":"overture","resource":"confidence_calculation","version":"2026-08-14"}],"basic_category":"real_estate_service","taxonomy":{"primary":"real_estate_agent","hierarchy":["services_and_business","real_estate_service","real_estate_agent"],"alternates":null},"version":1}},{"id":"641b1b46-bae6-4657-9eb5-af07b0d3914f","type":"Feature","geometry":{"type":"Point","coordinates":[-95.39435709,29.55243789]},"properties":{"categories":{"primary":"eyewear_and_optician","alternate":["fashion_accessories_store"]},"confidence":0.9199122190475464,"websites":["https://stores.sunglasshut.com/us/tx/pearland/11200-broadway-5363?cid=YEXT_5363&y_source=1_MTE0MzIyNS01NTktbG9jYXRpb24ud2Vic2l0ZQ%3D%3D"],"socials":["https://www.facebook.com/265943503810075"],"phones":["+17134367619"],"brand":{"wikidata":null,"names":{"primary":"Sunglass Hut","common":null,"rules":null}},"addresses":[{"freeform":"11200 W Broadway St #1360","locality":"Pearland","postcode":"77584","region":"TX","country":"US"}],"names":{"primary":"Sunglass Hut","common":null,"rules":null},"sources":[{"property":"","dataset":"meta","license":"CDLA-Permissive-2.0","record_id":"265943503810075","update_time":"2026-08-10T00:00:00.000Z","confidence":0.9676373600959778,"between":null,"provider":"meta","resource":"meta","version":"2026-08-10"},{"property":"/properties/confidence","dataset":"Overture","license":"CDLA-Permissive-2.0","record_id":null,"update_time":"2026-08-14T19:46:07Z","confidence":null,"between":null,"provider":"overture","resource":"confidence_calculation","version":"2026-08-14"},{"property":"/properties/operating_status","dataset":"Overture-signals","license":"CDLA-Permissive-2.0","record_id":"01d56d52-8777-4ec7-8668-4ec4b69f0058","update_time":"2026-08-10T22:54:24Z","confidence":1.0,"between":null,"provider":"overture","resource":"operating_status_signal","version":"2026-08-10"}],"operating_status":"open","basic_category":"fashion_and_apparel_store","taxonomy":{"primary":"eyewear_store","hierarchy":["shopping","fashion_and_apparel_store","eyewear_store"],"alternates":null},"version":8}},{"id":"61d53d8f-5d18-452a-ab4f-0c833d80d6b5","type":"Feature","geometry":{"type":"Point","coordinates":[-95.3944309,29.5524161]},"properties":{"categories":{"primary":"shoe_store","alternate":["retail"]},"confidence":0.9897029928863048,"websites":["https://www.shoepalace.com/"],"phones":["2819771055"],"addresses":[{"freeform":"11200 Broadway St Ste 1420","locality":"Pearland","postcode":"77584","region":"TX","country":"US"}],"names":{"primary":"Shoe Palace","common":null,"rules":null},"sources":[{"property":"","dataset":"Microsoft","license":"CDLA-Permissive-2.0","record_id":"1407374890846513","update_time":"2025-10-02T09:29:26.567Z","confidence":0.85,"between":null,"provider":"microsoft","resource":"microsoft","version":"2025-10-20"},{"property":"/properties/confidence","dataset":"Overture","license":"CDLA-Permissive-2.0","record_id":null,"update_time":"2026-08-14T19:46:07Z","confidence":null,"between":null,"provider":"overture","resource":"confidence_calculation","version":"2026-08-14"},{"property":"/properties/operating_status","dataset":"Overture-signals","license":"CDLA-Permissive-2.0","record_id":"7ed64cf2-17df-4733-aaa0-9072c46a0ba7","update_time":"2026-08-10T22:54:24Z","confidence":1.0,"between":null,"provider":"overture","resource":"operating_status_signal","version":"2026-08-10"}],"operating_status":"open","basic_category":"fashion_and_apparel_store","taxonomy":{"primary":"shoe_store","hierarchy":["shopping","fashion_and_apparel_store","shoe_store"],"alternates":null},"version":10}},{"id":"8f0b7b1b-c3af-4a5c-893c-799424a28330","type":"Feature","geometry":{"type":"Point","coordinates":[-95.39443089999999,29.55241609999999]},"properties":{"categories":{"primary":"home_health_care","alternate":["personal_care_service","health_and_medical"]},"confidence":0.9199122190475464,"websites":["https://dusktodawncare.com/"],"phones":["2814516243"],"addresses":[{"freeform":"11200 Broadway St Ste 2743","locality":"Pearland","postcode":"77584","region":"TX","country":"US"}],"names":{"primary":"Dusk To Dawn Care","common":null,"rules":null},"sources":[{"property":"","dataset":"Microsoft","license":"CDLA-Permissive-2.0","record_id":"562949966448647","update_time":"2025-01-16T07:51:58.033Z","confidence":0.85,"between":null,"provider":"microsoft","resource":"microsoft","version":"2025-10-20"},{"property":"/properties/confidence","dataset":"Overture","license":"CDLA-Permissive-2.0","record_id":null,"update_time":"2026-08-14T19:46:07Z","confidence":null,"between":null,"provider":"overture","resource":"confidence_calculation","version":"2026-08-14"},{"property":"/properties/operating_status","dataset":"Overture-signals","license":"CDLA-Permissive-2.0","record_id":"564ce948-7d4e-4afa-9c6d-6be22f3815f2","update_time":"2026-08-10T22:54:24Z","confidence":1.0,"between":null,"provider":"overture","resource":"operating_status_signal","version":"2026-08-10"}],"operating_status":"open","basic_category":"medical_service","taxonomy":{"primary":"home_health_care","hierarchy":["health_care","medical_service","home_health_care"],"alternates":null},"version":6}},{"id":"f477b3e1-3adc-416e-90ba-bf4bd1c6ceb1","type":"Feature","geometry":{"type":"Point","coordinates":[-95.39443198,29.55241963]},"properties":{"categories":{"primary":"medical_spa","alternate":["spas","skin_care"]},"confidence":0.9199122190475464,"websites":["http://regainmedspa.com/"],"emails":["ia.jugo@regainmedspa.com"],"socials":["https://www.facebook.com/411992318674751"],"phones":["+18328774333"],"brand":{"wikidata":null,"names":{"primary":null,"common":null,"rules":null}},"addresses":[{"freeform":"11200 Broadway St 1410, Unit 6","locality":"Pearland","postcode":"77584","region":"TX","country":"US"}],"names":{"primary":"REGAIN MedSpa","common":null,"rules":null},"sources":[{"property":"","dataset":"meta","license":"CDLA-Permissive-2.0","record_id":"411992318674751","update_time":"2026-08-10T00:00:00.000Z","confidence":0.20057326555252075,"between":null,"provider":"meta","resource":"meta","version":"2026-08-10"},{"property":"/properties/confidence","dataset":"Overture","license":"CDLA-Permissive-2.0","record_id":null,"update_time":"2026-08-14T19:46:07Z","confidence":null,"between":null,"provider":"overture","resource":"confidence_calculation","version":"2026-08-14"},{"property":"/properties/operating_status","dataset":"Overture-signals","license":"CDLA-Permissive-2.0","record_id":"d235ff35-aad2-4e80-b08e-927445ba03f0","update_time":"2026-08-10T22:54:24Z","confidence":1.0,"between":null,"provider":"overture","resource":"operating_status_signal","version":"2026-08-10"}],"operating_status":"open","basic_category":"wellness_service","taxonomy":{"primary":"medical_spa","hierarchy":["lifestyle_services","wellness_service","spa","medical_spa"],"alternates":null},"version":9}},{"id":"9ee34538-d034-4e2e-aabd-63db542cda5a","type":"Feature","geometry":{"type":"Point","coordinates":[-95.39443117,29.5524197]},"properties":{"categories":{"primary":"spas","alternate":["hair_salon","beauty_salon"]},"confidence":0.9199122190475464,"websites":["https://purebrowsbydes1.as.me/"],"emails":["purebrowxdes@gmail.com"],"socials":["https://www.facebook.com/500706583136685"],"phones":["+15822627118"],"brand":{"wikidata":null,"names":{"primary":null,"common":null,"rules":null}},"addresses":[{"freeform":"11200 Broadway St","locality":"Pearland","postcode":"77584-0085","region":"TX","country":"US"}],"names":{"primary":"Purebrowsbydes","common":null,"rules":null},"sources":[{"property":"","dataset":"meta","license":"CDLA-Permissive-2.0","record_id":"500706583136685","update_time":"2026-08-10T00:00:00.000Z","confidence":0.26417475938796997,"between":null,"provider":"meta","resource":"meta","version":"2026-08-10"},{"property":"/properties/confidence","dataset":"Overture","license":"CDLA-Permissive-2.0","record_id":null,"update_time":"2026-08-14T19:46:07Z","confidence":null,"between":null,"provider":"overture","resource":"confidence_calculation","version":"2026-08-14"},{"property":"/properties/operating_status","dataset":"Overture-signals","license":"CDLA-Permissive-2.0","record_id":"15222434-d84b-4d22-9202-98e536d39303","update_time":"2026-08-10T22:54:24Z","confidence":1.0,"between":null,"provider":"overture","resource":"operating_status_signal","version":"2026-08-10"}],"operating_status":"open","basic_category":"wellness_service","taxonomy":{"primary":"spa","hierarchy":["lifestyle_services","wellness_service","spa"],"alternates":null},"version":4}},{"id":"98082078-232f-41ea-85fe-60afb4c59c16","type":"Feature","geometry":{"type":"Point","coordinates":[-95.39443363,29.55241968]},"properties":{"categories":{"primary":"skin_care","alternate":["beauty_salon","beauty_and_spa"]},"confidence":0.8156395554542542,"websites":["http://stephanieannaesthetics.com/"],"emails":["stephanieannaesthetics@yahoo.com"],"socials":["https://www.facebook.com/109921908337986"],"phones":["+18322948233"],"brand":{"wikidata":null,"names":{"primary":null,"common":null,"rules":null}},"addresses":[{"freeform":"11200 Broadway St","locality":"Pearland","postcode":"77584","region":"TX","country":"US"}],"names":{"primary":"Stephanie Ann Aesthetics","common":null,"rules":null},"sources":[{"property":"","dataset":"meta","license":"CDLA-Permissive-2.0","record_id":"109921908337986","update_time":"2026-08-10T00:00:00.000Z","confidence":0.8156395554542542,"between":null,"provider":"meta","resource":"meta","version":"2026-08-10"},{"property":"/properties/confidence","dataset":"Overture","license":"CDLA-Permissive-2.0","record_id":null,"update_time":"2026-08-14T19:46:07Z","confidence":null,"between":null,"provider":"overture","resource":"confidence_calculation","version":"2026-08-14"},{"property":"/properties/operating_status","dataset":"Overture-signals","license":"CDLA-Permissive-2.0","record_id":"124590f8-6fd4-4cfa-b81c-674ecc33b01b","update_time":"2026-08-10T22:54:24Z","confidence":1.0,"between":null,"provider":"overture","resource":"operating_status_signal","version":"2026-08-10"}],"operating_status":"open","basic_category":"personal_or_beauty_service","taxonomy":{"primary":"skin_care_and_makeup","hierarchy":["lifestyle_services","personal_or_beauty_service","skin_care_and_makeup"],"alternates":null},"version":7}},{"id":"21a41a0e-f521-4a0a-a7cd-333d3caba690","type":"Feature","geometry":{"type":"Point","coordinates":[-95.39446774530185,29.552354157616602]},"properties":{"categories":{"primary":"mens_clothing_store","alternate":["shoe_store","clothing_store","retail"]},"confidence":0.9902192950248718,"websites":[""],"phones":["7134367925"],"addresses":[{"freeform":"11100 Broadway, Suite 1355","locality":"Pearland","postcode":"77584","region":"TX","country":"US"}],"names":{"primary":"Vans","common":null,"rules":null},"sources":[{"property":"","dataset":"Microsoft","license":"CDLA-Permissive-2.0","record_id":"562949960800600","update_time":"2025-07-10T17:39:47.787Z","confidence":0.85,"between":null,"provider":"microsoft","resource":"microsoft","version":"2025-10-20"},{"property":"/properties/confidence","dataset":"Overture","license":"CDLA-Permissive-2.0","record_id":null,"update_time":"2026-08-14T19:46:07Z","confidence":null,"between":null,"provider":"overture","resource":"confidence_calculation","version":"2026-08-14"},{"property":"/properties/operating_status","dataset":"Overture-signals","license":"CDLA-Permissive-2.0","record_id":"6df9a841-fa5b-464d-9e86-e47eea02ceab","update_time":"2026-08-10T22:54:24Z","confidence":1.0,"between":null,"provider":"overture","resource":"operating_status_signal","version":"2026-08-10"}],"operating_status":"open","basic_category":"fashion_and_apparel_store","taxonomy":{"primary":"mens_clothing_store","hierarchy":["shopping","fashion_and_apparel_store","clothing_store","mens_clothing_store"],"alternates":null},"version":11}},{"id":"9569ddd0-bf8e-4575-9f94-6028d26f6ac8","type":"Feature","geometry":{"type":"Point","coordinates":[-95.39465379,29.55229131]},"properties":{"categories":{"primary":"contractor","alternate":["construction_services","home_improvement_store"]},"confidence":0.9199122190475464,"websites":["https://yoaremodeling.com/"],"emails":["yoaremodeling@gmail.com"],"socials":["https://www.facebook.com/100522819507722"],"phones":["+18326141672"],"brand":{"wikidata":null,"names":{"primary":null,"common":null,"rules":null}},"addresses":[{"freeform":"11200 Broadway St #1350","locality":"Pearland","postcode":"77584","region":"TX","country":"US"}],"names":{"primary":"Yoa Remodeling LLC","common":null,"rules":null},"sources":[{"property":"","dataset":"meta","license":"CDLA-Permissive-2.0","record_id":"100522819507722","update_time":"2026-08-10T00:00:00.000Z","confidence":0.19576586782932281,"between":null,"provider":"meta","resource":"meta","version":"2026-08-10"},{"property":"/properties/confidence","dataset":"Overture","license":"CDLA-Permissive-2.0","record_id":null,"update_time":"2026-08-14T19:46:07Z","confidence":null,"between":null,"provider":"overture","resource":"confidence_calculation","version":"2026-08-14"},{"property":"/properties/operating_status","dataset":"Overture-signals","license":"CDLA-Permissive-2.0","record_id":"af7abbbb-b109-4a73-a24a-333184e51252","update_time":"2026-08-10T22:54:24Z","confidence":1.0,"between":null,"provider":"overture","resource":"operating_status_signal","version":"2026-08-10"}],"operating_status":"open","basic_category":"home_service","taxonomy":{"primary":"contractor","hierarchy":["services_and_business","home_service","contractor"],"alternates":null},"version":2}},{"id":"9899b25d-7f74-4782-a03e-b1d564236cd6","type":"Feature","geometry":{"type":"Point","coordinates":[-95.39463844,29.55237112]},"properties":{"categories":{"primary":"clothing_store","alternate":["mens_clothing_store","fashion"]},"confidence":0.9999717505455017,"websites":["https://www.hollisterco.com/shop/us/clothing-stores/US/Pearland/TX/30592"],"emails":["privacy_policy@hollisterco.com"],"socials":["https://www.facebook.com/185272888272217"],"phones":["+17134369273"],"brand":{"wikidata":null,"names":{"primary":"Hollister Co.","common":null,"rules":null}},"addresses":[{"freeform":"11200 Broadway St Ste 1350 Ste 1350","locality":"Pearland","postcode":"77584","region":"TX","country":"US"}],"names":{"primary":"Hollister Co.","common":null,"rules":null},"sources":[{"property":"","dataset":"meta","license":"CDLA-Permissive-2.0","record_id":"185272888272217","update_time":"2026-08-10T00:00:00.000Z","confidence":0.995905876159668,"between":null,"provider":"meta","resource":"meta","version":"2026-08-10"},{"property":"/properties/confidence","dataset":"Overture","license":"CDLA-Permissive-2.0","record_id":null,"update_time":"2026-08-14T19:46:07Z","confidence":null,"between":null,"provider":"overture","resource":"confidence_calculation","version":"2026-08-14"},{"property":"/properties/operating_status","dataset":"Overture-signals","license":"CDLA-Permissive-2.0","record_id":"57faf4ee-4240-46c1-9d25-d349091943ea","update_time":"2026-08-10T22:54:24Z","confidence":1.0,"between":null,"provider":"overture","resource":"operating_status_signal","version":"2026-08-10"}],"operating_status":"open","basic_category":"fashion_and_apparel_store","taxonomy":{"primary":"clothing_store","hierarchy":["shopping","fashion_and_apparel_store","clothing_store"],"alternates":null},"version":9}},{"id":"50b8dd3b-3225-4419-a3a7-785b53a0b34b","type":"Feature","geometry":{"type":"Point","coordinates":[-95.394611,29.552322]},"properties":{"categories":{"primary":"insurance_agency","alternate":null},"confidence":0.5794063806533813,"websites":["http://agents.farmers.com/tx/pearland/jaron-roblyer"],"emails":["nicole.jroblyer@farmersagency.com"],"socials":["https://www.facebook.com/111768801900214"],"phones":["+12818497446"],"brand":{"wikidata":null,"names":{"primary":null,"common":null,"rules":null}},"addresses":[{"freeform":"11200 Broadway St","locality":"Pearland","postcode":"77584-0085","region":"TX","country":"US"}],"names":{"primary":"Nicole Mingarelli - Farmers Insurance","common":null,"rules":null},"sources":[{"property":"","dataset":"meta","license":"CDLA-Permissive-2.0","record_id":"111768801900214","update_time":"2026-08-10T00:00:00.000Z","confidence":0.5794063806533813,"between":null,"provider":"meta","resource":"meta","version":"2026-08-10"},{"property":"/properties/confidence","dataset":"Overture","license":"CDLA-Permissive-2.0","record_id":null,"update_time":"2026-08-14T19:46:07Z","confidence":null,"between":null,"provider":"overture","resource":"confidence_calculation","version":"2026-08-14"}],"basic_category":"financial_service","taxonomy":{"primary":"insurance_agency","hierarchy":["services_and_business","financial_service","insurance_agency"],"alternates":null},"version":1}},{"id":"f471218a-d17c-484d-b2b8-55ed0e0b7341","type":"Feature","geometry":{"type":"Point","coordinates":[-95.39472956,29.55244129]},"properties":{"categories":{"primary":"insurance_agency","alternate":null},"confidence":0.9199122190475464,"websites":["http://thewilliamsinsurancegroup.com/"],"emails":["service@thewilliamsinsurancegroup.com"],"socials":["https://www.facebook.com/290084351448150"],"phones":["+12815031998"],"brand":{"wikidata":null,"names":{"primary":null,"common":null,"rules":null}},"addresses":[{"freeform":"3149 Kingsley Dr","locality":"Pearland","postcode":"77584-8507","region":"TX","country":"US"}],"names":{"primary":"The Williams Family Insurance Group","common":null,"rules":null},"sources":[{"property":"","dataset":"meta","license":"CDLA-Permissive-2.0","record_id":"290084351448150","update_time":"2026-08-10T00:00:00.000Z","confidence":0.5576525330543518,"between":null,"provider":"meta","resource":"meta","version":"2026-08-10"},{"property":"/properties/confidence","dataset":"Overture","license":"CDLA-Permissive-2.0","record_id":null,"update_time":"2026-08-14T19:46:07Z","confidence":null,"between":null,"provider":"overture","resource":"confidence_calculation","version":"2026-08-14"},{"property":"/properties/operating_status","dataset":"Overture-signals","license":"CDLA-Permissive-2.0","record_id":"637d737c-3e7e-4021-ae81-74a09a50060f","update_time":"2026-08-10T22:54:24Z","confidence":1.0,"between":null,"provider":"overture","resource":"operating_status_signal","version":"2026-08-10"}],"operating_status":"open","basic_category":"financial_service","taxonomy":{"primary":"insurance_agency","hierarchy":["services_and_business","financial_service","insurance_agency"],"alternates":null},"version":8}},{"id":"9fb2962b-3124-4a65-bd09-579829ff4b1a","type":"Feature","geometry":{"type":"Point","coordinates":[-95.39480395,29.55226219]},"properties":{"categories":{"primary":"womens_clothing_store","alternate":["clothing_store","boutique"]},"confidence":0.9850742816925049,"websites":["https://francescas.com/"],"socials":["https://www.facebook.com/522023667840464"],"phones":["+13469715832"],"brand":{"wikidata":null,"names":{"primary":"francesca's","common":null,"rules":null}},"addresses":[{"freeform":"11200 Broadway St","locality":"Pearland","postcode":"77584","region":"TX","country":"US"}],"names":{"primary":"Francescas","common":null,"rules":null},"sources":[{"property":"","dataset":"meta","license":"CDLA-Permissive-2.0","record_id":"522023667840464","update_time":"2026-08-10T00:00:00.000Z","confidence":0.9850742816925049,"between":null,"provider":"meta","resource":"meta","version":"2026-08-10"},{"property":"/properties/confidence","dataset":"Overture","license":"CDLA-Permissive-2.0","record_id":null,"update_time":"2026-08-14T19:46:07Z","confidence":null,"between":null,"provider":"overture","resource":"confidence_calculation","version":"2026-08-14"}],"basic_category":"fashion_and_apparel_store","taxonomy":{"primary":"womens_clothing_store","hierarchy":["shopping","fashion_and_apparel_store","clothing_store","womens_clothing_store"],"alternates":null},"version":3}},{"id":"3e63f510-eb53-4435-815f-9333a85333f6","type":"Feature","geometry":{"type":"Point","coordinates":[-95.39480062,29.55226607]},"properties":{"categories":{"primary":"t_shirt_store","alternate":["clothing_store","boutique","retail"]},"confidence":0.9199122190475464,"websites":["https://www.francescas.com/"],"phones":["3469715832"],"addresses":[{"freeform":"11200 Broadway St","locality":"Pearland","postcode":"77584","region":"TX","country":"US"}],"names":{"primary":"francesca's","common":null,"rules":null},"sources":[{"property":"","dataset":"Microsoft","license":"CDLA-Permissive-2.0","record_id":"1125899911610413","update_time":"2023-05-06T15:28:24.283Z","confidence":0.85,"between":null,"provider":"microsoft","resource":"microsoft","version":"2025-10-20"},{"property":"/properties/confidence","dataset":"Overture","license":"CDLA-Permissive-2.0","record_id":null,"update_time":"2026-08-14T19:46:07Z","confidence":null,"between":null,"provider":"overture","resource":"confidence_calculation","version":"2026-08-14"},{"property":"/properties/operating_status","dataset":"Overture-signals","license":"CDLA-Permissive-2.0","record_id":"64e10364-418c-440e-b3d8-079baf721b0f","update_time":"2026-08-10T22:54:24Z","confidence":1.0,"between":null,"provider":"overture","resource":"operating_status_signal","version":"2026-08-10"}],"operating_status":"open","basic_category":"fashion_and_apparel_store","taxonomy":{"primary":"t_shirt_store","hierarchy":["shopping","fashion_and_apparel_store","clothing_store","t_shirt_store"],"alternates":null},"version":8}},{"id":"de2647c4-f4d5-4269-a9da-f6df08621926","type":"Feature","geometry":{"type":"Point","coordinates":[-95.39470423,29.55239908]},"properties":{"categories":{"primary":"clothing_store","alternate":["mens_clothing_store","womens_clothing_store"]},"confidence":0.9999987518715858,"websites":["https://local.buckle.com/tx/pearland/clothing-409.html"],"emails":["webmaster@buckle.com"],"socials":["https://www.facebook.com/272909409388518"],"phones":["+17134367508"],"brand":{"wikidata":null,"names":{"primary":"Buckle","common":null,"rules":null}},"addresses":[{"freeform":"11200 Broadway St Ste 1340","locality":"Pearland","postcode":"77584","region":"TX","country":"US"}],"names":{"primary":"Buckle","common":null,"rules":null},"sources":[{"property":"","dataset":"meta","license":"CDLA-Permissive-2.0","record_id":"272909409388518","update_time":"2026-08-10T00:00:00.000Z","confidence":0.9963822364807129,"between":null,"provider":"meta","resource":"meta","version":"2026-08-10"},{"property":"/properties/confidence","dataset":"Overture","license":"CDLA-Permissive-2.0","record_id":null,"update_time":"2026-08-14T19:46:07Z","confidence":null,"between":null,"provider":"overture","resource":"confidence_calculation","version":"2026-08-14"},{"property":"/properties/operating_status","dataset":"Overture-signals","license":"CDLA-Permissive-2.0","record_id":"df35cb5a-2f88-4098-bf51-0656cc57268e","update_time":"2026-08-10T22:54:24Z","confidence":1.0,"between":null,"provider":"overture","resource":"operating_status_signal","version":"2026-08-10"}],"operating_status":"open","basic_category":"fashion_and_apparel_store","taxonomy":{"primary":"clothing_store","hierarchy":["shopping","fashion_and_apparel_store","clothing_store"],"alternates":null},"version":11}},{"id":"bae5deb9-cf48-4691-9227-90757db188be","type":"Feature","geometry":{"type":"Point","coordinates":[-95.39491261,29.55236178]},"properties":{"categories":{"primary":"sporting_goods","alternate":["shoe_store","sports_wear"]},"confidence":0.9999538622677326,"websites":["https://stores.champssports.com/tx/pearland/11200-broadway-street-15086.html"],"emails":["customercare@champssports.com"],"socials":["https://www.facebook.com/443919118961151"],"phones":["+17133403149"],"brand":{"wikidata":null,"names":{"primary":"Champs Sports","common":null,"rules":null}},"addresses":[{"freeform":"11200 Broadway St","locality":"Pearland","postcode":"77584-0085","region":"TX","country":"US"}],"names":{"primary":"Champs Sports","common":null,"rules":null},"sources":[{"property":"","dataset":"meta","license":"CDLA-Permissive-2.0","record_id":"443919118961151","update_time":"2026-08-10T00:00:00.000Z","confidence":0.9933133721351624,"between":null,"provider":"meta","resource":"meta","version":"2026-08-10"},{"property":"/properties/confidence","dataset":"Overture","license":"CDLA-Permissive-2.0","record_id":null,"update_time":"2026-08-14T19:46:07Z","confidence":null,"between":null,"provider":"overture","resource":"confidence_calculation","version":"2026-08-14"},{"property":"/properties/operating_status","dataset":"Overture-signals","license":"CDLA-Permissive-2.0","record_id":"6fc590ce-b4c3-43f2-b154-cdce85663620","update_time":"2026-08-10T22:54:24Z","confidence":1.0,"between":null,"provider":"overture","resource":"operating_status_signal","version":"2026-08-10"}],"operating_status":"open","basic_category":"sporting_goods_store","taxonomy":{"primary":"sporting_goods_store","hierarchy":["shopping","specialty_store","sporting_goods_store"],"alternates":null},"version":11}},{"id":"d6609f84-594c-4940-b512-01977b4f2548","type":"Feature","geometry":{"type":"Point","coordinates":[-95.394884,29.552301]},"properties":{"categories":{"primary":"womens_clothing_store","alternate":["designer_clothing","fashion_accessories_store","clothing_store","retail"]},"confidence":0.9199122190475464,"websites":["http://www.charlotterusse.com/on/demandware.store/Sites-charlotte-russe-Site/default/Stores-Details?StoreID=511"],"phones":["7133401108"],"addresses":[{"freeform":"11200 Broadway St","locality":"Pearland","postcode":"77584","region":"TX","country":"US"}],"names":{"primary":"Charlotte Russe","common":null,"rules":null},"sources":[{"property":"","dataset":"Microsoft","license":"CDLA-Permissive-2.0","record_id":"281474976942627","update_time":"2017-01-30T19:19:37.000Z","confidence":0.85,"between":null,"provider":"microsoft","resource":"microsoft","version":"2025-10-20"},{"property":"/properties/confidence","dataset":"Overture","license":"CDLA-Permissive-2.0","record_id":null,"update_time":"2026-08-14T19:46:07Z","confidence":null,"between":null,"provider":"overture","resource":"confidence_calculation","version":"2026-08-14"},{"property":"/properties/operating_status","dataset":"Overture-signals","license":"CDLA-Permissive-2.0","record_id":"6e1750bb-0206-4f9a-b829-31aa8376b3be","update_time":"2026-08-10T22:54:24Z","confidence":1.0,"between":null,"provider":"overture","resource":"operating_status_signal","version":"2026-08-10"}],"operating_status":"open","basic_category":"fashion_and_apparel_store","taxonomy":{"primary":"womens_clothing_store","hierarchy":["shopping","fashion_and_apparel_store","clothing_store","womens_clothing_store"],"alternates":null},"version":7}},{"id":"b42140a7-09a8-4a62-ae49-65e02d7d198e","type":"Feature","geometry":{"type":"Point","coordinates":[-95.39505514,29.55243452]},"properties":{"categories":{"primary":"clothing_store","alternate":["fashion","sports_wear"]},"confidence":0.9994334079325199,"websites":["http://razzledazzledancewear.shop/"],"emails":["razzledazzle2629@gmail.com"],"socials":["https://www.facebook.com/1664285557158137"],"phones":["+17134360991"],"brand":{"wikidata":null,"names":{"primary":"Razzle Dazzle Dancewear Pearland","common":null,"rules":null}},"addresses":[{"freeform":"11200 Broadway St Ste 1320","locality":"Pearland","postcode":"77584","region":"TX","country":"US"}],"names":{"primary":"Razzle Dazzle Dancewear","common":null,"rules":null},"sources":[{"property":"","dataset":"meta","license":"CDLA-Permissive-2.0","record_id":"1664285557158137","update_time":"2026-08-10T00:00:00.000Z","confidence":0.984890878200531,"between":null,"provider":"meta","resource":"meta","version":"2026-08-10"},{"property":"/properties/confidence","dataset":"Overture","license":"CDLA-Permissive-2.0","record_id":null,"update_time":"2026-08-14T19:46:07Z","confidence":null,"between":null,"provider":"overture","resource":"confidence_calculation","version":"2026-08-14"},{"property":"/properties/operating_status","dataset":"Overture-signals","license":"CDLA-Permissive-2.0","record_id":"cd7b233b-9263-4a1e-a8f2-76892ab0c84a","update_time":"2026-08-10T22:54:24Z","confidence":1.0,"between":null,"provider":"overture","resource":"operating_status_signal","version":"2026-08-10"}],"operating_status":"open","basic_category":"fashion_and_apparel_store","taxonomy":{"primary":"clothing_store","hierarchy":["shopping","fashion_and_apparel_store","clothing_store"],"alternates":null},"version":3}},{"id":"3b99c4de-0c53-4764-bfe4-3f5a350b76ec","type":"Feature","geometry":{"type":"Point","coordinates":[-95.39516471,29.5523791]},"properties":{"categories":{"primary":"clothing_store","alternate":["sports_wear","mens_clothing_store"]},"confidence":0.9982881808578968,"websites":["http://www.zumiez.com/"],"emails":["brianleith@zumiez.com"],"socials":["https://www.facebook.com/156014214433804"],"phones":["+17133401427"],"brand":{"wikidata":null,"names":{"primary":"Zumiez","common":null,"rules":null}},"addresses":[{"freeform":"11200 Broadway St Ste 1310","locality":"Pearland","postcode":"77584","region":"TX","country":"US"}],"names":{"primary":"Zumiez","common":null,"rules":null},"sources":[{"property":"","dataset":"meta","license":"CDLA-Permissive-2.0","record_id":"156014214433804","update_time":"2026-08-10T00:00:00.000Z","confidence":0.9503820538520813,"between":null,"provider":"meta","resource":"meta","version":"2026-08-10"},{"property":"/properties/confidence","dataset":"Overture","license":"CDLA-Permissive-2.0","record_id":null,"update_time":"2026-08-14T19:46:07Z","confidence":null,"between":null,"provider":"overture","resource":"confidence_calculation","version":"2026-08-14"}],"basic_category":"fashion_and_apparel_store","taxonomy":{"primary":"clothing_store","hierarchy":["shopping","fashion_and_apparel_store","clothing_store"],"alternates":null},"version":10}},{"id":"aa3620e3-f818-442b-ab58-0e63423cdbe0","type":"Feature","geometry":{"type":"Point","coordinates":[-95.3952435,29.5522993]},"properties":{"categories":{"primary":"shopping","alternate":null},"confidence":0.85,"websites":["http://stores.sportsauthority.com/tx/pearland/sporting-goods-pearland-223.html"],"phones":["7134363363"],"addresses":[{"freeform":"11200 Broadway St","locality":"Pearland","postcode":"77584","region":"TX","country":"US"}],"names":{"primary":"Sports Authority Sporting Goods","common":null,"rules":null},"sources":[{"property":"","dataset":"Microsoft","license":"CDLA-Permissive-2.0","record_id":"562949953614260","update_time":"2016-07-29T16:34:55.130Z","confidence":0.85,"between":null,"provider":"microsoft","resource":"microsoft","version":"2025-10-20"},{"property":"/properties/confidence","dataset":"Overture","license":"CDLA-Permissive-2.0","record_id":null,"update_time":"2026-08-14T19:46:07Z","confidence":null,"between":null,"provider":"overture","resource":"confidence_calculation","version":"2026-08-14"}],"basic_category":"shopping","taxonomy":{"primary":"shopping","hierarchy":["shopping"],"alternates":null},"version":8}},{"id":"8f624033-98b9-438b-81c8-e5f415e5dbc4","type":"Feature","geometry":{"type":"Point","coordinates":[-95.39544449,29.55224944]},"properties":{"categories":{"primary":"hobby_shop","alternate":["gift_shop","comic_books_store"]},"confidence":0.9902192950248718,"websites":["https://SpudsTCG.com/"],"emails":["spuds@spudstcg.com"],"socials":["https://www.facebook.com/100662415243561"],"phones":["+13464982662"],"brand":{"wikidata":null,"names":{"primary":null,"common":null,"rules":null}},"addresses":[{"freeform":"11200 Broadway St","locality":"Pearland","postcode":"77584-0085","region":"TX","country":"US"}],"names":{"primary":"SpudsTCG","common":null,"rules":null},"sources":[{"property":"","dataset":"meta","license":"CDLA-Permissive-2.0","record_id":"100662415243561","update_time":"2026-08-10T00:00:00.000Z","confidence":0.9807711243629456,"between":null,"provider":"meta","resource":"meta","version":"2026-08-10"},{"property":"/properties/confidence","dataset":"Overture","license":"CDLA-Permissive-2.0","record_id":null,"update_time":"2026-08-14T19:46:07Z","confidence":null,"between":null,"provider":"overture","resource":"confidence_calculation","version":"2026-08-14"},{"property":"/properties/operating_status","dataset":"Overture-signals","license":"CDLA-Permissive-2.0","record_id":"018466e0-a6ca-4318-86da-8137fbcf31fa","update_time":"2026-08-10T22:54:24Z","confidence":1.0,"between":null,"provider":"overture","resource":"operating_status_signal","version":"2026-08-10"}],"operating_status":"open","basic_category":"arts_crafts_and_hobby_store","taxonomy":{"primary":"hobby_shop","hierarchy":["shopping","specialty_store","arts_crafts_and_hobby_store","hobby_shop"],"alternates":null},"version":8}},{"id":"1537ddee-41e8-4cc3-b868-66c4e489eb5b","type":"Feature","geometry":{"type":"Point","coordinates":[-95.39550684503736,29.552459395034486]},"properties":{"categories":{"primary":"spas","alternate":["skin_care","medical_spa"]},"confidence":0.8874233365058899,"websites":["https://www.npwfacial.com/"],"emails":["nancypo@gmail.com"],"socials":["https://www.facebook.com/247980026009475"],"phones":["+12816820147"],"brand":{"wikidata":null,"names":{"primary":null,"common":null,"rules":null}},"addresses":[{"freeform":"11200 Broadway St","locality":"Pearland","postcode":"77584-0085","region":"TX","country":"US"}],"names":{"primary":"NPW Facial Treatment and Spa LLC","common":null,"rules":null},"sources":[{"property":"","dataset":"meta","license":"CDLA-Permissive-2.0","record_id":"247980026009475","update_time":"2026-08-10T00:00:00.000Z","confidence":0.8874233365058899,"between":null,"provider":"meta","resource":"meta","version":"2026-08-10"},{"property":"/properties/confidence","dataset":"Overture","license":"CDLA-Permissive-2.0","record_id":null,"update_time":"2026-08-14T19:46:07Z","confidence":null,"between":null,"provider":"overture","resource":"confidence_calculation","version":"2026-08-14"},{"property":"/properties/operating_status","dataset":"Overture-signals","license":"CDLA-Permissive-2.0","record_id":"12f52884-d54b-4b0f-a930-df73393be738","update_time":"2026-08-10T22:54:24Z","confidence":1.0,"between":null,"provider":"overture","resource":"operating_status_signal","version":"2026-08-10"}],"operating_status":"open","basic_category":"wellness_service","taxonomy":{"primary":"spa","hierarchy":["lifestyle_services","wellness_service","spa"],"alternates":null},"version":11}},{"id":"45d4ce67-efec-4c2c-a6f2-5e894d44adf2","type":"Feature","geometry":{"type":"Point","coordinates":[-95.39551564,29.55243113]},"properties":{"categories":{"primary":"electronics","alternate":["it_service_and_computer_repair"]},"confidence":0.9999516570475697,"websites":["https://www.ubreakifix.com/locations/pearland"],"emails":["pearland@ubreakifix.com"],"socials":["https://www.facebook.com/391688137567299"],"phones":["+17134360848"],"brand":{"wikidata":null,"names":{"primary":"uBreakiFix by Asurion","common":null,"rules":null}},"addresses":[{"freeform":"11200 Broadway Street Suite 1430","locality":"Pearland","postcode":"77584","region":"TX","country":"US"}],"names":{"primary":"uBreakiFix","common":null,"rules":null},"sources":[{"property":"","dataset":"meta","license":"CDLA-Permissive-2.0","record_id":"391688137567299","update_time":"2026-08-10T00:00:00.000Z","confidence":0.9844306111335754,"between":null,"provider":"meta","resource":"meta","version":"2026-08-10"},{"property":"/properties/confidence","dataset":"Overture","license":"CDLA-Permissive-2.0","record_id":null,"update_time":"2026-08-14T19:46:07Z","confidence":null,"between":null,"provider":"overture","resource":"confidence_calculation","version":"2026-08-14"}],"basic_category":"electronics_store","taxonomy":{"primary":"electronics_store","hierarchy":["shopping","specialty_store","electronics_store"],"alternates":null},"version":10}},{"id":"481d1d84-060d-463b-a090-d7c20826f5b4","type":"Feature","geometry":{"type":"Point","coordinates":[-95.39549815,29.55224434]},"properties":{"categories":{"primary":"music_school","alternate":["performing_arts","school"]},"confidence":0.9902192950248718,"websites":["http://www.pearlandschoolofmusic.com/"],"socials":["https://www.facebook.com/1441893339205830"],"phones":["+12813100909"],"brand":{"wikidata":null,"names":{"primary":null,"common":null,"rules":null}},"addresses":[{"freeform":"11200 Broadway St #1450","locality":"Pearland","postcode":"77584","region":"TX","country":"US"}],"names":{"primary":"Pearland School of Music","common":null,"rules":null},"sources":[{"property":"","dataset":"meta","license":"CDLA-Permissive-2.0","record_id":"1441893339205830","update_time":"2026-08-10T00:00:00.000Z","confidence":0.9864326119422913,"between":null,"provider":"meta","resource":"meta","version":"2026-08-10"},{"property":"/properties/confidence","dataset":"Overture","license":"CDLA-Permissive-2.0","record_id":null,"update_time":"2026-08-14T19:46:07Z","confidence":null,"between":null,"provider":"overture","resource":"confidence_calculation","version":"2026-08-14"},{"property":"/properties/operating_status","dataset":"Overture-signals","license":"CDLA-Permissive-2.0","record_id":"1b6b2a15-671f-4613-82f7-f8c4eaa1a9a3","update_time":"2026-08-10T22:54:24Z","confidence":1.0,"between":null,"provider":"overture","resource":"operating_status_signal","version":"2026-08-10"}],"operating_status":"open","basic_category":"specialty_school","taxonomy":{"primary":"music_school","hierarchy":["education","place_of_learning","specialty_school","music_school"],"alternates":null},"version":7}},{"id":"550e1059-394b-4d58-b27c-bfccc5d45b96","type":"Feature","geometry":{"type":"Point","coordinates":[-95.39574219911685,29.55222438655009]},"properties":{"categories":{"primary":"professional_services","alternate":null},"confidence":0.9199122190475464,"websites":["https://avengersecurityhouston.com"],"phones":["(281) 954-3400"],"addresses":[{"freeform":"11200 Broadway St, Suite 2743, Pearland, TX 77584","locality":"Pearland","postcode":"77584","region":"TX","country":"US"}],"names":{"primary":"Avenger Security Houston","common":null,"rules":null},"sources":[{"property":"","dataset":"Foursquare","license":"Apache-2.0","record_id":"643e18d080e47c5308441eb0","update_time":"2025-08-09T00:00:00.000","confidence":0.77,"between":null,"provider":"foursquare","resource":"foursquare","version":"2026-04-14"},{"property":"/properties/confidence","dataset":"Overture","license":"CDLA-Permissive-2.0","record_id":null,"update_time":"2026-08-14T19:46:07Z","confidence":null,"between":null,"provider":"overture","resource":"confidence_calculation","version":"2026-08-14"},{"property":"/properties/operating_status","dataset":"Overture-signals","license":"CDLA-Permissive-2.0","record_id":"dd06e1a5-1505-4a02-ab70-3fb82fb1ace3","update_time":"2026-08-10T22:54:24Z","confidence":1.0,"between":null,"provider":"overture","resource":"operating_status_signal","version":"2026-08-10"}],"operating_status":"open","basic_category":"professional_service","taxonomy":{"primary":"professional_service","hierarchy":["services_and_business","professional_service"],"alternates":null},"version":5}},{"id":"eac3b3cf-6d68-4e62-af7d-e69731297204","type":"Feature","geometry":{"type":"Point","coordinates":[-95.39572944,29.55235824]},"properties":{"categories":{"primary":"flowers_and_gifts_shop","alternate":["home_and_garden"]},"confidence":0.999673243123293,"websites":["https://stores.spencersonline.com/tx/pearland/pearland-02136.html"],"socials":["https://www.facebook.com/1537035083275347"],"phones":["+18335430751"],"brand":{"wikidata":null,"names":{"primary":"Spencer\u2019s Hair Salon","common":null,"rules":null}},"addresses":[{"freeform":"11200 Broadway St","locality":"Pearland","postcode":"77584-0085","region":"TX","country":"US"}],"names":{"primary":"Spencer's","common":null,"rules":null},"sources":[{"property":"","dataset":"meta","license":"CDLA-Permissive-2.0","record_id":"1537035083275347","update_time":"2026-08-10T00:00:00.000Z","confidence":0.9526439309120178,"between":null,"provider":"meta","resource":"meta","version":"2026-08-10"},{"property":"/properties/confidence","dataset":"Overture","license":"CDLA-Permissive-2.0","record_id":null,"update_time":"2026-08-14T19:46:07Z","confidence":null,"between":null,"provider":"overture","resource":"confidence_calculation","version":"2026-08-14"},{"property":"/properties/operating_status","dataset":"Overture-signals","license":"CDLA-Permissive-2.0","record_id":"c2fbcaaa-13eb-4648-b0c5-3c17966d3818","update_time":"2026-08-10T22:54:24Z","confidence":1.0,"between":null,"provider":"overture","resource":"operating_status_signal","version":"2026-08-10"}],"operating_status":"open","basic_category":"flowers_and_gifts_store","taxonomy":{"primary":"flowers_and_gifts_store","hierarchy":["shopping","specialty_store","flowers_and_gifts_store"],"alternates":null},"version":9}},{"id":"5f8cb209-d2c5-49bc-a16b-231a8692234a","type":"Feature","geometry":{"type":"Point","coordinates":[-95.3956167,29.5527423]},"properties":{"categories":{"primary":"criminal_defense_law","alternate":null},"confidence":0.85,"websites":["https://www.philmorinlaw.com/?npcmp=dir:local:5186229:77581"],"phones":["2819755924"],"addresses":[{"freeform":"11200 Broadway St","locality":"Pearland","postcode":"77584","region":"TX","country":"US"}],"names":{"primary":"Phil Morin Law Firm PLLC","common":null,"rules":null},"sources":[{"property":"","dataset":"Microsoft","license":"CDLA-Permissive-2.0","record_id":"1125899911193290","update_time":"2022-10-17T16:30:47.180Z","confidence":0.85,"between":null,"provider":"microsoft","resource":"microsoft","version":"2025-10-20"},{"property":"/properties/confidence","dataset":"Overture","license":"CDLA-Permissive-2.0","record_id":null,"update_time":"2026-08-14T19:46:07Z","confidence":null,"between":null,"provider":"overture","resource":"confidence_calculation","version":"2026-08-14"},{"property":"/properties/operating_status","dataset":"Overture-signals","license":"CDLA-Permissive-2.0","record_id":"29235351-7269-45a4-8ebe-4d208c24eeb1","update_time":"2026-08-10T22:54:24Z","confidence":1.0,"between":null,"provider":"overture","resource":"operating_status_signal","version":"2026-08-10"}],"operating_status":"open","basic_category":"attorney_or_law_firm","taxonomy":{"primary":"criminal_defense_law","hierarchy":["services_and_business","legal_service","attorney_or_law_firm","criminal_defense_law"],"alternates":null},"version":4}},{"id":"b25e0589-06db-4854-89d7-8040d2472801","type":"Feature","geometry":{"type":"Point","coordinates":[-95.39561757,29.55275687]},"properties":{"categories":{"primary":"landmark_and_historical_building","alternate":["accommodation"]},"confidence":0.9877958774566651,"websites":["https://livebh.com/apartments/the-residences-at-pearland-town-center-apartments/?utm_source=facebook&utm_medium=social&utm_campaign=property_info"],"emails":["community-bcay5@aptprospect.com"],"socials":["https://www.facebook.com/293185464067855"],"phones":["+13467885931"],"brand":{"wikidata":null,"names":{"primary":null,"common":null,"rules":null}},"addresses":[{"freeform":"11200 W Broadway St Ste 2400","locality":"Pearland","postcode":"77584","region":"TX","country":"US"}],"names":{"primary":"The Residences at Pearland Town Center Apartments","common":null,"rules":null},"sources":[{"property":"","dataset":"meta","license":"CDLA-Permissive-2.0","record_id":"293185464067855","update_time":"2026-08-10T00:00:00.000Z","confidence":0.9186391830444336,"between":null,"provider":"meta","resource":"meta","version":"2026-08-10"},{"property":"/properties/confidence","dataset":"Overture","license":"CDLA-Permissive-2.0","record_id":null,"update_time":"2026-08-14T19:46:07Z","confidence":null,"between":null,"provider":"overture","resource":"confidence_calculation","version":"2026-08-14"}],"basic_category":"historic_site","taxonomy":{"primary":"historic_site","hierarchy":["cultural_and_historic","historic_site"],"alternates":null},"version":10}},{"id":"3f4bb0be-f3dc-44a0-b3ca-538bf9672d32","type":"Feature","geometry":{"type":"Point","coordinates":[-95.39562,29.55274]},"properties":{"categories":{"primary":"home_health_care","alternate":["personal_care_service","health_and_medical"]},"confidence":0.9199122190475464,"websites":["https://homewellcares.com/in-home-care-tx-pearland-tx212/"],"phones":["8325644868"],"addresses":[{"freeform":"11200 Broadway St Ste 2743","locality":"Pearland","postcode":"77584","region":"TX","country":"US"}],"names":{"primary":"HomeWell Care Services","common":null,"rules":null},"sources":[{"property":"","dataset":"Microsoft","license":"CDLA-Permissive-2.0","record_id":"1407374890407560","update_time":"2025-10-04T21:30:13.390Z","confidence":0.85,"between":null,"provider":"microsoft","resource":"microsoft","version":"2025-10-20"},{"property":"/properties/confidence","dataset":"Overture","license":"CDLA-Permissive-2.0","record_id":null,"update_time":"2026-08-14T19:46:07Z","confidence":null,"between":null,"provider":"overture","resource":"confidence_calculation","version":"2026-08-14"},{"property":"/properties/operating_status","dataset":"Overture-signals","license":"CDLA-Permissive-2.0","record_id":"909cb0fd-0273-48db-971d-c6cc8e2988be","update_time":"2026-08-10T22:54:24Z","confidence":1.0,"between":null,"provider":"overture","resource":"operating_status_signal","version":"2026-08-10"}],"operating_status":"open","basic_category":"medical_service","taxonomy":{"primary":"home_health_care","hierarchy":["health_care","medical_service","home_health_care"],"alternates":null},"version":8}},{"id":"ff97aecc-47f8-4dee-baed-f21e6a69da12","type":"Feature","geometry":{"type":"Point","coordinates":[-95.39559932,29.55263655]},"properties":{"categories":{"primary":"home_health_care","alternate":["home_service","nurse_practitioner"]},"confidence":0.9199122190475464,"websites":["http://www.abundantlylivinghomecare.com/"],"emails":["info@abundantlylivinghomecare.com"],"socials":["https://www.facebook.com/609381398924817"],"phones":["+17139550967"],"brand":{"wikidata":null,"names":{"primary":null,"common":null,"rules":null}},"addresses":[{"freeform":"11200 Broadway St","locality":"Pearland","postcode":"77584-0085","region":"TX","country":"US"}],"names":{"primary":"Abundantly Living Home Care","common":null,"rules":null},"sources":[{"property":"","dataset":"meta","license":"CDLA-Permissive-2.0","record_id":"609381398924817","update_time":"2026-08-10T00:00:00.000Z","confidence":0.2779885232448578,"between":null,"provider":"meta","resource":"meta","version":"2026-08-10"},{"property":"/properties/confidence","dataset":"Overture","license":"CDLA-Permissive-2.0","record_id":null,"update_time":"2026-08-14T19:46:07Z","confidence":null,"between":null,"provider":"overture","resource":"confidence_calculation","version":"2026-08-14"},{"property":"/properties/operating_status","dataset":"Overture-signals","license":"CDLA-Permissive-2.0","record_id":"535c986d-1fbb-4dfb-a42b-cdef86badeba","update_time":"2026-08-10T22:54:24Z","confidence":1.0,"between":null,"provider":"overture","resource":"operating_status_signal","version":"2026-08-10"}],"operating_status":"open","basic_category":"medical_service","taxonomy":{"primary":"home_health_care","hierarchy":["health_care","medical_service","home_health_care"],"alternates":null},"version":10}},{"id":"694e54af-b87b-4e98-86a6-aba31497117c","type":"Feature","geometry":{"type":"Point","coordinates":[-95.39561103,29.55274623]},"properties":{"categories":{"primary":"insurance_agency","alternate":["financial_service"]},"confidence":0.9199122190475464,"websites":["https://agents.allstate.com/roderick-lynch-pearland-tx.html"],"emails":["rlynch@allstate.com"],"socials":["https://www.facebook.com/101119779179022"],"phones":["+18327010172"],"brand":{"wikidata":null,"names":{"primary":"Allstate","common":null,"rules":null}},"addresses":[{"freeform":"11200 W Broadway St Suite 2743","locality":"Pearland","postcode":"77584","region":"TX","country":"US"}],"names":{"primary":"Roderick Lynch","common":null,"rules":null},"sources":[{"property":"","dataset":"meta","license":"CDLA-Permissive-2.0","record_id":"101119779179022","update_time":"2026-08-10T00:00:00.000Z","confidence":0.9134870171546936,"between":null,"provider":"meta","resource":"meta","version":"2026-08-10"},{"property":"/properties/confidence","dataset":"Overture","license":"CDLA-Permissive-2.0","record_id":null,"update_time":"2026-08-14T19:46:07Z","confidence":null,"between":null,"provider":"overture","resource":"confidence_calculation","version":"2026-08-14"},{"property":"/properties/operating_status","dataset":"Overture-signals","license":"CDLA-Permissive-2.0","record_id":"fd2dcb8d-3b1b-49e2-bad0-3b9c4b9b8cd9","update_time":"2026-08-10T22:54:24Z","confidence":1.0,"between":null,"provider":"overture","resource":"operating_status_signal","version":"2026-08-10"}],"operating_status":"open","basic_category":"financial_service","taxonomy":{"primary":"insurance_agency","hierarchy":["services_and_business","financial_service","insurance_agency"],"alternates":null},"version":8}},{"id":"aadd7959-a066-4e6a-8fb7-1a766cfe8584","type":"Feature","geometry":{"type":"Point","coordinates":[-95.39526706,29.55367805]},"properties":{"categories":{"primary":"massage_therapy","alternate":["massage"]},"confidence":0.29581189155578613,"websites":["http://www.magickhandsbodyworks.com/"],"emails":["info@magickhandsbodyworks.com"],"socials":["https://www.facebook.com/314855621699961"],"phones":["+13465247333"],"brand":{"wikidata":null,"names":{"primary":null,"common":null,"rules":null}},"addresses":[{"freeform":"11200 W Broadway St Suite 1410 Studio 30","locality":"Pearland","postcode":"77584","region":"TX","country":"US"}],"names":{"primary":"Magick Hands Bodyworks","common":null,"rules":null},"sources":[{"property":"","dataset":"meta","license":"CDLA-Permissive-2.0","record_id":"314855621699961","update_time":"2026-08-10T00:00:00.000Z","confidence":0.29581189155578613,"between":null,"provider":"meta","resource":"meta","version":"2026-08-10"},{"property":"/properties/confidence","dataset":"Overture","license":"CDLA-Permissive-2.0","record_id":null,"update_time":"2026-08-14T19:46:07Z","confidence":null,"between":null,"provider":"overture","resource":"confidence_calculation","version":"2026-08-14"}],"basic_category":"wellness_service","taxonomy":{"primary":"massage_therapy","hierarchy":["lifestyle_services","wellness_service","massage_therapy"],"alternates":null},"version":1}},{"id":"dc385cd7-02c8-4aeb-a578-d167e007299e","type":"Feature","geometry":{"type":"Point","coordinates":[-95.39526572,29.553672]},"properties":{"categories":{"primary":"personal_injury_law","alternate":["lawyer","legal_services"]},"confidence":0.41206562519073486,"websites":["https://www.reyeslaw.com/pearland/"],"emails":["marketing@reyeslaw.com"],"socials":["https://www.facebook.com/779074738620830"],"phones":["+14692626951"],"brand":{"wikidata":null,"names":{"primary":"Angel Reyes & Associates","common":null,"rules":null}},"addresses":[{"freeform":"11200 W Broadway St 211 Suite 2743","locality":"Pearland","postcode":"77584","region":"TX","country":"US"}],"names":{"primary":"Angel Reyes & Associates","common":null,"rules":null},"sources":[{"property":"","dataset":"meta","license":"CDLA-Permissive-2.0","record_id":"779074738620830","update_time":"2026-08-10T00:00:00.000Z","confidence":0.41206562519073486,"between":null,"provider":"meta","resource":"meta","version":"2026-08-10"},{"property":"/properties/confidence","dataset":"Overture","license":"CDLA-Permissive-2.0","record_id":null,"update_time":"2026-08-14T19:46:07Z","confidence":null,"between":null,"provider":"overture","resource":"confidence_calculation","version":"2026-08-14"}],"basic_category":"attorney_or_law_firm","taxonomy":{"primary":"personal_injury_law","hierarchy":["services_and_business","legal_service","attorney_or_law_firm","personal_injury_law"],"alternates":null},"version":4}},{"id":"0b522093-9c39-4a7b-a644-dcd5eb48d70f","type":"Feature","geometry":{"type":"Point","coordinates":[-95.39526819,29.55367363]},"properties":{"categories":{"primary":"contractor","alternate":["construction_services"]},"confidence":0.2820354104042053,"websites":["https://insulationwizard.com/locations/pearland"],"socials":["https://www.facebook.com/1145142238691804"],"phones":["+18323844552"],"brand":{"wikidata":null,"names":{"primary":null,"common":null,"rules":null}},"addresses":[{"freeform":"11200 W Broadway St suite 1292","locality":"Pearland","postcode":"77584","region":"TX","country":"US"}],"names":{"primary":"ThermalGuard Insulation Pearland.","common":null,"rules":null},"sources":[{"property":"","dataset":"meta","license":"CDLA-Permissive-2.0","record_id":"1145142238691804","update_time":"2026-08-10T00:00:00.000Z","confidence":0.2820354104042053,"between":null,"provider":"meta","resource":"meta","version":"2026-08-10"},{"property":"/properties/confidence","dataset":"Overture","license":"CDLA-Permissive-2.0","record_id":null,"update_time":"2026-08-14T19:46:07Z","confidence":null,"between":null,"provider":"overture","resource":"confidence_calculation","version":"2026-08-14"}],"basic_category":"home_service","taxonomy":{"primary":"contractor","hierarchy":["services_and_business","home_service","contractor"],"alternates":null},"version":1}},{"id":"a2d18517-6917-4975-9420-03f8891a45ac","type":"Feature","geometry":{"type":"Point","coordinates":[-95.39526126,29.5536745]},"properties":{"categories":{"primary":"real_estate_service","alternate":["real_estate_agent"]},"confidence":0.4296622574329376,"websites":["http://www.MyPearlandMLS.com/"],"emails":["info@texashomebuy.net"],"socials":["https://www.facebook.com/207854562587325"],"phones":["+13465698518"],"brand":{"wikidata":null,"names":{"primary":null,"common":null,"rules":null}},"addresses":[{"freeform":"11200 W Broadway St","locality":"Pearland","postcode":"77584","region":"TX","country":"US"}],"names":{"primary":"pearlandairductvents.","common":null,"rules":null},"sources":[{"property":"","dataset":"meta","license":"CDLA-Permissive-2.0","record_id":"207854562587325","update_time":"2026-08-10T00:00:00.000Z","confidence":0.4296622574329376,"between":null,"provider":"meta","resource":"meta","version":"2026-08-10"},{"property":"/properties/confidence","dataset":"Overture","license":"CDLA-Permissive-2.0","record_id":null,"update_time":"2026-08-14T19:46:07Z","confidence":null,"between":null,"provider":"overture","resource":"confidence_calculation","version":"2026-08-14"}],"basic_category":"real_estate_service","taxonomy":{"primary":"real_estate_service","hierarchy":["services_and_business","real_estate_service"],"alternates":null},"version":1}},{"id":"d7f818b1-6ce4-46e0-8ca1-72c792a0a378","type":"Feature","geometry":{"type":"Point","coordinates":[-95.39530997,29.55321479]},"properties":{"categories":{"primary":"medical_center","alternate":["medical_service_organizations","hospital"]},"confidence":0.9902192950248718,"socials":["https://www.facebook.com/108432711536684"],"phones":["+13463789445"],"brand":{"wikidata":null,"names":{"primary":"HCA Houston healthcare kingwood","common":null,"rules":null}},"addresses":[{"freeform":"11200 Broadway St Bldg. 200","locality":"Pearland","postcode":"77584","region":"TX","country":"US"}],"names":{"primary":"HCA Healthcare Center for Clinical Advancement","common":null,"rules":null},"sources":[{"property":"","dataset":"meta","license":"CDLA-Permissive-2.0","record_id":"108432711536684","update_time":"2026-08-10T00:00:00.000Z","confidence":0.8827365040779114,"between":null,"provider":"meta","resource":"meta","version":"2026-08-10"},{"property":"/properties/confidence","dataset":"Overture","license":"CDLA-Permissive-2.0","record_id":null,"update_time":"2026-08-14T19:46:07Z","confidence":null,"between":null,"provider":"overture","resource":"confidence_calculation","version":"2026-08-14"},{"property":"/properties/operating_status","dataset":"Overture-signals","license":"CDLA-Permissive-2.0","record_id":"2c33f398-630a-4f6e-92fd-a3bd63d2c09e","update_time":"2026-08-10T22:54:24Z","confidence":1.0,"between":null,"provider":"overture","resource":"operating_status_signal","version":"2026-08-10"}],"operating_status":"open","basic_category":"outpatient_care_facility","taxonomy":{"primary":"outpatient_care_facility","hierarchy":["health_care","outpatient_care_facility"],"alternates":null},"version":9}},{"id":"6459a4c5-d55e-46cd-9ea7-d8d747c2884f","type":"Feature","geometry":{"type":"Point","coordinates":[-95.395422,29.552729]},"properties":{"categories":{"primary":"hair_salon","alternate":["beauty_and_spa","retail"]},"confidence":0.85,"websites":["http://www.regissalons.com/salondetail/default.asp?salonid=43023"],"phones":["7134362994"],"addresses":[{"freeform":"11200 Broadway Ste 150, Pearland Town Center","locality":"Pearland","postcode":"77584","region":"TX","country":"US"}],"names":{"primary":"Regis Salon","common":null,"rules":null},"sources":[{"property":"","dataset":"Microsoft","license":"CDLA-Permissive-2.0","record_id":"1688849861564897","update_time":"2016-07-08T23:25:47.840Z","confidence":0.85,"between":null,"provider":"microsoft","resource":"microsoft","version":"2025-10-20"},{"property":"/properties/confidence","dataset":"Overture","license":"CDLA-Permissive-2.0","record_id":null,"update_time":"2026-08-14T19:46:07Z","confidence":null,"between":null,"provider":"overture","resource":"confidence_calculation","version":"2026-08-14"}],"basic_category":"personal_or_beauty_service","taxonomy":{"primary":"hair_salon","hierarchy":["lifestyle_services","personal_or_beauty_service","hair_salon"],"alternates":null},"version":7}},{"id":"e86323cf-18af-4d47-9f19-1e04fdcf3be3","type":"Feature","geometry":{"type":"Point","coordinates":[-95.39546922,29.55274261]},"properties":{"categories":{"primary":"clothing_store","alternate":["shoe_store","gift_shop"]},"confidence":0.8023709058761597,"websites":["https://www.instagram.com/space_citycollective/"],"emails":["spacecitycollective713@gmail.com"],"socials":["https://www.facebook.com/101241594955178"],"phones":["+13462939162"],"brand":{"wikidata":null,"names":{"primary":null,"common":null,"rules":null}},"addresses":[{"freeform":"11200 Broadway St","locality":"Pearland","postcode":"77584","region":"TX","country":"US"}],"names":{"primary":"Space City Collective","common":null,"rules":null},"sources":[{"property":"","dataset":"meta","license":"CDLA-Permissive-2.0","record_id":"101241594955178","update_time":"2026-08-10T00:00:00.000Z","confidence":0.8023709058761597,"between":null,"provider":"meta","resource":"meta","version":"2026-08-10"},{"property":"/properties/confidence","dataset":"Overture","license":"CDLA-Permissive-2.0","record_id":null,"update_time":"2026-08-14T19:46:07Z","confidence":null,"between":null,"provider":"overture","resource":"confidence_calculation","version":"2026-08-14"},{"property":"/properties/operating_status","dataset":"Overture-signals","license":"CDLA-Permissive-2.0","record_id":"9fc11d89-96a5-470d-be55-11f040533dbb","update_time":"2026-08-10T22:54:24Z","confidence":1.0,"between":null,"provider":"overture","resource":"operating_status_signal","version":"2026-08-10"}],"operating_status":"open","basic_category":"fashion_and_apparel_store","taxonomy":{"primary":"clothing_store","hierarchy":["shopping","fashion_and_apparel_store","clothing_store"],"alternates":null},"version":2}},{"id":"794fd734-2ede-4ab5-8ad7-629e663d9d8b","type":"Feature","geometry":{"type":"Point","coordinates":[-95.39540316,29.55274778]},"properties":{"categories":{"primary":"hair_salon","alternate":["barber","beauty_salon"]},"confidence":0.9199122190475464,"websites":["https://www.sharkeyscutsforkidspearland.com/"],"emails":["pearland@sharkeyscutsforkids.com"],"socials":["https://www.facebook.com/110345972064804"],"phones":["+12817601662"],"brand":{"wikidata":null,"names":{"primary":null,"common":null,"rules":null}},"addresses":[{"freeform":"11200 Broadway St #150","locality":"Pearland","postcode":"77584","region":"TX","country":"US"}],"names":{"primary":"Sharkey's Cuts for Kids - Pearland, TX","common":null,"rules":null},"sources":[{"property":"","dataset":"meta","license":"CDLA-Permissive-2.0","record_id":"110345972064804","update_time":"2026-08-10T00:00:00.000Z","confidence":0.9029946327209473,"between":null,"provider":"meta","resource":"meta","version":"2026-08-10"},{"property":"/properties/confidence","dataset":"Overture","license":"CDLA-Permissive-2.0","record_id":null,"update_time":"2026-08-14T19:46:07Z","confidence":null,"between":null,"provider":"overture","resource":"confidence_calculation","version":"2026-08-14"},{"property":"/properties/operating_status","dataset":"Overture-signals","license":"CDLA-Permissive-2.0","record_id":"5963dbed-74e9-42eb-9aaf-771c2f04d8c7","update_time":"2026-08-10T22:54:24Z","confidence":1.0,"between":null,"provider":"overture","resource":"operating_status_signal","version":"2026-08-10"}],"operating_status":"open","basic_category":"personal_or_beauty_service","taxonomy":{"primary":"hair_salon","hierarchy":["lifestyle_services","personal_or_beauty_service","hair_salon"],"alternates":null},"version":11}},{"id":"ceacfa73-f466-4033-93a8-cef002be4c54","type":"Feature","geometry":{"type":"Point","coordinates":[-95.39533222,29.55267015]},"properties":{"categories":{"primary":"jewelry_store","alternate":["fashion_accessories_store","cosmetic_and_beauty_supplies"]},"confidence":0.9999476117551327,"websites":["https://www.claires.com/us/"],"emails":["customerservice@claires.com"],"socials":["https://www.facebook.com/520582395073326"],"phones":["+17134365512"],"brand":{"wikidata":null,"names":{"primary":"Claire's","common":null,"rules":null}},"addresses":[{"freeform":"11200 Broadway St #160","locality":"Pearland","postcode":"77584","region":"TX","country":"US"}],"names":{"primary":"Claire's","common":null,"rules":null},"sources":[{"property":"","dataset":"meta","license":"CDLA-Permissive-2.0","record_id":"520582395073326","update_time":"2026-08-10T00:00:00.000Z","confidence":0.992407500743866,"between":null,"provider":"meta","resource":"meta","version":"2026-08-10"},{"property":"/properties/confidence","dataset":"Overture","license":"CDLA-Permissive-2.0","record_id":null,"update_time":"2026-08-14T19:46:07Z","confidence":null,"between":null,"provider":"overture","resource":"confidence_calculation","version":"2026-08-14"},{"property":"/properties/operating_status","dataset":"Overture-signals","license":"CDLA-Permissive-2.0","record_id":"795222f6-2465-4f31-bd02-4e79dc2322ed","update_time":"2026-08-10T22:54:24Z","confidence":1.0,"between":null,"provider":"overture","resource":"operating_status_signal","version":"2026-08-10"}],"operating_status":"open","basic_category":"fashion_and_apparel_store","taxonomy":{"primary":"jewelry_store","hierarchy":["shopping","fashion_and_apparel_store","jewelry_store"],"alternates":null},"version":11}},{"id":"8bf399bb-d19c-42cb-afb4-23b67403bce0","type":"Feature","geometry":{"type":"Point","coordinates":[-95.395284,29.552704]},"properties":{"categories":{"primary":"hat_shop","alternate":null},"confidence":1.0,"websites":["https://www.lids.com/stores","https://www.lids.com/store/lids-pearland-town-center/sd-17225871+z-9183605-358798327"],"socials":["https://www.facebook.com/Lids","https://www.instagram.com/lids/","https://twitter.com/lids","https://www.youtube.com/@lids"],"phones":["+17133401360","+18778337397"],"addresses":[{"freeform":"11200 Broadway Suite 170","locality":"Pearland","postcode":"77584","region":"TX","country":"US"}],"names":{"primary":"Lids","common":null,"rules":null},"sources":[{"property":"","dataset":"DAC","license":"CDLA-Permissive-2.0","record_id":"overture:places:place:9001027543","update_time":"2026-08-11T20:47:18.614Z","confidence":1.0,"between":null,"provider":"dac","resource":"dac","version":"2026-08-10"},{"property":"/properties/confidence","dataset":"Overture","license":"CDLA-Permissive-2.0","record_id":null,"update_time":"2026-08-14T19:46:07Z","confidence":null,"between":null,"provider":"overture","resource":"confidence_calculation","version":"2026-08-14"},{"property":"/properties/operating_status","dataset":"Overture-signals","license":"CDLA-Permissive-2.0","record_id":"af4d08b4-cd51-4667-8c1f-6182be701e34","update_time":"2026-08-10T22:54:24Z","confidence":1.0,"between":null,"provider":"overture","resource":"operating_status_signal","version":"2026-08-10"}],"operating_status":"open","basic_category":"fashion_and_apparel_store","taxonomy":{"primary":"hat_store","hierarchy":["shopping","fashion_and_apparel_store","fashion_accessories_store","hat_store"],"alternates":null},"version":10}},{"id":"0abebcf8-4d6d-4ec2-9ffd-a7fb5577d437","type":"Feature","geometry":{"type":"Point","coordinates":[-95.39520576,29.55265997]},"properties":{"categories":{"primary":"clothing_store","alternate":["fashion","shopping"]},"confidence":0.9902192950248718,"websites":["http://www.hottopic.com"],"emails":["ht_online@hottopic.com"],"socials":["https://www.facebook.com/282775155488136"],"phones":["+17133400798"],"brand":{"wikidata":null,"names":{"primary":"Hot Topic","common":null,"rules":null}},"addresses":[{"freeform":"11200 Broadway, Ste. 180","locality":"Pearland","postcode":"77584","region":"TX","country":"US"}],"names":{"primary":"Hot Topic","common":null,"rules":null},"sources":[{"property":"","dataset":"meta","license":"CDLA-Permissive-2.0","record_id":"282775155488136","update_time":"2026-08-10T00:00:00.000Z","confidence":0.9517090320587158,"between":null,"provider":"meta","resource":"meta","version":"2026-08-10"},{"property":"/properties/confidence","dataset":"Overture","license":"CDLA-Permissive-2.0","record_id":null,"update_time":"2026-08-14T19:46:07Z","confidence":null,"between":null,"provider":"overture","resource":"confidence_calculation","version":"2026-08-14"},{"property":"/properties/operating_status","dataset":"Overture-signals","license":"CDLA-Permissive-2.0","record_id":"b7668aa6-8031-4304-aaf6-2b307a02db42","update_time":"2026-08-10T22:54:24Z","confidence":1.0,"between":null,"provider":"overture","resource":"operating_status_signal","version":"2026-08-10"}],"operating_status":"open","basic_category":"fashion_and_apparel_store","taxonomy":{"primary":"clothing_store","hierarchy":["shopping","fashion_and_apparel_store","clothing_store"],"alternates":null},"version":10}},{"id":"1d8e9879-8292-438e-9ae3-3a319cfe2bc9","type":"Feature","geometry":{"type":"Point","coordinates":[-95.39507226,29.55292621]},"properties":{"categories":{"primary":"engineering_services","alternate":["professional_services","structural_engineer"]},"confidence":0.6382057070732117,"websites":["http://clients.freese.com"],"socials":["https://www.facebook.com/105413362859038"],"phones":["+18324564700"],"brand":{"wikidata":null,"names":{"primary":"Freese and Nichols, Inc.","common":null,"rules":null}},"addresses":[{"freeform":"11200 Broadway St STE 2320","locality":"Pearland","postcode":"77584","region":"TX","country":"US"}],"names":{"primary":"Freese and Nichols","common":null,"rules":null},"sources":[{"property":"","dataset":"meta","license":"CDLA-Permissive-2.0","record_id":"105413362859038","update_time":"2026-08-10T00:00:00.000Z","confidence":0.6382057070732117,"between":null,"provider":"meta","resource":"meta","version":"2026-08-10"},{"property":"/properties/confidence","dataset":"Overture","license":"CDLA-Permissive-2.0","record_id":null,"update_time":"2026-08-14T19:46:07Z","confidence":null,"between":null,"provider":"overture","resource":"confidence_calculation","version":"2026-08-14"}],"basic_category":"building_or_construction_service","taxonomy":{"primary":"engineering_service","hierarchy":["services_and_business","building_or_construction_service","engineering_service"],"alternates":null},"version":10}},{"id":"ef2be606-9804-47cc-a4b8-dd747a94acfa","type":"Feature","geometry":{"type":"Point","coordinates":[-95.39502673,29.5526588]},"properties":{"categories":{"primary":"shoe_store","alternate":["clothing_store","fashion"]},"confidence":0.9998798130437732,"websites":["https://www.journeys.com/store/journeys-pearland-town-center"],"socials":["https://www.facebook.com/2271015843189572"],"phones":["+17133401428"],"brand":{"wikidata":null,"names":{"primary":"Journeys","common":null,"rules":null}},"addresses":[{"freeform":"11200 Broadway St","locality":"Pearland","postcode":"77584-0085","region":"TX","country":"US"}],"names":{"primary":"Journeys","common":null,"rules":null},"sources":[{"property":"","dataset":"meta","license":"CDLA-Permissive-2.0","record_id":"2271015843189572","update_time":"2026-08-10T00:00:00.000Z","confidence":0.9922584891319275,"between":null,"provider":"meta","resource":"meta","version":"2026-08-10"},{"property":"/properties/confidence","dataset":"Overture","license":"CDLA-Permissive-2.0","record_id":null,"update_time":"2026-08-14T19:46:07Z","confidence":null,"between":null,"provider":"overture","resource":"confidence_calculation","version":"2026-08-14"}],"basic_category":"fashion_and_apparel_store","taxonomy":{"primary":"shoe_store","hierarchy":["shopping","fashion_and_apparel_store","shoe_store"],"alternates":null},"version":8}},{"id":"cbb6573d-bdd6-4622-9368-41c30da63047","type":"Feature","geometry":{"type":"Point","coordinates":[-95.39476186,29.55265601]},"properties":{"categories":{"primary":"clothing_store","alternate":["mens_clothing_store","womens_clothing_store"]},"confidence":0.9199122190475464,"websites":["http://www.aeropostale.com/"],"socials":["https://www.facebook.com/337720616928154"],"phones":["+17133401410"],"brand":{"wikidata":null,"names":{"primary":"Aeropostale","common":null,"rules":null}},"addresses":[{"freeform":"11200 W Broadway St #310","locality":"Pearland","postcode":"77584","region":"TX","country":"US"}],"names":{"primary":"Aropostale","common":null,"rules":null},"sources":[{"property":"","dataset":"meta","license":"CDLA-Permissive-2.0","record_id":"337720616928154","update_time":"2026-08-10T00:00:00.000Z","confidence":0.9905710220336914,"between":null,"provider":"meta","resource":"meta","version":"2026-08-10"},{"property":"/properties/confidence","dataset":"Overture","license":"CDLA-Permissive-2.0","record_id":null,"update_time":"2026-08-14T19:46:07Z","confidence":null,"between":null,"provider":"overture","resource":"confidence_calculation","version":"2026-08-14"},{"property":"/properties/operating_status","dataset":"Overture-signals","license":"CDLA-Permissive-2.0","record_id":"7479e83c-a106-46e1-afe0-4910ac198c57","update_time":"2026-08-10T22:54:24Z","confidence":1.0,"between":null,"provider":"overture","resource":"operating_status_signal","version":"2026-08-10"}],"operating_status":"open","basic_category":"fashion_and_apparel_store","taxonomy":{"primary":"clothing_store","hierarchy":["shopping","fashion_and_apparel_store","clothing_store"],"alternates":null},"version":10}},{"id":"e5859333-8b3c-48b7-8d75-6552a34ed537","type":"Feature","geometry":{"type":"Point","coordinates":[-95.39507,29.55367]},"properties":{"categories":{"primary":"trusts","alternate":null},"confidence":0.5836281180381775,"websites":["https://preeminencepearland.com/"],"emails":["richelleo@preeminencepearland.com"],"socials":["https://www.facebook.com/139264235945812"],"phones":["+17087658987"],"brand":{"wikidata":null,"names":{"primary":null,"common":null,"rules":null}},"addresses":[{"freeform":"11200 Broadway St","locality":"Pearland","postcode":"77584-0085","region":"TX","country":"US"}],"names":{"primary":"Preeminence Financial Services Pearland-Houston Branch","common":null,"rules":null},"sources":[{"property":"","dataset":"meta","license":"CDLA-Permissive-2.0","record_id":"139264235945812","update_time":"2026-08-10T00:00:00.000Z","confidence":0.5836281180381775,"between":null,"provider":"meta","resource":"meta","version":"2026-08-10"},{"property":"/properties/confidence","dataset":"Overture","license":"CDLA-Permissive-2.0","record_id":null,"update_time":"2026-08-14T19:46:07Z","confidence":null,"between":null,"provider":"overture","resource":"confidence_calculation","version":"2026-08-14"}],"basic_category":"financial_service","taxonomy":{"primary":"trusts","hierarchy":["services_and_business","financial_service","trusts"],"alternates":null},"version":1}},{"id":"bda10960-f1bf-4c69-869f-0b99d741df44","type":"Feature","geometry":{"type":"Point","coordinates":[-95.39507,29.55367]},"properties":{"categories":{"primary":"real_estate_agent","alternate":null},"confidence":0.3520834445953369,"websites":["http://www.har.com/bucktadlock"],"emails":["tadlock11@gmail.com"],"socials":["https://www.facebook.com/2351566601796314"],"phones":["+12812223092"],"brand":{"wikidata":null,"names":{"primary":null,"common":null,"rules":null}},"addresses":[{"freeform":"11200 Broadway St","locality":"Pearland","postcode":"77584-0085","region":"TX","country":"US"}],"names":{"primary":"Buck Tadlock - Realtor","common":null,"rules":null},"sources":[{"property":"","dataset":"meta","license":"CDLA-Permissive-2.0","record_id":"2351566601796314","update_time":"2026-08-10T00:00:00.000Z","confidence":0.3520834445953369,"between":null,"provider":"meta","resource":"meta","version":"2026-08-10"},{"property":"/properties/confidence","dataset":"Overture","license":"CDLA-Permissive-2.0","record_id":null,"update_time":"2026-08-14T19:46:07Z","confidence":null,"between":null,"provider":"overture","resource":"confidence_calculation","version":"2026-08-14"}],"basic_category":"real_estate_service","taxonomy":{"primary":"real_estate_agent","hierarchy":["services_and_business","real_estate_service","real_estate_agent"],"alternates":null},"version":1}},{"id":"16aecba0-6fc0-4309-a3d0-57d6b3afeff2","type":"Feature","geometry":{"type":"Point","coordinates":[-95.39507,29.55367]},"properties":{"categories":{"primary":"medical_spa","alternate":null},"confidence":0.4710151255130768,"websites":["http://enjoywellness.online/"],"emails":["nurse@enjoywellness.online"],"socials":["https://www.facebook.com/110487252086602"],"phones":["+12813107965"],"brand":{"wikidata":null,"names":{"primary":null,"common":null,"rules":null}},"addresses":[{"freeform":"11200 Broadway St","locality":"Pearland","postcode":"77584-0085","region":"TX","country":"US"}],"names":{"primary":"Enjoy Wellness","common":null,"rules":null},"sources":[{"property":"","dataset":"meta","license":"CDLA-Permissive-2.0","record_id":"110487252086602","update_time":"2026-08-10T00:00:00.000Z","confidence":0.4710151255130768,"between":null,"provider":"meta","resource":"meta","version":"2026-08-10"},{"property":"/properties/confidence","dataset":"Overture","license":"CDLA-Permissive-2.0","record_id":null,"update_time":"2026-08-14T19:46:07Z","confidence":null,"between":null,"provider":"overture","resource":"confidence_calculation","version":"2026-08-14"}],"basic_category":"wellness_service","taxonomy":{"primary":"medical_spa","hierarchy":["lifestyle_services","wellness_service","spa","medical_spa"],"alternates":null},"version":1}},{"id":"e573d180-cdf5-430c-9471-13eb90b26a41","type":"Feature","geometry":{"type":"Point","coordinates":[-95.3946941,29.55501268]},"properties":{"categories":{"primary":"waxing","alternate":["hair_removal","skin_care"]},"confidence":0.9902192950248718,"websites":["https://locations.waxcenter.com/tx/pearland/pearland-0042.html"],"emails":["mukulesh.shah@waxcenter.com"],"socials":["https://www.facebook.com/605032516232910"],"phones":["+12813726699"],"brand":{"wikidata":null,"names":{"primary":"European Wax Center","common":null,"rules":null}},"addresses":[{"freeform":"11302 W Broadway St Ste 108","locality":"Pearland","postcode":"77584","region":"TX","country":"US"}],"names":{"primary":"European Wax Center","common":null,"rules":null},"sources":[{"property":"","dataset":"meta","license":"CDLA-Permissive-2.0","record_id":"605032516232910","update_time":"2026-08-10T00:00:00.000Z","confidence":0.9955533146858215,"between":null,"provider":"meta","resource":"meta","version":"2026-08-10"},{"property":"/properties/confidence","dataset":"Overture","license":"CDLA-Permissive-2.0","record_id":null,"update_time":"2026-08-14T19:46:07Z","confidence":null,"between":null,"provider":"overture","resource":"confidence_calculation","version":"2026-08-14"},{"property":"/properties/operating_status","dataset":"Overture-signals","license":"CDLA-Permissive-2.0","record_id":"59f9a1c1-c712-4444-9475-b3edfa0ae7f9","update_time":"2026-08-10T22:54:24Z","confidence":1.0,"between":null,"provider":"overture","resource":"operating_status_signal","version":"2026-08-10"}],"operating_status":"open","basic_category":"personal_or_beauty_service","taxonomy":{"primary":"waxing","hierarchy":["lifestyle_services","personal_or_beauty_service","hair_removal","waxing"],"alternates":null},"version":9}},{"id":"e0e34812-fe59-44b0-87f6-d0a28744a7c3","type":"Feature","geometry":{"type":"Point","coordinates":[-95.39470951,29.55520105]},"properties":{"categories":{"primary":"general_dentistry","alternate":["dentist"]},"confidence":0.9902192950248718,"websites":["https://www.lovettdentistrypearland.com"],"emails":["appointment_requests@lovettdental.com"],"socials":["https://www.facebook.com/189570484461187"],"phones":["+12814165844"],"brand":{"wikidata":null,"names":{"primary":"Lovett Dental","common":null,"rules":null}},"addresses":[{"freeform":"11302 Broadway St","locality":"Pearland","postcode":"77584-9792","region":"TX","country":"US"}],"names":{"primary":"Lovett Dental Pearland","common":null,"rules":null},"sources":[{"property":"","dataset":"meta","license":"CDLA-Permissive-2.0","record_id":"189570484461187","update_time":"2026-08-10T00:00:00.000Z","confidence":0.9950335025787354,"between":null,"provider":"meta","resource":"meta","version":"2026-08-10"},{"property":"/properties/confidence","dataset":"Overture","license":"CDLA-Permissive-2.0","record_id":null,"update_time":"2026-08-14T19:46:07Z","confidence":null,"between":null,"provider":"overture","resource":"confidence_calculation","version":"2026-08-14"},{"property":"/properties/operating_status","dataset":"Overture-signals","license":"CDLA-Permissive-2.0","record_id":"4fa30faa-b816-4a72-9224-55a6f6d75dcb","update_time":"2026-08-10T22:54:24Z","confidence":1.0,"between":null,"provider":"overture","resource":"operating_status_signal","version":"2026-08-10"}],"operating_status":"open","basic_category":"dental_clinic","taxonomy":{"primary":"general_dentistry","hierarchy":["health_care","outpatient_care_facility","dental_clinic","general_dentistry"],"alternates":null},"version":7}},{"id":"dc47328c-8476-4daf-85c0-f3397c903f24","type":"Feature","geometry":{"type":"Point","coordinates":[-95.39473824,29.55527751]},"properties":{"categories":{"primary":"italian_restaurant","alternate":["sandwich_shop","restaurant"]},"confidence":0.9902192950248718,"websites":["https://www.mypiada.com/locations/pearland"],"socials":["https://www.facebook.com/696214810250889"],"phones":["+12816974926"],"brand":{"wikidata":null,"names":{"primary":"Piada Italian Street Food","common":null,"rules":null}},"addresses":[{"freeform":"11302 Broadway St","locality":"Pearland","postcode":"77584-9792","region":"TX","country":"US"}],"names":{"primary":"Piada Italian Street Food","common":null,"rules":null},"sources":[{"property":"","dataset":"meta","license":"CDLA-Permissive-2.0","record_id":"696214810250889","update_time":"2026-08-10T00:00:00.000Z","confidence":0.8868821859359741,"between":null,"provider":"meta","resource":"meta","version":"2026-08-10"},{"property":"/properties/confidence","dataset":"Overture","license":"CDLA-Permissive-2.0","record_id":null,"update_time":"2026-08-14T19:46:07Z","confidence":null,"between":null,"provider":"overture","resource":"confidence_calculation","version":"2026-08-14"},{"property":"/properties/operating_status","dataset":"Overture-signals","license":"CDLA-Permissive-2.0","record_id":"15aa1a46-e6d5-4524-afc2-66d325c1457d","update_time":"2026-08-10T22:54:24Z","confidence":1.0,"between":null,"provider":"overture","resource":"operating_status_signal","version":"2026-08-10"}],"operating_status":"open","basic_category":"restaurant","taxonomy":{"primary":"italian_restaurant","hierarchy":["food_and_drink","restaurant","european_restaurant","mediterranean_restaurant","italian_restaurant"],"alternates":null},"version":6}},{"id":"9b7b58a1-2e61-4a32-adb4-c3bbac1159ee","type":"Feature","geometry":{"type":"Point","coordinates":[-95.395043,29.555519]},"properties":{"confidence":0.85,"websites":["http://www.myhitechweb.com/"],"phones":["7132057000"],"addresses":[{"freeform":"11200 Broadway St Ste 2743","locality":"Pearland","postcode":"77584","region":"TX","country":"US"}],"names":{"primary":"HiTech Web","common":null,"rules":null},"sources":[{"property":"","dataset":"Microsoft","license":"CDLA-Permissive-2.0","record_id":"1688849860511681","update_time":"2013-01-27T21:10:11.610Z","confidence":0.85,"between":null,"provider":"microsoft","resource":"microsoft","version":"2025-10-20"},{"property":"/properties/confidence","dataset":"Overture","license":"CDLA-Permissive-2.0","record_id":null,"update_time":"2026-08-14T19:46:07Z","confidence":null,"between":null,"provider":"overture","resource":"confidence_calculation","version":"2026-08-14"}],"version":2}},{"id":"53c04c55-ca92-4101-a18b-7d45e735b68e","type":"Feature","geometry":{"type":"Point","coordinates":[-95.395058,29.555321]},"properties":{"categories":{"primary":"fast_food_restaurant","alternate":null},"confidence":0.8,"websites":["https://www.dairyqueen.com/en-us/locations/tx/pearland/11306-broadway-st/12148"],"brand":{"wikidata":"Q1141226","names":{"primary":"DQ Grill & Chill","common":null,"rules":[]}},"addresses":[{"freeform":"11306 Broadway St","locality":"Pearland","postcode":"77584","region":"TX","country":"US"}],"names":{"primary":"DQ Grill & Chill","common":null,"rules":[]},"sources":[{"property":"","dataset":"AllThePlaces","license":"CC0-1.0","record_id":"NCGmCTsQfyzIDUJfNMGMQKr592g=","update_time":"2026-08-05T15:33:36.000Z","confidence":0.8,"between":null,"provider":"alltheplaces","resource":"alltheplaces","version":"2026-08-05"},{"property":"/properties/confidence","dataset":"Overture","license":"CDLA-Permissive-2.0","record_id":null,"update_time":"2026-08-14T19:46:07Z","confidence":null,"between":null,"provider":"overture","resource":"confidence_calculation","version":"2026-08-14"},{"property":"/properties/operating_status","dataset":"Overture-signals","license":"CDLA-Permissive-2.0","record_id":"d9ea4b2a-b9ec-44e1-91c1-6268e893001d","update_time":"2026-08-10T22:54:24Z","confidence":1.0,"between":null,"provider":"overture","resource":"operating_status_signal","version":"2026-08-10"}],"operating_status":"open","basic_category":"fast_food_restaurant","taxonomy":{"primary":"fast_food_restaurant","hierarchy":["food_and_drink","casual_eatery","fast_food_restaurant"],"alternates":null},"version":4}},{"id":"3c836323-e6e1-4cd4-a999-a606a091e52a","type":"Feature","geometry":{"type":"Point","coordinates":[-95.39508344390082,29.55524106464008]},"properties":{"categories":{"primary":"ice_cream_shop","alternate":null},"confidence":0.9199122190475464,"websites":["http://www.orangejulius.com"],"socials":["https://www.twitter.com/luvorangejulius"],"phones":["(713) 436-8798"],"addresses":[{"freeform":"11306 Broadway St","locality":"Pearland","postcode":"77584","region":"TX","country":"US"}],"names":{"primary":"Orange Julius","common":null,"rules":null},"sources":[{"property":"","dataset":"Foursquare","license":"Apache-2.0","record_id":"508a954cb0b93324a1f0744e","update_time":"2025-11-23T00:00:00.000","confidence":0.77,"between":null,"provider":"foursquare","resource":"foursquare","version":"2026-04-14"},{"property":"/properties/confidence","dataset":"Overture","license":"CDLA-Permissive-2.0","record_id":null,"update_time":"2026-08-14T19:46:07Z","confidence":null,"between":null,"provider":"overture","resource":"confidence_calculation","version":"2026-08-14"},{"property":"/properties/operating_status","dataset":"Overture-signals","license":"CDLA-Permissive-2.0","record_id":"94dc6ab0-7d99-4224-b16b-4520fda449d6","update_time":"2026-08-10T22:54:24Z","confidence":1.0,"between":null,"provider":"overture","resource":"operating_status_signal","version":"2026-08-10"}],"operating_status":"open","basic_category":"casual_eatery","taxonomy":{"primary":"ice_cream_shop","hierarchy":["food_and_drink","casual_eatery","dessert_shop","ice_cream_shop"],"alternates":null},"version":3}},{"id":"bc012f17-9890-4e43-8dc0-1bf572aeaaac","type":"Feature","geometry":{"type":"Point","coordinates":[-95.3951486,29.5551104]},"properties":{"categories":{"primary":"italian_restaurant","alternate":["restaurant"]},"confidence":0.8,"websites":["https://mypiada.com/locations/pearland"],"brand":{"wikidata":"Q7190020","names":{"primary":"Piada Italian Street Food","common":null,"rules":[]}},"addresses":[{"freeform":"11302 Broadway St, Ste 102, Pearland, TX 77584","locality":null,"postcode":"77584","region":"TX","country":"US"}],"names":{"primary":"Pearland","common":null,"rules":[]},"sources":[{"property":"","dataset":"AllThePlaces","license":"CC0-1.0","record_id":"Mi9TOhxY_3My_lHi84lncfNG3JY=","update_time":"2026-08-05T15:33:36.000Z","confidence":0.8,"between":null,"provider":"alltheplaces","resource":"alltheplaces","version":"2026-08-05"},{"property":"/properties/confidence","dataset":"Overture","license":"CDLA-Permissive-2.0","record_id":null,"update_time":"2026-08-14T19:46:07Z","confidence":null,"between":null,"provider":"overture","resource":"confidence_calculation","version":"2026-08-14"}],"basic_category":"restaurant","taxonomy":{"primary":"italian_restaurant","hierarchy":["food_and_drink","restaurant","european_restaurant","mediterranean_restaurant","italian_restaurant"],"alternates":["restaurant"]},"version":5}},{"id":"253e8a23-d951-4f38-b0b3-39be3c4e957e","type":"Feature","geometry":{"type":"Point","coordinates":[-95.39513124,29.55525664]},"properties":{"categories":{"primary":"fast_food_restaurant","alternate":["ice_cream_shop","burger_restaurant"]},"confidence":0.9902192950248718,"websites":["https://www.dairyqueen.com/en-us/locations/tx/pearland/11306-broadway-st/42599/?y_source=1_MjkzMzkwMjAtNTU5LWxvY2F0aW9uLndlYnNpdGU%3D"],"emails":["dairyqueen@piersongrant.com"],"socials":["https://www.facebook.com/388169677864859"],"phones":["+18322305145"],"brand":{"wikidata":null,"names":{"primary":"Dairy Queen","common":null,"rules":null}},"addresses":[{"freeform":"11306 Broadway St","locality":"Pearland","postcode":"77584-9788","region":"TX","country":"US"}],"names":{"primary":"Dairy Queen","common":null,"rules":null},"sources":[{"property":"","dataset":"meta","license":"CDLA-Permissive-2.0","record_id":"388169677864859","update_time":"2026-08-10T00:00:00.000Z","confidence":0.9965071082115173,"between":null,"provider":"meta","resource":"meta","version":"2026-08-10"},{"property":"/properties/confidence","dataset":"Overture","license":"CDLA-Permissive-2.0","record_id":null,"update_time":"2026-08-14T19:46:07Z","confidence":null,"between":null,"provider":"overture","resource":"confidence_calculation","version":"2026-08-14"},{"property":"/properties/operating_status","dataset":"Overture-signals","license":"CDLA-Permissive-2.0","record_id":"3e070fba-a1c3-4e78-a62d-6b65f3e46877","update_time":"2026-08-10T22:54:24Z","confidence":1.0,"between":null,"provider":"overture","resource":"operating_status_signal","version":"2026-08-10"}],"operating_status":"open","basic_category":"fast_food_restaurant","taxonomy":{"primary":"fast_food_restaurant","hierarchy":["food_and_drink","casual_eatery","fast_food_restaurant"],"alternates":null},"version":11}},{"id":"6c42c0c0-dd76-49ed-b448-8cf2e74962fc","type":"Feature","geometry":{"type":"Point","coordinates":[-95.395082,29.555281]},"properties":{"categories":{"primary":"home_cleaning","alternate":null},"confidence":0.85,"websites":["http://carpetcleanerpearlandtx.com/"],"phones":["2817839967"],"addresses":[{"freeform":"11306 Broadway St","locality":"Pearland","postcode":"77584","region":"TX","country":"US"}],"names":{"primary":"Carpet Cleaners Pearland","common":null,"rules":null},"sources":[{"property":"","dataset":"Microsoft","license":"CDLA-Permissive-2.0","record_id":"1407374890686893","update_time":"2025-03-16T08:21:04.900Z","confidence":0.85,"between":null,"provider":"microsoft","resource":"microsoft","version":"2025-10-20"},{"property":"/properties/confidence","dataset":"Overture","license":"CDLA-Permissive-2.0","record_id":null,"update_time":"2026-08-14T19:46:07Z","confidence":null,"between":null,"provider":"overture","resource":"confidence_calculation","version":"2026-08-14"}],"basic_category":"home_service","taxonomy":{"primary":"home_cleaning","hierarchy":["services_and_business","home_service","home_cleaning"],"alternates":null},"version":7}},{"id":"e256fefb-1eb8-4d96-bbfd-c0b7705d05d4","type":"Feature","geometry":{"type":"Point","coordinates":[-95.3954106,29.55524752]},"properties":{"categories":{"primary":"fast_food_restaurant","alternate":["chicken_restaurant","american_restaurant"]},"confidence":0.9999750760912895,"websites":["https://www.popeyes.com/store-locator/store/restaurant_84350"],"socials":["https://www.facebook.com/1690607194579364"],"phones":["+17133401751"],"brand":{"wikidata":null,"names":{"primary":"Popeyes Louisiana Kitchen","common":null,"rules":null}},"addresses":[{"freeform":"11308 Broadway St","locality":"Pearland","postcode":"77584","region":"TX","country":"US"}],"names":{"primary":"Popeyes","common":null,"rules":null},"sources":[{"property":"","dataset":"meta","license":"CDLA-Permissive-2.0","record_id":"1690607194579364","update_time":"2026-08-10T00:00:00.000Z","confidence":0.9963878393173218,"between":null,"provider":"meta","resource":"meta","version":"2026-08-10"},{"property":"/properties/confidence","dataset":"Overture","license":"CDLA-Permissive-2.0","record_id":null,"update_time":"2026-08-14T19:46:07Z","confidence":null,"between":null,"provider":"overture","resource":"confidence_calculation","version":"2026-08-14"},{"property":"/properties/operating_status","dataset":"Overture-signals","license":"CDLA-Permissive-2.0","record_id":"028aba0a-692b-4028-9895-96ba3c7746e6","update_time":"2026-08-10T22:54:24Z","confidence":1.0,"between":null,"provider":"overture","resource":"operating_status_signal","version":"2026-08-10"}],"operating_status":"open","basic_category":"fast_food_restaurant","taxonomy":{"primary":"fast_food_restaurant","hierarchy":["food_and_drink","casual_eatery","fast_food_restaurant"],"alternates":null},"version":4}},{"id":"0952ed29-d116-4b4d-875c-16da69e9699b","type":"Feature","geometry":{"type":"Point","coordinates":[-95.39575692793849,29.55526441537835]},"properties":{"categories":{"primary":"burger_restaurant","alternate":["fast_food_restaurant","american_restaurant"]},"confidence":0.9568569660186768,"websites":["https://burgerking.com/store-locator/store/16519"],"emails":["bk16519@houstonfoodsinc.com"],"socials":["https://www.facebook.com/906165356107548"],"phones":["+17134369407"],"brand":{"wikidata":null,"names":{"primary":"Burger King","common":null,"rules":null}},"addresses":[{"freeform":"11310 W Broadway St","locality":"Pearland","postcode":"77584","region":"TX","country":"US"}],"names":{"primary":"Burger King","common":null,"rules":null},"sources":[{"property":"","dataset":"meta","license":"CDLA-Permissive-2.0","record_id":"906165356107548","update_time":"2026-08-10T00:00:00.000Z","confidence":0.9966925382614136,"between":null,"provider":"meta","resource":"meta","version":"2026-08-10"},{"property":"/properties/confidence","dataset":"Overture","license":"CDLA-Permissive-2.0","record_id":null,"update_time":"2026-08-14T19:46:07Z","confidence":null,"between":null,"provider":"overture","resource":"confidence_calculation","version":"2026-08-14"},{"property":"/properties/operating_status","dataset":"Overture-signals","license":"CDLA-Permissive-2.0","record_id":"cee9fb0f-958f-4714-99ea-cec1d51f2645","update_time":"2026-08-10T22:54:24Z","confidence":1.0,"between":null,"provider":"overture","resource":"operating_status_signal","version":"2026-08-10"}],"operating_status":"open","basic_category":"restaurant","taxonomy":{"primary":"burger_restaurant","hierarchy":["food_and_drink","restaurant","meat_restaurant","burger_restaurant"],"alternates":null},"version":9}},{"id":"5038bc62-858c-4c66-9df5-00a636bf4882","type":"Feature","geometry":{"type":"Point","coordinates":[-95.39626328,29.55266613]},"properties":{"categories":{"primary":"waxing","alternate":["hair_removal","beauty_salon"]},"confidence":0.9199122190475464,"websites":["http://www.waxcenter.com"],"emails":["tinacrawford02@sbcglobal.net"],"socials":["https://www.facebook.com/1687967877959019"],"phones":["+12817855843"],"brand":{"wikidata":null,"names":{"primary":null,"common":null,"rules":null}},"addresses":[{"freeform":"11200 Broadway St Bldg. #1410 Ste.#18","locality":"Pearland","postcode":"77584","region":"TX","country":"US"}],"names":{"primary":"A Time to Wax by Tina","common":null,"rules":null},"sources":[{"property":"","dataset":"meta","license":"CDLA-Permissive-2.0","record_id":"1687967877959019","update_time":"2026-08-10T00:00:00.000Z","confidence":0.4827045798301697,"between":null,"provider":"meta","resource":"meta","version":"2026-08-10"},{"property":"/properties/confidence","dataset":"Overture","license":"CDLA-Permissive-2.0","record_id":null,"update_time":"2026-08-14T19:46:07Z","confidence":null,"between":null,"provider":"overture","resource":"confidence_calculation","version":"2026-08-14"},{"property":"/properties/operating_status","dataset":"Overture-signals","license":"CDLA-Permissive-2.0","record_id":"559527d4-49ed-4f3e-9568-ce5a73e79fd6","update_time":"2026-08-10T22:54:24Z","confidence":1.0,"between":null,"provider":"overture","resource":"operating_status_signal","version":"2026-08-10"}],"operating_status":"open","basic_category":"personal_or_beauty_service","taxonomy":{"primary":"waxing","hierarchy":["lifestyle_services","personal_or_beauty_service","hair_removal","waxing"],"alternates":null},"version":9}},{"id":"ad4beda3-511a-4f2d-8277-063be12c25e5","type":"Feature","geometry":{"type":"Point","coordinates":[-95.39672847,29.55270434]},"properties":{"categories":{"primary":"department_store","alternate":["clothing_store","home_goods_store"]},"confidence":0.9902192950248718,"websites":["https://www.dillards.com/?cm_mmc=social-_-ecom+dillards-_-aboutstore0778-_-null"],"emails":["questions@dillards.com"],"socials":["https://www.facebook.com/242368919126718"],"phones":["+17133401334"],"brand":{"wikidata":null,"names":{"primary":"Dillard's","common":null,"rules":null}},"addresses":[{"freeform":"11200 Broadway St","locality":"Pearland","postcode":"77584","region":"TX","country":"US"}],"names":{"primary":"Dillard's","common":null,"rules":null},"sources":[{"property":"","dataset":"meta","license":"CDLA-Permissive-2.0","record_id":"242368919126718","update_time":"2026-08-10T00:00:00.000Z","confidence":0.9973400235176086,"between":null,"provider":"meta","resource":"meta","version":"2026-08-10"},{"property":"/properties/confidence","dataset":"Overture","license":"CDLA-Permissive-2.0","record_id":null,"update_time":"2026-08-14T19:46:07Z","confidence":null,"between":null,"provider":"overture","resource":"confidence_calculation","version":"2026-08-14"},{"property":"/properties/operating_status","dataset":"Overture-signals","license":"CDLA-Permissive-2.0","record_id":"95f1278b-7618-4cea-a2a9-b0d2f192f780","update_time":"2026-08-10T22:54:24Z","confidence":1.0,"between":null,"provider":"overture","resource":"operating_status_signal","version":"2026-08-10"}],"operating_status":"open","basic_category":"department_store","taxonomy":{"primary":"department_store","hierarchy":["shopping","department_store"],"alternates":null},"version":12}},{"id":"fa5ad056-41a1-45cb-9373-c2a98fa36663","type":"Feature","geometry":{"type":"Point","coordinates":[-95.39673921,29.5527121]},"properties":{"categories":{"primary":"beauty_salon","alternate":["hair_extensions","beauty_and_spa"]},"confidence":0.9199122190475464,"emails":["info@saniquebeauty.com"],"socials":["https://www.facebook.com/100790789598091"],"phones":["+14099205056"],"brand":{"wikidata":null,"names":{"primary":null,"common":null,"rules":null}},"addresses":[{"freeform":"11200 Broadway St 1410 Suite 33","locality":"Pearland","postcode":"77584","region":"TX","country":"US"}],"names":{"primary":"Sanique Beauty","common":null,"rules":null},"sources":[{"property":"","dataset":"meta","license":"CDLA-Permissive-2.0","record_id":"100790789598091","update_time":"2026-08-10T00:00:00.000Z","confidence":0.43816694617271423,"between":null,"provider":"meta","resource":"meta","version":"2026-08-10"},{"property":"/properties/confidence","dataset":"Overture","license":"CDLA-Permissive-2.0","record_id":null,"update_time":"2026-08-14T19:46:07Z","confidence":null,"between":null,"provider":"overture","resource":"confidence_calculation","version":"2026-08-14"},{"property":"/properties/operating_status","dataset":"Overture-signals","license":"CDLA-Permissive-2.0","record_id":"cbbef974-7cb0-4288-a788-de4dc4e0cf63","update_time":"2026-08-10T22:54:24Z","confidence":1.0,"between":null,"provider":"overture","resource":"operating_status_signal","version":"2026-08-10"}],"operating_status":"open","basic_category":"personal_or_beauty_service","taxonomy":{"primary":"beauty_salon","hierarchy":["lifestyle_services","personal_or_beauty_service","beauty_salon"],"alternates":null},"version":10}},{"id":"98fcd27b-10e3-4f14-a07f-80eff74268bf","type":"Feature","geometry":{"type":"Point","coordinates":[-95.39673152,29.55271386]},"properties":{"categories":{"primary":"travel_services","alternate":["tours","travel_company"]},"confidence":0.9199122190475464,"websites":["https://calendly.com/boundless-destinations-/30min"],"emails":["info@boundless-destinations.com"],"socials":["https://www.facebook.com/151025717077808"],"phones":["+17472335526"],"brand":{"wikidata":null,"names":{"primary":null,"common":null,"rules":null}},"addresses":[{"freeform":"11200 Broadway St","locality":"Pearland","postcode":"77584","region":"TX","country":"US"}],"names":{"primary":"Boundless Destinations","common":null,"rules":null},"sources":[{"property":"","dataset":"meta","license":"CDLA-Permissive-2.0","record_id":"151025717077808","update_time":"2026-08-10T00:00:00.000Z","confidence":0.22771969437599182,"between":null,"provider":"meta","resource":"meta","version":"2026-08-10"},{"property":"/properties/confidence","dataset":"Overture","license":"CDLA-Permissive-2.0","record_id":null,"update_time":"2026-08-14T19:46:07Z","confidence":null,"between":null,"provider":"overture","resource":"confidence_calculation","version":"2026-08-14"},{"property":"/properties/operating_status","dataset":"Overture-signals","license":"CDLA-Permissive-2.0","record_id":"23582535-8537-498a-904e-801b1f063c75","update_time":"2026-08-10T22:54:24Z","confidence":1.0,"between":null,"provider":"overture","resource":"operating_status_signal","version":"2026-08-10"}],"operating_status":"open","basic_category":"travel_service","taxonomy":{"primary":"travel_service","hierarchy":["travel_and_transportation","travel_service"],"alternates":null},"version":8}},{"id":"6fb12906-2a73-4117-8d01-d46347df0137","type":"Feature","geometry":{"type":"Point","coordinates":[-95.396722,29.5543]},"properties":{"categories":{"primary":"texmex_restaurant","alternate":["mexican_restaurant","restaurant"]},"confidence":0.41416510939598083,"websites":["http://www.gringostexmex.com/"],"socials":["https://www.facebook.com/132887596875937"],"phones":["+17138820307"],"brand":{"wikidata":null,"names":{"primary":null,"common":null,"rules":null}},"addresses":[{"freeform":"3005 Kirby Dr","locality":"Pearland","postcode":"77584","region":"TX","country":"US"}],"names":{"primary":"Dos Gringos","common":null,"rules":null},"sources":[{"property":"","dataset":"meta","license":"CDLA-Permissive-2.0","record_id":"132887596875937","update_time":"2026-08-10T00:00:00.000Z","confidence":0.41416510939598083,"between":null,"provider":"meta","resource":"meta","version":"2026-08-10"},{"property":"/properties/confidence","dataset":"Overture","license":"CDLA-Permissive-2.0","record_id":null,"update_time":"2026-08-14T19:46:07Z","confidence":null,"between":null,"provider":"overture","resource":"confidence_calculation","version":"2026-08-14"},{"property":"/properties/operating_status","dataset":"Overture-signals","license":"CDLA-Permissive-2.0","record_id":"26cbe11b-7aeb-47fb-9103-064b8b80f078","update_time":"2026-08-10T22:54:24Z","confidence":1.0,"between":null,"provider":"overture","resource":"operating_status_signal","version":"2026-08-10"}],"operating_status":"open","basic_category":"restaurant","taxonomy":{"primary":"texmex_restaurant","hierarchy":["food_and_drink","restaurant","latin_american_restaurant","texmex_restaurant"],"alternates":null},"version":3}},{"id":"cbab911b-3c02-451a-8957-def2429abd61","type":"Feature","geometry":{"type":"Point","coordinates":[-95.396692,29.554338]},"properties":{"categories":{"primary":"hvac_services","alternate":["water_heater_installation_repair"]},"confidence":0.9199122190475464,"websites":["https://sites.google.com/view/hot-water-water-heaters-pearla/home"],"phones":["8324631866"],"addresses":[{"freeform":"3005 Kirby Dr","locality":"Pearland","postcode":"77584","region":"TX","country":"US"}],"names":{"primary":"Hot Water Heaters","common":null,"rules":null},"sources":[{"property":"","dataset":"Microsoft","license":"CDLA-Permissive-2.0","record_id":"1125899910650595","update_time":"2025-01-23T09:40:48.313Z","confidence":0.85,"between":null,"provider":"microsoft","resource":"microsoft","version":"2025-10-20"},{"property":"/properties/confidence","dataset":"Overture","license":"CDLA-Permissive-2.0","record_id":null,"update_time":"2026-08-14T19:46:07Z","confidence":null,"between":null,"provider":"overture","resource":"confidence_calculation","version":"2026-08-14"},{"property":"/properties/operating_status","dataset":"Overture-signals","license":"CDLA-Permissive-2.0","record_id":"4392bc94-5787-4965-9af1-cf6c0004bdff","update_time":"2026-08-10T22:54:24Z","confidence":1.0,"between":null,"provider":"overture","resource":"operating_status_signal","version":"2026-08-10"}],"operating_status":"open","basic_category":"home_service","taxonomy":{"primary":"hvac_service","hierarchy":["services_and_business","home_service","hvac_service"],"alternates":null},"version":6}},{"id":"472bf47c-a63b-47a5-8a3b-a605297d2d40","type":"Feature","geometry":{"type":"Point","coordinates":[-95.39666618,29.55444312]},"properties":{"categories":{"primary":"texmex_restaurant","alternate":["mexican_restaurant","latin_american_restaurant"]},"confidence":0.97111976146698,"websites":["http://www.gringostexmex.com"],"emails":["info@gringostexmex.com"],"socials":["https://www.facebook.com/158186970898108"],"phones":["+17135381000"],"brand":{"wikidata":null,"names":{"primary":"Gringo's \"The Original\"","common":null,"rules":null}},"addresses":[{"freeform":"3005 Kirby Dr","locality":"Pearland","postcode":"77584","region":"TX","country":"US"}],"names":{"primary":"Gringo's Mexican Kitchen","common":null,"rules":null},"sources":[{"property":"","dataset":"meta","license":"CDLA-Permissive-2.0","record_id":"158186970898108","update_time":"2026-08-10T00:00:00.000Z","confidence":0.987171471118927,"between":null,"provider":"meta","resource":"meta","version":"2026-08-10"},{"property":"/properties/confidence","dataset":"Overture","license":"CDLA-Permissive-2.0","record_id":null,"update_time":"2026-08-14T19:46:07Z","confidence":null,"between":null,"provider":"overture","resource":"confidence_calculation","version":"2026-08-14"},{"property":"/properties/operating_status","dataset":"Overture-signals","license":"CDLA-Permissive-2.0","record_id":"c09d84b2-6440-4fef-81b5-a2720e6f1f13","update_time":"2026-08-10T22:54:24Z","confidence":1.0,"between":null,"provider":"overture","resource":"operating_status_signal","version":"2026-08-10"}],"operating_status":"open","basic_category":"restaurant","taxonomy":{"primary":"texmex_restaurant","hierarchy":["food_and_drink","restaurant","latin_american_restaurant","texmex_restaurant"],"alternates":null},"version":9}},{"id":"cfa33c59-1cba-445a-a4f8-b160e013857a","type":"Feature","geometry":{"type":"Point","coordinates":[-95.3964,29.555149]},"properties":{"categories":{"primary":"caribbean_restaurant","alternate":["chicken_restaurant","fast_food_restaurant","latin_american_restaurant","food","restaurant"]},"confidence":0.9199122190475464,"websites":["http://pollotropical.com/"],"phones":["7134360857"],"addresses":[{"freeform":"11400 Broadway St","locality":"Pearland","postcode":"77584","region":"TX","country":"US"}],"names":{"primary":"Pollo Tropical","common":null,"rules":null},"sources":[{"property":"","dataset":"Microsoft","license":"CDLA-Permissive-2.0","record_id":"1125899907326638","update_time":"2017-06-01T15:29:34.880Z","confidence":0.85,"between":null,"provider":"microsoft","resource":"microsoft","version":"2025-10-20"},{"property":"/properties/confidence","dataset":"Overture","license":"CDLA-Permissive-2.0","record_id":null,"update_time":"2026-08-14T19:46:07Z","confidence":null,"between":null,"provider":"overture","resource":"confidence_calculation","version":"2026-08-14"},{"property":"/properties/operating_status","dataset":"Overture-signals","license":"CDLA-Permissive-2.0","record_id":"6cc76136-99fc-4a4a-9091-307931faf1a7","update_time":"2026-08-10T22:54:24Z","confidence":1.0,"between":null,"provider":"overture","resource":"operating_status_signal","version":"2026-08-10"}],"operating_status":"open","basic_category":"restaurant","taxonomy":{"primary":"caribbean_restaurant","hierarchy":["food_and_drink","restaurant","latin_american_restaurant","caribbean_restaurant"],"alternates":null},"version":5}},{"id":"02cde488-27f5-409c-b045-85afae0258da","type":"Feature","geometry":{"type":"Point","coordinates":[-95.39640601555368,29.555171082076132]},"properties":{"categories":{"primary":"diagnostic_services","alternate":null},"confidence":0.9199122190475464,"websites":["https://www.myeyelab.com/locations/pearland-town-center/"],"emails":["customerservice@myeyelab.com"],"socials":["https://www.twitter.com/myeyelab","https://www.facebook.com/326377501380662"],"phones":["(713) 325-6999"],"addresses":[{"freeform":"11400 Broadway St","locality":"Pearland","postcode":"77584","region":"TX","country":"US"}],"names":{"primary":"My Eyelab","common":null,"rules":null},"sources":[{"property":"","dataset":"Foursquare","license":"Apache-2.0","record_id":"5ce6d7f12a7ab6002c1c7bef","update_time":"2022-05-14T00:00:00.000","confidence":0.77,"between":null,"provider":"foursquare","resource":"foursquare","version":"2026-04-14"},{"property":"/properties/confidence","dataset":"Overture","license":"CDLA-Permissive-2.0","record_id":null,"update_time":"2026-08-14T19:46:07Z","confidence":null,"between":null,"provider":"overture","resource":"confidence_calculation","version":"2026-08-14"},{"property":"/properties/operating_status","dataset":"Overture-signals","license":"CDLA-Permissive-2.0","record_id":"b6024a76-6767-4b2d-9814-f3f9f7965af6","update_time":"2026-08-10T22:54:24Z","confidence":1.0,"between":null,"provider":"overture","resource":"operating_status_signal","version":"2026-08-10"}],"operating_status":"open","basic_category":"diagnostics_imaging_or_lab_service","taxonomy":{"primary":"doctors_office","hierarchy":["health_care","outpatient_care_facility","diagnostics_imaging_or_lab_service","doctors_office"],"alternates":null},"version":6}},{"id":"97c0ea47-eaca-4bca-ac16-6f32bcf75170","type":"Feature","geometry":{"type":"Point","coordinates":[-95.39637225,29.55519978]},"properties":{"categories":{"primary":"optometrist","alternate":["eyewear_and_optician"]},"confidence":0.9199122190475464,"websites":["https://www.stantonoptical.com/locations/west-pearland-tx/?utm_source=facebook&utm_medium=organic-social&utm_campaign=Pearland-Town-Center-TX-Local"],"emails":["customerservice@stantonoptical.com"],"socials":["https://www.facebook.com/326377501380662"],"phones":["+12812470883"],"brand":{"wikidata":null,"names":{"primary":"Stanton Optical","common":null,"rules":null}},"addresses":[{"freeform":"11400 Broadway St","locality":"Pearland","postcode":"77584-3376","region":"TX","country":"US"}],"names":{"primary":"Stanton Optical","common":null,"rules":null},"sources":[{"property":"","dataset":"meta","license":"CDLA-Permissive-2.0","record_id":"326377501380662","update_time":"2026-08-10T00:00:00.000Z","confidence":0.9949520826339722,"between":null,"provider":"meta","resource":"meta","version":"2026-08-10"},{"property":"/properties/confidence","dataset":"Overture","license":"CDLA-Permissive-2.0","record_id":null,"update_time":"2026-08-14T19:46:07Z","confidence":null,"between":null,"provider":"overture","resource":"confidence_calculation","version":"2026-08-14"},{"property":"/properties/operating_status","dataset":"Overture-signals","license":"CDLA-Permissive-2.0","record_id":"8090e9de-635c-495b-a9c7-3f8e36550bf2","update_time":"2026-08-10T22:54:24Z","confidence":1.0,"between":null,"provider":"overture","resource":"operating_status_signal","version":"2026-08-10"}],"operating_status":"open","basic_category":"vision_or_eye_care_clinic","taxonomy":{"primary":"optometry","hierarchy":["health_care","outpatient_care_facility","vision_or_eye_care_clinic","optometry"],"alternates":null},"version":9}},{"id":"753ccb5e-b2a0-477c-a4a9-f9bea963b9ec","type":"Feature","geometry":{"type":"Point","coordinates":[-95.3967938,29.55501953]},"properties":{"categories":{"primary":"vitamins_and_supplements","alternate":["health_food_store","specialty_grocery_store"]},"confidence":0.9199122190475464,"websites":["http://www.vitaminshoppe.com/sl/Pearland-428"],"emails":["customercare@vitaminshoppe.com"],"socials":["https://www.facebook.com/881398698659354"],"phones":["+17133401736"],"brand":{"wikidata":null,"names":{"primary":"The Vitamin Shoppe","common":null,"rules":null}},"addresses":[{"freeform":"11414 Broadway St","locality":"Pearland","postcode":"77584-3376","region":"TX","country":"US"}],"names":{"primary":"The Vitamin Shoppe","common":null,"rules":null},"sources":[{"property":"","dataset":"meta","license":"CDLA-Permissive-2.0","record_id":"881398698659354","update_time":"2026-08-10T00:00:00.000Z","confidence":0.9934899806976318,"between":null,"provider":"meta","resource":"meta","version":"2026-08-10"},{"property":"/properties/confidence","dataset":"Overture","license":"CDLA-Permissive-2.0","record_id":null,"update_time":"2026-08-14T19:46:07Z","confidence":null,"between":null,"provider":"overture","resource":"confidence_calculation","version":"2026-08-14"},{"property":"/properties/operating_status","dataset":"Overture-signals","license":"CDLA-Permissive-2.0","record_id":"fd9a32a0-0fa7-4fad-a72c-882463511853","update_time":"2026-08-10T22:54:24Z","confidence":1.0,"between":null,"provider":"overture","resource":"operating_status_signal","version":"2026-08-10"}],"operating_status":"open","basic_category":"food_and_beverage_store","taxonomy":{"primary":"vitamin_and_supplement_store","hierarchy":["shopping","food_and_beverage_store","vitamin_and_supplement_store"],"alternates":null},"version":9}},{"id":"60292889-1d7a-43ac-a51f-973578e7233f","type":"Feature","geometry":{"type":"Point","coordinates":[-95.39703945,29.55517771]},"properties":{"categories":{"primary":"donuts","alternate":["bakery","fast_food_restaurant"]},"confidence":0.9844549894332886,"websites":["http://www.krispykreme.com"],"emails":["kk391@krispykreme.com"],"socials":["https://www.facebook.com/1593167310726612"],"phones":["+18328569767"],"brand":{"wikidata":null,"names":{"primary":"Krispy Kreme Doughnuts","common":null,"rules":null}},"addresses":[{"freeform":"11450 Broadway Street","locality":"Pearland","postcode":"77584","region":"TX","country":"US"}],"names":{"primary":"Krispy Kreme","common":null,"rules":null},"sources":[{"property":"","dataset":"meta","license":"CDLA-Permissive-2.0","record_id":"1593167310726612","update_time":"2026-08-10T00:00:00.000Z","confidence":0.9964630007743835,"between":null,"provider":"meta","resource":"meta","version":"2026-08-10"},{"property":"/properties/confidence","dataset":"Overture","license":"CDLA-Permissive-2.0","record_id":null,"update_time":"2026-08-14T19:46:07Z","confidence":null,"between":null,"provider":"overture","resource":"confidence_calculation","version":"2026-08-14"},{"property":"/properties/operating_status","dataset":"Overture-signals","license":"CDLA-Permissive-2.0","record_id":"546bc06e-3526-4f1b-88d4-8ee05bfb3975","update_time":"2026-08-10T22:54:24Z","confidence":1.0,"between":null,"provider":"overture","resource":"operating_status_signal","version":"2026-08-10"}],"operating_status":"open","basic_category":"casual_eatery","taxonomy":{"primary":"donut_shop","hierarchy":["food_and_drink","casual_eatery","dessert_shop","donut_shop"],"alternates":null},"version":8}},{"id":"085f09cf-40b9-4e40-ad22-69aa80db6620","type":"Feature","geometry":{"type":"Point","coordinates":[-95.39735387,29.55520976]},"properties":{"categories":{"primary":"chiropractor","alternate":["naturopathic_holistic","health_and_medical"]},"confidence":0.9902192950248718,"websites":["https://premierchirotx.com/"],"emails":["drparsons1776@gmail.com"],"socials":["https://www.facebook.com/266504175187"],"phones":["+12817411409"],"brand":{"wikidata":null,"names":{"primary":null,"common":null,"rules":null}},"addresses":[{"freeform":"11470 W Broadway St","locality":"Pearland","postcode":"77584","region":"TX","country":"US"}],"names":{"primary":"Premier Chiropractic","common":null,"rules":null},"sources":[{"property":"","dataset":"meta","license":"CDLA-Permissive-2.0","record_id":"266504175187","update_time":"2026-08-10T00:00:00.000Z","confidence":0.992866039276123,"between":null,"provider":"meta","resource":"meta","version":"2026-08-10"},{"property":"/properties/confidence","dataset":"Overture","license":"CDLA-Permissive-2.0","record_id":null,"update_time":"2026-08-14T19:46:07Z","confidence":null,"between":null,"provider":"overture","resource":"confidence_calculation","version":"2026-08-14"},{"property":"/properties/operating_status","dataset":"Overture-signals","license":"CDLA-Permissive-2.0","record_id":"ab373f92-4ea6-4026-ac25-fa76f994560c","update_time":"2026-08-10T22:54:24Z","confidence":1.0,"between":null,"provider":"overture","resource":"operating_status_signal","version":"2026-08-10"}],"operating_status":"open","basic_category":"complementary_and_alternative_medicine","taxonomy":{"primary":"chiropractic","hierarchy":["health_care","outpatient_care_facility","complementary_and_alternative_medicine","chiropractic"],"alternates":null},"version":10}},{"id":"9c2a5f41-9844-4d9a-ac08-965ed356927d","type":"Feature","geometry":{"type":"Point","coordinates":[-95.397457,29.555144]},"properties":{"categories":{"primary":"shopping","alternate":null},"confidence":0.9199122190475464,"websites":["http://stores.mattressfirm.com/tx/pearland/mattress-stores-pearland-tx-8044.html"],"phones":["7133403093"],"addresses":[{"freeform":"11470 Broadway St Ste 110","locality":"Pearland","postcode":"77584","region":"TX","country":"US"}],"names":{"primary":"Mattress Firm","common":null,"rules":null},"sources":[{"property":"","dataset":"Microsoft","license":"CDLA-Permissive-2.0","record_id":"2251799818547715","update_time":"2016-09-02T18:31:06.190Z","confidence":0.85,"between":null,"provider":"microsoft","resource":"microsoft","version":"2025-10-20"},{"property":"/properties/confidence","dataset":"Overture","license":"CDLA-Permissive-2.0","record_id":null,"update_time":"2026-08-14T19:46:07Z","confidence":null,"between":null,"provider":"overture","resource":"confidence_calculation","version":"2026-08-14"},{"property":"/properties/operating_status","dataset":"Overture-signals","license":"CDLA-Permissive-2.0","record_id":"b1674144-5465-4217-a368-77e6b1cb3cff","update_time":"2026-08-10T22:54:24Z","confidence":1.0,"between":null,"provider":"overture","resource":"operating_status_signal","version":"2026-08-10"}],"operating_status":"open","basic_category":"shopping","taxonomy":{"primary":"shopping","hierarchy":["shopping"],"alternates":null},"version":7}},{"id":"23f068c9-c0d5-4327-b096-103882d4600c","type":"Feature","geometry":{"type":"Point","coordinates":[-95.39744549,29.55520579]},"properties":{"categories":{"primary":"mediterranean_restaurant","alternate":["restaurant","diner"]},"confidence":0.9902192950248718,"websites":["http://cava.com/"],"emails":["hello@cava.com"],"socials":["https://www.facebook.com/111104391587582"],"phones":["+13466991428"],"brand":{"wikidata":null,"names":{"primary":"CAVA","common":null,"rules":null}},"addresses":[{"freeform":"11470 Broadway St","locality":"Pearland","postcode":"77584-3376","region":"TX","country":"US"}],"names":{"primary":"CAVA","common":null,"rules":null},"sources":[{"property":"","dataset":"meta","license":"CDLA-Permissive-2.0","record_id":"111104391587582","update_time":"2026-08-10T00:00:00.000Z","confidence":0.9964333772659302,"between":null,"provider":"meta","resource":"meta","version":"2026-08-10"},{"property":"/properties/confidence","dataset":"Overture","license":"CDLA-Permissive-2.0","record_id":null,"update_time":"2026-08-14T19:46:07Z","confidence":null,"between":null,"provider":"overture","resource":"confidence_calculation","version":"2026-08-14"},{"property":"/properties/operating_status","dataset":"Overture-signals","license":"CDLA-Permissive-2.0","record_id":"3bd81523-3d28-4742-ab1e-a539d41cdcc0","update_time":"2026-08-10T22:54:24Z","confidence":1.0,"between":null,"provider":"overture","resource":"operating_status_signal","version":"2026-08-10"}],"operating_status":"open","basic_category":"restaurant","taxonomy":{"primary":"mediterranean_restaurant","hierarchy":["food_and_drink","restaurant","european_restaurant","mediterranean_restaurant"],"alternates":null},"version":8}},{"id":"988b5a9c-a9cc-44e9-8d8d-f8fa6dfb2c4c","type":"Feature","geometry":{"type":"Point","coordinates":[-95.3974699,29.555077]},"properties":{"categories":{"primary":"pain_management","alternate":null},"confidence":0.55,"websites":["https://mythsvip.com"],"phones":["+12817411409"],"addresses":[{"freeform":"11470 Broadway St Ste 110","locality":"Pearland","postcode":"77584-3376","region":"TX","country":"US"}],"names":{"primary":"Total Health Solutions","common":null,"rules":null},"sources":[{"property":"","dataset":"BrightQuery","license":"CDLA-Permissive-2.0","record_id":"96629336","update_time":"2026-08-13T13:23:42.875Z","confidence":0.55,"between":null,"provider":"brightquery","resource":"brightquery","version":"2026-08-10"},{"property":"/properties/confidence","dataset":"Overture","license":"CDLA-Permissive-2.0","record_id":null,"update_time":"2026-08-14T19:46:07Z","confidence":null,"between":null,"provider":"overture","resource":"confidence_calculation","version":"2026-08-14"}],"operating_status":"open","basic_category":"specialized_health_care","taxonomy":{"primary":"pain_management","hierarchy":["health_care","outpatient_care_facility","specialized_health_care","pain_management"],"alternates":null},"version":1}},{"id":"8f5cd68e-1fe5-48b6-ab2b-f233d3ece3da","type":"Feature","geometry":{"type":"Point","coordinates":[-95.3970184,29.55270233]},"properties":{"categories":{"primary":"hair_salon","alternate":["beauty_salon"]},"confidence":0.9199122190475464,"websites":["https://www.styleseat.com/v/RoyalDreads"],"emails":["royaldreadshtx@gmail.com"],"socials":["https://www.facebook.com/116908628352473"],"phones":["+18326962282"],"brand":{"wikidata":null,"names":{"primary":null,"common":null,"rules":null}},"addresses":[{"freeform":"11200 Broadway St Unit 1410 Suite 16","locality":"Pearland","postcode":"77584","region":"TX","country":"US"}],"names":{"primary":"Royal Dreads by Renee Stylez","common":null,"rules":null},"sources":[{"property":"","dataset":"meta","license":"CDLA-Permissive-2.0","record_id":"116908628352473","update_time":"2026-08-10T00:00:00.000Z","confidence":0.9372928738594055,"between":null,"provider":"meta","resource":"meta","version":"2026-08-10"},{"property":"/properties/confidence","dataset":"Overture","license":"CDLA-Permissive-2.0","record_id":null,"update_time":"2026-08-14T19:46:07Z","confidence":null,"between":null,"provider":"overture","resource":"confidence_calculation","version":"2026-08-14"},{"property":"/properties/operating_status","dataset":"Overture-signals","license":"CDLA-Permissive-2.0","record_id":"71479f8f-5e7a-4045-93f8-a146c098ea4f","update_time":"2026-08-10T22:54:24Z","confidence":1.0,"between":null,"provider":"overture","resource":"operating_status_signal","version":"2026-08-10"}],"operating_status":"open","basic_category":"personal_or_beauty_service","taxonomy":{"primary":"hair_salon","hierarchy":["lifestyle_services","personal_or_beauty_service","hair_salon"],"alternates":null},"version":2}},{"id":"682ac7ce-8261-4c3f-a898-4e47efaeb88f","type":"Feature","geometry":{"type":"Point","coordinates":[-95.3968963623047,29.5527992248535]},"properties":{"categories":{"primary":"garage_door_service","alternate":null},"confidence":0.9199122190475464,"websites":["http://www.garagedoorandsprings.com/"],"phones":["2813053053"],"addresses":[{"freeform":"11200 Broadway St Ste 2743","locality":"Pearland","postcode":"77584","region":"TX","country":"US"}],"names":{"primary":"Garage Door And Springs","common":null,"rules":null},"sources":[{"property":"","dataset":"Microsoft","license":"CDLA-Permissive-2.0","record_id":"844424930474652","update_time":"2013-01-29T02:05:09.750Z","confidence":0.85,"between":null,"provider":"microsoft","resource":"microsoft","version":"2025-10-20"},{"property":"/properties/confidence","dataset":"Overture","license":"CDLA-Permissive-2.0","record_id":null,"update_time":"2026-08-14T19:46:07Z","confidence":null,"between":null,"provider":"overture","resource":"confidence_calculation","version":"2026-08-14"},{"property":"/properties/operating_status","dataset":"Overture-signals","license":"CDLA-Permissive-2.0","record_id":"fc06898e-4644-43b0-b20d-1ac6f3cadb75","update_time":"2026-08-10T22:54:24Z","confidence":1.0,"between":null,"provider":"overture","resource":"operating_status_signal","version":"2026-08-10"}],"operating_status":"open","basic_category":"home_service","taxonomy":{"primary":"garage_door_service","hierarchy":["services_and_business","home_service","garage_door_service"],"alternates":null},"version":5}},{"id":"a72fead4-2a34-4634-a623-b7bdf741c87b","type":"Feature","geometry":{"type":"Point","coordinates":[-95.3969116,29.5529175]},"properties":{"categories":{"primary":"hospice","alternate":null},"confidence":0.95,"websites":["https://www.canaanlandhospicecare.com"],"phones":["14326980722"],"addresses":[{"freeform":"11200 Broadway St  Ste 2743","locality":"Pearland","postcode":"77584-9787","region":"TX","country":"US"}],"names":{"primary":"Canaan Land Hospice Care Llc","common":null,"rules":null},"sources":[{"property":"","dataset":"BrightQuery","license":"CDLA-Permissive-2.0","record_id":"85643956","update_time":"2026-08-13T13:23:42.875Z","confidence":0.95,"between":null,"provider":"brightquery","resource":"brightquery","version":"2026-08-10"},{"property":"/properties/confidence","dataset":"Overture","license":"CDLA-Permissive-2.0","record_id":null,"update_time":"2026-08-14T19:46:07Z","confidence":null,"between":null,"provider":"overture","resource":"confidence_calculation","version":"2026-08-14"}],"operating_status":"open","basic_category":"medical_service","taxonomy":{"primary":"hospice","hierarchy":["health_care","medical_service","hospice"],"alternates":null},"version":1}},{"id":"cf31443f-df49-4fdc-be5d-8ff1588a7eaf","type":"Feature","geometry":{"type":"Point","coordinates":[-95.3969116,29.5529175]},"properties":{"categories":{"primary":"window_treatment_store","alternate":null},"confidence":0.9989823506772518,"websites":["https://www.stoneside.com"],"phones":["12818687262"],"addresses":[{"freeform":"11200 Broadway St  Ste 2743","locality":"Pearland","postcode":"77584-9787","region":"TX","country":"US"}],"names":{"primary":"Stoneside Blinds & Shades Pearland","common":null,"rules":null},"sources":[{"property":"","dataset":"BrightQuery","license":"CDLA-Permissive-2.0","record_id":"98424426","update_time":"2026-08-13T13:23:42.875Z","confidence":0.95,"between":null,"provider":"brightquery","resource":"brightquery","version":"2026-08-10"},{"property":"/properties/confidence","dataset":"Overture","license":"CDLA-Permissive-2.0","record_id":null,"update_time":"2026-08-14T19:46:07Z","confidence":null,"between":null,"provider":"overture","resource":"confidence_calculation","version":"2026-08-14"},{"property":"/properties/operating_status","dataset":"Overture-signals","license":"CDLA-Permissive-2.0","record_id":"b0cfb129-88e8-48a7-869a-c5fd10834d33","update_time":"2026-08-10T22:54:24Z","confidence":1.0,"between":null,"provider":"overture","resource":"operating_status_signal","version":"2026-08-10"}],"operating_status":"open","basic_category":"hardware_home_and_garden_store","taxonomy":{"primary":"window_treatment_store","hierarchy":["shopping","specialty_store","hardware_home_and_garden_store","window_treatment_store"],"alternates":null},"version":2}},{"id":"28298cf7-91b9-4ce2-a2ee-d298f55aabc8","type":"Feature","geometry":{"type":"Point","coordinates":[-95.3969116,29.5529175]},"properties":{"confidence":0.55,"phones":["+18328956435"],"addresses":[{"freeform":"11200 Broadway St Ste 2743","locality":"Pearland","postcode":"77584-9787","region":"TX","country":"US"}],"names":{"primary":"Pearland Center For Couples And Families","common":null,"rules":null},"sources":[{"property":"","dataset":"BrightQuery","license":"CDLA-Permissive-2.0","record_id":"96867031","update_time":"2026-08-13T13:23:42.875Z","confidence":0.55,"between":null,"provider":"brightquery","resource":"brightquery","version":"2026-08-10"},{"property":"/properties/confidence","dataset":"Overture","license":"CDLA-Permissive-2.0","record_id":null,"update_time":"2026-08-14T19:46:07Z","confidence":null,"between":null,"provider":"overture","resource":"confidence_calculation","version":"2026-08-14"}],"operating_status":"open","basic_category":"behavioral_or_mental_health_clinic","version":1}},{"id":"18fc60d7-7f29-40fa-88cf-4715b9622e08","type":"Feature","geometry":{"type":"Point","coordinates":[-95.3969116,29.5529175]},"properties":{"confidence":0.75,"websites":["https://www.magnoliacounselingofpearland.com"],"phones":["12819374139"],"addresses":[{"freeform":"11200 Broadway St  Ste 2743","locality":"Pearland","postcode":"77584-9787","region":"TX","country":"US"}],"names":{"primary":"Magnolia Counseling Of Pearland","common":null,"rules":null},"sources":[{"property":"","dataset":"BrightQuery","license":"CDLA-Permissive-2.0","record_id":"99210262","update_time":"2026-08-13T13:23:42.875Z","confidence":0.75,"between":null,"provider":"brightquery","resource":"brightquery","version":"2026-08-10"},{"property":"/properties/confidence","dataset":"Overture","license":"CDLA-Permissive-2.0","record_id":null,"update_time":"2026-08-14T19:46:07Z","confidence":null,"between":null,"provider":"overture","resource":"confidence_calculation","version":"2026-08-14"}],"operating_status":"open","basic_category":"behavioral_or_mental_health_clinic","version":1}},{"id":"6998f46b-d137-4ba9-bab1-9833a541e96a","type":"Feature","geometry":{"type":"Point","coordinates":[-95.3969116,29.5529175]},"properties":{"categories":{"primary":"health_and_medical","alternate":null},"confidence":0.95,"addresses":[{"freeform":"11200 Broadway St Ste 1430","locality":"Pearland","postcode":"77584-0114","region":"TX","country":"US"}],"names":{"primary":"Ubif 25 Co","common":null,"rules":null},"sources":[{"property":"","dataset":"BrightQuery","license":"CDLA-Permissive-2.0","record_id":"379130412","update_time":"2026-08-13T13:23:42.875Z","confidence":0.95,"between":null,"provider":"brightquery","resource":"brightquery","version":"2026-08-10"},{"property":"/properties/confidence","dataset":"Overture","license":"CDLA-Permissive-2.0","record_id":null,"update_time":"2026-08-14T19:46:07Z","confidence":null,"between":null,"provider":"overture","resource":"confidence_calculation","version":"2026-08-14"}],"operating_status":"permanently_closed","basic_category":"health_care","taxonomy":{"primary":"health_care","hierarchy":["health_care"],"alternates":null},"version":1}},{"id":"8724fc2f-c04d-465a-9df5-3679368eee23","type":"Feature","geometry":{"type":"Point","coordinates":[-95.3969116,29.5529175]},"properties":{"categories":{"primary":"custom_t_shirt_store","alternate":null},"confidence":0.75,"websites":["http://www.kustomindzapparel.com"],"phones":["18326995151"],"addresses":[{"freeform":"11200 Broadway St  Ste 2743","locality":"Pearland","postcode":"77584-9787","region":"TX","country":"US"}],"names":{"primary":"Kustomindz Apparel","common":null,"rules":null},"sources":[{"property":"","dataset":"BrightQuery","license":"CDLA-Permissive-2.0","record_id":"104716939","update_time":"2026-08-13T13:23:42.875Z","confidence":0.75,"between":null,"provider":"brightquery","resource":"brightquery","version":"2026-08-10"},{"property":"/properties/confidence","dataset":"Overture","license":"CDLA-Permissive-2.0","record_id":null,"update_time":"2026-08-14T19:46:07Z","confidence":null,"between":null,"provider":"overture","resource":"confidence_calculation","version":"2026-08-14"},{"property":"/properties/operating_status","dataset":"Overture-signals","license":"CDLA-Permissive-2.0","record_id":"fa1aa2d0-a96d-480a-98d4-09b42a2955e1","update_time":"2026-08-10T22:54:24Z","confidence":1.0,"between":null,"provider":"overture","resource":"operating_status_signal","version":"2026-08-10"}],"operating_status":"open","basic_category":"fashion_and_apparel_store","taxonomy":{"primary":"custom_t_shirt_store","hierarchy":["shopping","fashion_and_apparel_store","clothing_store","t_shirt_store","custom_t_shirt_store"],"alternates":null},"version":1}},{"id":"25afbda9-6798-4973-a014-1b528327f354","type":"Feature","geometry":{"type":"Point","coordinates":[-95.3969116,29.5529175]},"properties":{"categories":{"primary":"eyelash_service","alternate":null},"confidence":0.55,"phones":["+12819072139"],"addresses":[{"freeform":"11200 Broadway St Ste 1410","locality":"Pearland","postcode":"77584-2278","region":"TX","country":"US"}],"names":{"primary":"Blush Lash Bar & Skin Care","common":null,"rules":null},"sources":[{"property":"","dataset":"BrightQuery","license":"CDLA-Permissive-2.0","record_id":"106743149","update_time":"2026-08-13T13:23:42.875Z","confidence":0.55,"between":null,"provider":"brightquery","resource":"brightquery","version":"2026-08-10"},{"property":"/properties/confidence","dataset":"Overture","license":"CDLA-Permissive-2.0","record_id":null,"update_time":"2026-08-14T19:46:07Z","confidence":null,"between":null,"provider":"overture","resource":"confidence_calculation","version":"2026-08-14"}],"operating_status":"open","basic_category":"personal_or_beauty_service","taxonomy":{"primary":"eyelash_service","hierarchy":["lifestyle_services","personal_or_beauty_service","eyelash_service"],"alternates":null},"version":1}},{"id":"d3d8a840-9188-4a60-acf4-3229469574d0","type":"Feature","geometry":{"type":"Point","coordinates":[-95.3969116,29.5529175]},"properties":{"categories":{"primary":"educational_camp","alternate":null},"confidence":0.55,"phones":["+12813772297"],"addresses":[{"freeform":"11200 Broadway St Ste 2743","locality":"Pearland","postcode":"77584-9787","region":"TX","country":"US"}],"names":{"primary":"Little Big Riders","common":null,"rules":null},"sources":[{"property":"","dataset":"BrightQuery","license":"CDLA-Permissive-2.0","record_id":"81821022","update_time":"2026-08-13T13:23:42.875Z","confidence":0.55,"between":null,"provider":"brightquery","resource":"brightquery","version":"2026-08-10"},{"property":"/properties/confidence","dataset":"Overture","license":"CDLA-Permissive-2.0","record_id":null,"update_time":"2026-08-14T19:46:07Z","confidence":null,"between":null,"provider":"overture","resource":"confidence_calculation","version":"2026-08-14"}],"operating_status":"open","basic_category":"educational_facility","taxonomy":{"primary":"educational_camp","hierarchy":["education","educational_facility","educational_camp"],"alternates":null},"version":1}},{"id":"99a5ce46-3cd7-4197-9948-053155f75974","type":"Feature","geometry":{"type":"Point","coordinates":[-95.3969116,29.5529175]},"properties":{"categories":{"primary":"building_supply_store","alternate":null},"confidence":0.55,"websites":["https://www.texconreadymix.com"],"phones":["+18324272105"],"addresses":[{"freeform":"11200 Broadway St Ste 2743","locality":"Pearland","postcode":"77584-9787","region":"TX","country":"US"}],"names":{"primary":"Texcon Ready Mix","common":null,"rules":null},"sources":[{"property":"","dataset":"BrightQuery","license":"CDLA-Permissive-2.0","record_id":"82926416","update_time":"2026-08-13T13:23:42.875Z","confidence":0.55,"between":null,"provider":"brightquery","resource":"brightquery","version":"2026-08-10"},{"property":"/properties/confidence","dataset":"Overture","license":"CDLA-Permissive-2.0","record_id":null,"update_time":"2026-08-14T19:46:07Z","confidence":null,"between":null,"provider":"overture","resource":"confidence_calculation","version":"2026-08-14"}],"operating_status":"open","basic_category":"hardware_home_and_garden_store","taxonomy":{"primary":"building_supply_store","hierarchy":["shopping","specialty_store","hardware_home_and_garden_store","building_supply_store"],"alternates":null},"version":1}},{"id":"68a323da-9e21-419c-9b67-197e10cc71c4","type":"Feature","geometry":{"type":"Point","coordinates":[-95.3969116,29.5529175]},"properties":{"categories":{"primary":"shoe_store","alternate":null},"confidence":0.9924999999999999,"websites":["https://www.hibbett.com"],"phones":["17134365365"],"addresses":[{"freeform":"11200 Broadway St  Ste 120","locality":"Pearland","postcode":"77584-2196","region":"TX","country":"US"}],"names":{"primary":"City Gear","common":null,"rules":null},"sources":[{"property":"","dataset":"BrightQuery","license":"CDLA-Permissive-2.0","record_id":"86156813","update_time":"2026-08-13T13:23:42.875Z","confidence":0.95,"between":null,"provider":"brightquery","resource":"brightquery","version":"2026-08-10"},{"property":"/properties/confidence","dataset":"Overture","license":"CDLA-Permissive-2.0","record_id":null,"update_time":"2026-08-14T19:46:07Z","confidence":null,"between":null,"provider":"overture","resource":"confidence_calculation","version":"2026-08-14"},{"property":"/properties/operating_status","dataset":"Overture-signals","license":"CDLA-Permissive-2.0","record_id":"97c59e4c-6f11-492e-bf49-5f9cd1f1c7f5","update_time":"2026-08-10T22:54:24Z","confidence":1.0,"between":null,"provider":"overture","resource":"operating_status_signal","version":"2026-08-10"}],"operating_status":"open","basic_category":"fashion_and_apparel_store","taxonomy":{"primary":"shoe_store","hierarchy":["shopping","fashion_and_apparel_store","shoe_store"],"alternates":null},"version":13}},{"id":"1ee287cb-bf33-4558-99e5-ea182b2a2140","type":"Feature","geometry":{"type":"Point","coordinates":[-95.3969116,29.5529175]},"properties":{"categories":{"primary":"pet_breeder","alternate":null},"confidence":0.9199122190475464,"websites":["http://www.presidentialfrenchies.com"],"phones":["17133329773"],"addresses":[{"freeform":"11200 Broadway St  Ste 2743","locality":"Pearland","postcode":"77584-9787","region":"TX","country":"US"}],"names":{"primary":"Presidential Frenchies","common":null,"rules":null},"sources":[{"property":"","dataset":"BrightQuery","license":"CDLA-Permissive-2.0","record_id":"91701926","update_time":"2026-08-13T13:23:42.875Z","confidence":0.75,"between":null,"provider":"brightquery","resource":"brightquery","version":"2026-08-10"},{"property":"/properties/confidence","dataset":"Overture","license":"CDLA-Permissive-2.0","record_id":null,"update_time":"2026-08-14T19:46:07Z","confidence":null,"between":null,"provider":"overture","resource":"confidence_calculation","version":"2026-08-14"},{"property":"/properties/operating_status","dataset":"Overture-signals","license":"CDLA-Permissive-2.0","record_id":"efaea443-f72e-491a-a306-2ac8d732413b","update_time":"2026-08-10T22:54:24Z","confidence":1.0,"between":null,"provider":"overture","resource":"operating_status_signal","version":"2026-08-10"}],"operating_status":"open","basic_category":"animal_or_pet_service","taxonomy":{"primary":"pet_breeder","hierarchy":["lifestyle_services","animal_or_pet_service","pet_breeder"],"alternates":null},"version":8}},{"id":"0d739e1e-2f40-4fc7-93b1-efde9bf17bb8","type":"Feature","geometry":{"type":"Point","coordinates":[-95.3969116,29.5529175]},"properties":{"categories":{"primary":"occupational_medicine","alternate":null},"confidence":0.75,"phones":["17138683433"],"addresses":[{"freeform":"11200 Broadway St  Ste 2743","locality":"Pearland","postcode":"77584-9787","region":"TX","country":"US"}],"names":{"primary":"Eagle Onsite, Llc","common":null,"rules":null},"sources":[{"property":"","dataset":"BrightQuery","license":"CDLA-Permissive-2.0","record_id":"85056290","update_time":"2026-08-13T13:23:42.875Z","confidence":0.75,"between":null,"provider":"brightquery","resource":"brightquery","version":"2026-08-10"},{"property":"/properties/confidence","dataset":"Overture","license":"CDLA-Permissive-2.0","record_id":null,"update_time":"2026-08-14T19:46:07Z","confidence":null,"between":null,"provider":"overture","resource":"confidence_calculation","version":"2026-08-14"}],"operating_status":"open","basic_category":"specialized_health_care","taxonomy":{"primary":"occupational_medicine","hierarchy":["health_care","outpatient_care_facility","specialized_health_care","preventive_medicine","occupational_medicine"],"alternates":null},"version":1}},{"id":"ac74de62-0f26-4263-aad6-8af90457befc","type":"Feature","geometry":{"type":"Point","coordinates":[-95.3969116,29.5529175]},"properties":{"categories":{"primary":"pet_store","alternate":null},"confidence":0.9199122190475464,"websites":["https://amazingpaws.dog"],"phones":["17133329773"],"addresses":[{"freeform":"11200 Broadway St  Ste 2743","locality":"Pearland","postcode":"77584-9787","region":"TX","country":"US"}],"names":{"primary":"Amazing Paws Pet Store","common":null,"rules":null},"sources":[{"property":"","dataset":"BrightQuery","license":"CDLA-Permissive-2.0","record_id":"103105030","update_time":"2026-08-13T13:23:42.875Z","confidence":0.95,"between":null,"provider":"brightquery","resource":"brightquery","version":"2026-08-10"},{"property":"/properties/confidence","dataset":"Overture","license":"CDLA-Permissive-2.0","record_id":null,"update_time":"2026-08-14T19:46:07Z","confidence":null,"between":null,"provider":"overture","resource":"confidence_calculation","version":"2026-08-14"},{"property":"/properties/operating_status","dataset":"Overture-signals","license":"CDLA-Permissive-2.0","record_id":"c0b72c0a-df93-41e6-a56e-fdde70142d2f","update_time":"2026-08-10T22:54:24Z","confidence":1.0,"between":null,"provider":"overture","resource":"operating_status_signal","version":"2026-08-10"}],"operating_status":"open","basic_category":"animal_and_pet_store","taxonomy":{"primary":"pet_store","hierarchy":["shopping","specialty_store","animal_and_pet_store","pet_store"],"alternates":null},"version":7}},{"id":"48f1ff9d-e547-4efd-9afa-bb0fedb82431","type":"Feature","geometry":{"type":"Point","coordinates":[-95.3969116,29.5529175]},"properties":{"categories":{"primary":"sleep_specialist","alternate":null},"confidence":0.65,"websites":["https://www.hirohealth.com"],"phones":["17139554341"],"addresses":[{"freeform":"11200 Broadway St  Ste 2743","locality":"Pearland","postcode":"77584-9787","region":"TX","country":"US"}],"names":{"primary":"Hiro Health","common":null,"rules":null},"sources":[{"property":"","dataset":"BrightQuery","license":"CDLA-Permissive-2.0","record_id":"103422970","update_time":"2026-08-13T13:23:42.875Z","confidence":0.65,"between":null,"provider":"brightquery","resource":"brightquery","version":"2026-08-10"},{"property":"/properties/confidence","dataset":"Overture","license":"CDLA-Permissive-2.0","record_id":null,"update_time":"2026-08-14T19:46:07Z","confidence":null,"between":null,"provider":"overture","resource":"confidence_calculation","version":"2026-08-14"}],"operating_status":"open","basic_category":"specialized_health_care","taxonomy":{"primary":"sleep_medicine","hierarchy":["health_care","outpatient_care_facility","specialized_health_care","pulmonology","sleep_medicine"],"alternates":null},"version":1}},{"id":"3d1cb44b-af37-475f-8936-ba9b1a37aa01","type":"Feature","geometry":{"type":"Point","coordinates":[-95.3969116,29.5529175]},"properties":{"categories":{"primary":"makeup_artist","alternate":null},"confidence":0.55,"websites":["https://www.clarkbeauty.com"],"phones":["+18324297295"],"addresses":[{"freeform":"11200 Broadway St Ste 2743","locality":"Pearland","postcode":"77584-9787","region":"TX","country":"US"}],"names":{"primary":"Clark Beauty","common":null,"rules":null},"sources":[{"property":"","dataset":"BrightQuery","license":"CDLA-Permissive-2.0","record_id":"96553948","update_time":"2026-08-13T13:23:42.875Z","confidence":0.55,"between":null,"provider":"brightquery","resource":"brightquery","version":"2026-08-10"},{"property":"/properties/confidence","dataset":"Overture","license":"CDLA-Permissive-2.0","record_id":null,"update_time":"2026-08-14T19:46:07Z","confidence":null,"between":null,"provider":"overture","resource":"confidence_calculation","version":"2026-08-14"}],"operating_status":"open","basic_category":"personal_or_beauty_service","taxonomy":{"primary":"makeup_artist","hierarchy":["lifestyle_services","personal_or_beauty_service","skin_care_and_makeup","makeup_artist"],"alternates":null},"version":1}},{"id":"6405e76e-e58e-4e1a-b613-5c068c5536d0","type":"Feature","geometry":{"type":"Point","coordinates":[-95.3969116,29.5529175]},"properties":{"categories":{"primary":"window_treatment_store","alternate":null},"confidence":0.9655341997742652,"websites":["https://texasstarshutters.com"],"phones":["18322213490"],"addresses":[{"freeform":"11200 Broadway St  Ste 2743","locality":"Pearland","postcode":"77584-9787","region":"TX","country":"US"}],"names":{"primary":"Texas Star Shutters And Blinds Co.","common":null,"rules":null},"sources":[{"property":"","dataset":"BrightQuery","license":"CDLA-Permissive-2.0","record_id":"86560742","update_time":"2026-08-13T13:23:42.875Z","confidence":0.95,"between":null,"provider":"brightquery","resource":"brightquery","version":"2026-08-10"},{"property":"/properties/confidence","dataset":"Overture","license":"CDLA-Permissive-2.0","record_id":null,"update_time":"2026-08-14T19:46:07Z","confidence":null,"between":null,"provider":"overture","resource":"confidence_calculation","version":"2026-08-14"}],"operating_status":"open","basic_category":"hardware_home_and_garden_store","taxonomy":{"primary":"window_treatment_store","hierarchy":["shopping","specialty_store","hardware_home_and_garden_store","window_treatment_store"],"alternates":null},"version":2}},{"id":"615412b6-b90b-48c7-9634-6a7b874c80ad","type":"Feature","geometry":{"type":"Point","coordinates":[-95.3969116,29.5529175]},"properties":{"categories":{"primary":"home_health_care","alternate":null},"confidence":0.9199122190475464,"websites":["https://www.nursenextdoor.com"],"phones":["12819305119"],"addresses":[{"freeform":"11200 Broadway St  Ste 2743","locality":"Pearland","postcode":"77584-9787","region":"TX","country":"US"}],"names":{"primary":"Nurse Next Door Home Care Services","common":null,"rules":null},"sources":[{"property":"","dataset":"BrightQuery","license":"CDLA-Permissive-2.0","record_id":"87341582","update_time":"2026-08-13T13:23:42.875Z","confidence":0.95,"between":null,"provider":"brightquery","resource":"brightquery","version":"2026-08-10"},{"property":"/properties/confidence","dataset":"Overture","license":"CDLA-Permissive-2.0","record_id":null,"update_time":"2026-08-14T19:46:07Z","confidence":null,"between":null,"provider":"overture","resource":"confidence_calculation","version":"2026-08-14"},{"property":"/properties/operating_status","dataset":"Overture-signals","license":"CDLA-Permissive-2.0","record_id":"75811ea1-650d-41d8-b7e6-f489304e35ad","update_time":"2026-08-10T22:54:24Z","confidence":1.0,"between":null,"provider":"overture","resource":"operating_status_signal","version":"2026-08-10"}],"operating_status":"open","basic_category":"medical_service","taxonomy":{"primary":"home_health_care","hierarchy":["health_care","medical_service","home_health_care"],"alternates":null},"version":8}},{"id":"40e1d59f-4cbc-42eb-8cff-4635d0fdd1bd","type":"Feature","geometry":{"type":"Point","coordinates":[-95.3969116,29.5529175]},"properties":{"categories":{"primary":"health_and_medical","alternate":null},"confidence":0.95,"addresses":[{"freeform":"11200 Broadway St Ste 2743","locality":"Pearland","postcode":"77584-9787","region":"TX","country":"US"}],"names":{"primary":"Omnihealth Management","common":null,"rules":null},"sources":[{"property":"","dataset":"BrightQuery","license":"CDLA-Permissive-2.0","record_id":"385401596","update_time":"2026-08-13T13:23:42.875Z","confidence":0.95,"between":null,"provider":"brightquery","resource":"brightquery","version":"2026-08-10"},{"property":"/properties/confidence","dataset":"Overture","license":"CDLA-Permissive-2.0","record_id":null,"update_time":"2026-08-14T19:46:07Z","confidence":null,"between":null,"provider":"overture","resource":"confidence_calculation","version":"2026-08-14"}],"operating_status":"open","basic_category":"health_care","taxonomy":{"primary":"health_care","hierarchy":["health_care"],"alternates":null},"version":1}},{"id":"7f81fc9b-a851-4485-b42c-fdbe0294b685","type":"Feature","geometry":{"type":"Point","coordinates":[-95.3969116,29.5529175]},"properties":{"categories":{"primary":"cosmetic_and_beauty_supplies","alternate":null},"confidence":0.55,"websites":["https://www.snootygirlhair.com"],"phones":["+17139247015"],"addresses":[{"freeform":"11200 Broadway St Ste 1410","locality":"Pearland","postcode":"77584-2278","region":"TX","country":"US"}],"names":{"primary":"Snooty Girl Hair Studo","common":null,"rules":null},"sources":[{"property":"","dataset":"BrightQuery","license":"CDLA-Permissive-2.0","record_id":"93615407","update_time":"2026-08-13T13:23:42.875Z","confidence":0.55,"between":null,"provider":"brightquery","resource":"brightquery","version":"2026-08-10"},{"property":"/properties/confidence","dataset":"Overture","license":"CDLA-Permissive-2.0","record_id":null,"update_time":"2026-08-14T19:46:07Z","confidence":null,"between":null,"provider":"overture","resource":"confidence_calculation","version":"2026-08-14"}],"operating_status":"open","basic_category":"personal_care_and_beauty_store","taxonomy":{"primary":"beauty_supply_store","hierarchy":["shopping","specialty_store","personal_care_and_beauty_store","beauty_supply_store"],"alternates":null},"version":1}},{"id":"b0fa59ee-53da-403e-befe-c8e0d8885d67","type":"Feature","geometry":{"type":"Point","coordinates":[-95.3969116,29.5529175]},"properties":{"categories":{"primary":"travel_agents","alternate":null},"confidence":0.9199122190475464,"websites":["https://www.yourluxurytravelagent.com"],"phones":["2817451080"],"addresses":[{"freeform":"11200 Broadway St  Ste 2743","locality":"Pearland","postcode":"77584-9787","region":"TX","country":"US"}],"names":{"primary":"Your Luxury Travel Agent","common":null,"rules":null},"sources":[{"property":"","dataset":"BrightQuery","license":"CDLA-Permissive-2.0","record_id":"98664284","update_time":"2026-08-13T13:23:42.875Z","confidence":0.95,"between":null,"provider":"brightquery","resource":"brightquery","version":"2026-08-10"},{"property":"/properties/confidence","dataset":"Overture","license":"CDLA-Permissive-2.0","record_id":null,"update_time":"2026-08-14T19:46:07Z","confidence":null,"between":null,"provider":"overture","resource":"confidence_calculation","version":"2026-08-14"},{"property":"/properties/operating_status","dataset":"Overture-signals","license":"CDLA-Permissive-2.0","record_id":"9f2e1c0e-bdfd-4574-ae74-1be74b267853","update_time":"2026-08-10T22:54:24Z","confidence":1.0,"between":null,"provider":"overture","resource":"operating_status_signal","version":"2026-08-10"}],"operating_status":"open","basic_category":"travel_service","taxonomy":{"primary":"travel_agent","hierarchy":["travel_and_transportation","travel_service","travel_agent"],"alternates":null},"version":8}},{"id":"393fb7ad-9427-4388-9f25-0bb7986adced","type":"Feature","geometry":{"type":"Point","coordinates":[-95.3969116,29.5529175]},"properties":{"categories":{"primary":"psychiatrist","alternate":null},"confidence":0.75,"websites":["https://sunrisechildpsychiatry.org"],"phones":["18324806232"],"addresses":[{"freeform":"11200 Broadway St  Ste 2743","locality":"Pearland","postcode":"77584-9787","region":"TX","country":"US"}],"names":{"primary":"Dr. Edore Onigu-otite, Md. Child And Adolescent Psychiatrist, Sunrise Child Psychiatry Clinic, Pllc","common":null,"rules":null},"sources":[{"property":"","dataset":"BrightQuery","license":"CDLA-Permissive-2.0","record_id":"99615727","update_time":"2026-08-13T13:23:42.875Z","confidence":0.75,"between":null,"provider":"brightquery","resource":"brightquery","version":"2026-08-10"},{"property":"/properties/confidence","dataset":"Overture","license":"CDLA-Permissive-2.0","record_id":null,"update_time":"2026-08-14T19:46:07Z","confidence":null,"between":null,"provider":"overture","resource":"confidence_calculation","version":"2026-08-14"}],"operating_status":"open","basic_category":"behavioral_or_mental_health_clinic","taxonomy":{"primary":"psychiatry","hierarchy":["health_care","outpatient_care_facility","behavioral_or_mental_health_clinic","psychiatry_or_psychology_service","psychiatry"],"alternates":null},"version":1}},{"id":"1f069fb0-d9a7-410f-96bd-9e68dc4ec8ad","type":"Feature","geometry":{"type":"Point","coordinates":[-95.39745786,29.5509612]},"properties":{"categories":{"primary":"tire_dealer_and_repair","alternate":["automotive_repair","automotive_services_and_repair"]},"confidence":0.9902192950248718,"websites":["https://www.goodyear.com/en-us/shops/TX/Pearland/Goodyear-Auto-Service-Pearland-000904226"],"socials":["https://www.facebook.com/114686875305324"],"phones":["+17134368031"],"brand":{"wikidata":null,"names":{"primary":"Goodyear Auto Service","common":null,"rules":null}},"addresses":[{"freeform":"3209 Kirby Dr","locality":"Pearland","postcode":"77584","region":"TX","country":"US"}],"names":{"primary":"Goodyear Auto Service","common":null,"rules":null},"sources":[{"property":"","dataset":"meta","license":"CDLA-Permissive-2.0","record_id":"114686875305324","update_time":"2026-08-10T00:00:00.000Z","confidence":0.9934879541397095,"between":null,"provider":"meta","resource":"meta","version":"2026-08-10"},{"property":"/properties/confidence","dataset":"Overture","license":"CDLA-Permissive-2.0","record_id":null,"update_time":"2026-08-14T19:46:07Z","confidence":null,"between":null,"provider":"overture","resource":"confidence_calculation","version":"2026-08-14"},{"property":"/properties/operating_status","dataset":"Overture-signals","license":"CDLA-Permissive-2.0","record_id":"443e1cda-07f3-48fd-b520-3a674df4c8a6","update_time":"2026-08-10T22:54:24Z","confidence":1.0,"between":null,"provider":"overture","resource":"operating_status_signal","version":"2026-08-10"}],"operating_status":"open","basic_category":"automotive_service","taxonomy":{"primary":"tire_dealer_and_repair","hierarchy":["travel_and_transportation","vehicle_service","automotive_service","automotive_repair","tire_dealer_and_repair"],"alternates":null},"version":9}},{"id":"d9a89365-9fb4-4c23-a86e-a9fa8b6a8cc8","type":"Feature","geometry":{"type":"Point","coordinates":[-95.3963686828769,29.552525874293025]},"properties":{"categories":{"primary":"lawyer","alternate":null},"confidence":0.9199122190475464,"websites":["https://costasnetwork.com"],"emails":["immigration@costas-network.com"],"socials":["https://www.facebook.com/321166561292296"],"phones":["(346) 333-0703"],"addresses":[{"freeform":"11200 Broadway St Ste 2743","locality":"Pearland","postcode":"77584","region":"TX","country":"US"}],"names":{"primary":"The Costas Network Law Center, LLC","common":null,"rules":null},"sources":[{"property":"","dataset":"Foursquare","license":"Apache-2.0","record_id":"5fd24d21f6730313d84b7656","update_time":"2021-02-03T00:00:00.000","confidence":0.77,"between":null,"provider":"foursquare","resource":"foursquare","version":"2026-04-14"},{"property":"/properties/confidence","dataset":"Overture","license":"CDLA-Permissive-2.0","record_id":null,"update_time":"2026-08-14T19:46:07Z","confidence":null,"between":null,"provider":"overture","resource":"confidence_calculation","version":"2026-08-14"},{"property":"/properties/operating_status","dataset":"Overture-signals","license":"CDLA-Permissive-2.0","record_id":"1357b3f5-e499-4cc8-b4ae-3a05ca2a0f42","update_time":"2026-08-10T22:54:24Z","confidence":1.0,"between":null,"provider":"overture","resource":"operating_status_signal","version":"2026-08-10"}],"operating_status":"open","basic_category":"attorney_or_law_firm","taxonomy":{"primary":"attorney_or_law_firm","hierarchy":["services_and_business","legal_service","attorney_or_law_firm"],"alternates":null},"version":5}},{"id":"d1a9066e-6232-4954-8914-e1305d279b69","type":"Feature","geometry":{"type":"Point","coordinates":[-95.396369,29.552526]},"properties":{"confidence":0.4242649972438812,"websites":["https://integratedcounselingandwellness.com/locations/pearland/"],"emails":["julesung@yahoo.com"],"socials":["https://www.facebook.com/288173581266142"],"phones":["+12819374139"],"brand":{"wikidata":null,"names":{"primary":null,"common":null,"rules":null}},"addresses":[{"freeform":"11200 Broadway St","locality":"Pearland","postcode":"77584-0085","region":"TX","country":"US"}],"names":{"primary":"Pearland Integrated Counseling and Wellness","common":null,"rules":null},"sources":[{"property":"","dataset":"meta","license":"CDLA-Permissive-2.0","record_id":"288173581266142","update_time":"2026-08-10T00:00:00.000Z","confidence":0.4242649972438812,"between":null,"provider":"meta","resource":"meta","version":"2026-08-10"},{"property":"/properties/confidence","dataset":"Overture","license":"CDLA-Permissive-2.0","record_id":null,"update_time":"2026-08-14T19:46:07Z","confidence":null,"between":null,"provider":"overture","resource":"confidence_calculation","version":"2026-08-14"}],"basic_category":"behavioral_or_mental_health_clinic","version":2}},{"id":"d5796426-6837-41c0-9f59-9cd85e59bd40","type":"Feature","geometry":{"type":"Point","coordinates":[-95.39588381,29.55234466]},"properties":{"categories":{"primary":"beauty_salon","alternate":["beauty_and_spa"]},"confidence":0.19078794121742249,"websites":["http://beautylosophy.glossgenius.com/"],"emails":["beautylosophy.tx@gmail.com"],"socials":["https://www.facebook.com/147262311813442"],"phones":["+18322880740"],"brand":{"wikidata":null,"names":{"primary":null,"common":null,"rules":null}},"addresses":[{"freeform":"11200 Broadway St #1410","locality":"Pearland","postcode":"77584","region":"TX","country":"US"}],"names":{"primary":"Beautylosophy","common":null,"rules":null},"sources":[{"property":"","dataset":"meta","license":"CDLA-Permissive-2.0","record_id":"147262311813442","update_time":"2026-08-10T00:00:00.000Z","confidence":0.19078794121742249,"between":null,"provider":"meta","resource":"meta","version":"2026-08-10"},{"property":"/properties/confidence","dataset":"Overture","license":"CDLA-Permissive-2.0","record_id":null,"update_time":"2026-08-14T19:46:07Z","confidence":null,"between":null,"provider":"overture","resource":"confidence_calculation","version":"2026-08-14"}],"basic_category":"personal_or_beauty_service","taxonomy":{"primary":"beauty_salon","hierarchy":["lifestyle_services","personal_or_beauty_service","beauty_salon"],"alternates":null},"version":3}},{"id":"f99442fd-cc65-483a-a739-249d280b8830","type":"Feature","geometry":{"type":"Point","coordinates":[-95.39592694,29.5523783]},"properties":{"categories":{"primary":"beauty_salon","alternate":["spas","beauty_and_spa"]},"confidence":0.9902192950248718,"websites":["http://ibrowzplus.com/"],"emails":["ibrowzplus@gmail.com"],"socials":["https://www.facebook.com/1810599459183913"],"phones":["+12818326138"],"brand":{"wikidata":null,"names":{"primary":null,"common":null,"rules":null}},"addresses":[{"freeform":"11200 Broadway St Bldg #1410 Suite #2","locality":"Pearland","postcode":"77584","region":"TX","country":"US"}],"names":{"primary":"iBrowz Plus","common":null,"rules":null},"sources":[{"property":"","dataset":"meta","license":"CDLA-Permissive-2.0","record_id":"1810599459183913","update_time":"2026-08-10T00:00:00.000Z","confidence":0.9576467275619507,"between":null,"provider":"meta","resource":"meta","version":"2026-08-10"},{"property":"/properties/confidence","dataset":"Overture","license":"CDLA-Permissive-2.0","record_id":null,"update_time":"2026-08-14T19:46:07Z","confidence":null,"between":null,"provider":"overture","resource":"confidence_calculation","version":"2026-08-14"},{"property":"/properties/operating_status","dataset":"Overture-signals","license":"CDLA-Permissive-2.0","record_id":"6398d9fe-46be-4034-9e65-238773b714d2","update_time":"2026-08-10T22:54:24Z","confidence":1.0,"between":null,"provider":"overture","resource":"operating_status_signal","version":"2026-08-10"}],"operating_status":"open","basic_category":"personal_or_beauty_service","taxonomy":{"primary":"beauty_salon","hierarchy":["lifestyle_services","personal_or_beauty_service","beauty_salon"],"alternates":null},"version":10}},{"id":"dd2cd176-c6fd-4b96-9290-70054cacbdca","type":"Feature","geometry":{"type":"Point","coordinates":[-95.39592146,29.55241348]},"properties":{"categories":{"primary":"nail_salon","alternate":["beauty_salon","beauty_and_spa"]},"confidence":0.9199122190475464,"websites":["https://mtmnail.com/"],"socials":["https://www.facebook.com/343133172216218"],"phones":["+13468334160"],"brand":{"wikidata":null,"names":{"primary":null,"common":null,"rules":null}},"addresses":[{"freeform":"11200 Broadway St 1410 Suite 1","locality":"Pearland","postcode":"77584","region":"TX","country":"US"}],"names":{"primary":"MTM Nails","common":null,"rules":null},"sources":[{"property":"","dataset":"meta","license":"CDLA-Permissive-2.0","record_id":"343133172216218","update_time":"2026-08-10T00:00:00.000Z","confidence":0.8758352994918823,"between":null,"provider":"meta","resource":"meta","version":"2026-08-10"},{"property":"/properties/confidence","dataset":"Overture","license":"CDLA-Permissive-2.0","record_id":null,"update_time":"2026-08-14T19:46:07Z","confidence":null,"between":null,"provider":"overture","resource":"confidence_calculation","version":"2026-08-14"},{"property":"/properties/operating_status","dataset":"Overture-signals","license":"CDLA-Permissive-2.0","record_id":"55de7adc-1d0a-47e2-b45a-89db75c3a8c2","update_time":"2026-08-10T22:54:24Z","confidence":1.0,"between":null,"provider":"overture","resource":"operating_status_signal","version":"2026-08-10"}],"operating_status":"open","basic_category":"personal_or_beauty_service","taxonomy":{"primary":"nail_salon","hierarchy":["lifestyle_services","personal_or_beauty_service","nail_salon"],"alternates":null},"version":8}},{"id":"f8311d75-4131-4974-805f-36a99424ae51","type":"Feature","geometry":{"type":"Point","coordinates":[-95.39591386914253,29.552284167975095]},"properties":{"confidence":0.85,"websites":["http://www.1kks.com/"],"phones":["2816361341"],"addresses":[{"freeform":"11200 Broadway St Ste 1410","locality":"Pearland","postcode":"77584","region":"TX","country":"US"}],"names":{"primary":"Kinky Kurly Straight Salon, Suite 6","common":null,"rules":null},"sources":[{"property":"","dataset":"Microsoft","license":"CDLA-Permissive-2.0","record_id":"1407374885060088","update_time":"2016-08-12T02:13:38.757Z","confidence":0.85,"between":null,"provider":"microsoft","resource":"microsoft","version":"2025-10-20"},{"property":"/properties/confidence","dataset":"Overture","license":"CDLA-Permissive-2.0","record_id":null,"update_time":"2026-08-14T19:46:07Z","confidence":null,"between":null,"provider":"overture","resource":"confidence_calculation","version":"2026-08-14"}],"version":2}},{"id":"92fb3590-f331-4d47-a0c1-d8c7d15e2898","type":"Feature","geometry":{"type":"Point","coordinates":[-95.39591446,29.55230256]},"properties":{"categories":{"primary":"tattoo_and_piercing","alternate":["beauty_salon"]},"confidence":0.9199122190475464,"socials":["https://www.facebook.com/1088844301144737"],"phones":["+13469021959"],"brand":{"wikidata":null,"names":{"primary":null,"common":null,"rules":null}},"addresses":[{"freeform":"11200 Broadway St 1410 Unit 6","locality":"Pearland","postcode":"77584","region":"TX","country":"US"}],"names":{"primary":"Browzoria","common":null,"rules":null},"sources":[{"property":"","dataset":"meta","license":"CDLA-Permissive-2.0","record_id":"1088844301144737","update_time":"2026-08-10T00:00:00.000Z","confidence":0.3952482044696808,"between":null,"provider":"meta","resource":"meta","version":"2026-08-10"},{"property":"/properties/confidence","dataset":"Overture","license":"CDLA-Permissive-2.0","record_id":null,"update_time":"2026-08-14T19:46:07Z","confidence":null,"between":null,"provider":"overture","resource":"confidence_calculation","version":"2026-08-14"},{"property":"/properties/operating_status","dataset":"Overture-signals","license":"CDLA-Permissive-2.0","record_id":"b483a28a-2bf0-4054-bd93-1a94c3d94d42","update_time":"2026-08-10T22:54:24Z","confidence":1.0,"between":null,"provider":"overture","resource":"operating_status_signal","version":"2026-08-10"}],"operating_status":"open","basic_category":"personal_or_beauty_service","taxonomy":{"primary":"tattoo_and_piercing","hierarchy":["lifestyle_services","personal_or_beauty_service","body_modification","tattoo_and_piercing"],"alternates":null},"version":8}},{"id":"d03ac9a3-5795-42b8-85c4-021924f7220d","type":"Feature","geometry":{"type":"Point","coordinates":[-95.39587205,29.55225842]},"properties":{"categories":{"primary":"hair_salon","alternate":["beauty_salon","beauty_and_spa"]},"confidence":0.9199122190475464,"websites":["https://link.booksy.com/HeathersHaven"],"emails":["heathershaven409@gmail.com"],"socials":["https://www.facebook.com/810471792627685"],"phones":["+18324091076"],"brand":{"wikidata":null,"names":{"primary":null,"common":null,"rules":null}},"addresses":[{"freeform":"11200 Broadway St #1410","locality":"Pearland","postcode":"77584","region":"TX","country":"US"}],"names":{"primary":"Heather's Haven","common":null,"rules":null},"sources":[{"property":"","dataset":"meta","license":"CDLA-Permissive-2.0","record_id":"810471792627685","update_time":"2026-08-10T00:00:00.000Z","confidence":0.9824426174163818,"between":null,"provider":"meta","resource":"meta","version":"2026-08-10"},{"property":"/properties/confidence","dataset":"Overture","license":"CDLA-Permissive-2.0","record_id":null,"update_time":"2026-08-14T19:46:07Z","confidence":null,"between":null,"provider":"overture","resource":"confidence_calculation","version":"2026-08-14"},{"property":"/properties/operating_status","dataset":"Overture-signals","license":"CDLA-Permissive-2.0","record_id":"c03941ae-a5c5-4d6b-b122-2a28e4c6e93e","update_time":"2026-08-10T22:54:24Z","confidence":1.0,"between":null,"provider":"overture","resource":"operating_status_signal","version":"2026-08-10"}],"operating_status":"open","basic_category":"personal_or_beauty_service","taxonomy":{"primary":"hair_salon","hierarchy":["lifestyle_services","personal_or_beauty_service","hair_salon"],"alternates":null},"version":9}},{"id":"663598e4-6132-4dc9-b0b8-64a4d05e2719","type":"Feature","geometry":{"type":"Point","coordinates":[-95.39582393,29.55225783]},"properties":{"categories":{"primary":"barber","alternate":["beauty_salon"]},"confidence":0.9199122190475464,"socials":["https://www.facebook.com/1339840822716092"],"phones":["+13467704664"],"brand":{"wikidata":null,"names":{"primary":null,"common":null,"rules":null}},"addresses":[{"freeform":"11200 Broadway St #1410","locality":"Pearland","postcode":"77584","region":"TX","country":"US"}],"names":{"primary":"Bearded Blendz Barber Shop Pearland","common":null,"rules":null},"sources":[{"property":"","dataset":"meta","license":"CDLA-Permissive-2.0","record_id":"1339840822716092","update_time":"2026-08-10T00:00:00.000Z","confidence":0.8329271674156189,"between":null,"provider":"meta","resource":"meta","version":"2026-08-10"},{"property":"/properties/confidence","dataset":"Overture","license":"CDLA-Permissive-2.0","record_id":null,"update_time":"2026-08-14T19:46:07Z","confidence":null,"between":null,"provider":"overture","resource":"confidence_calculation","version":"2026-08-14"},{"property":"/properties/operating_status","dataset":"Overture-signals","license":"CDLA-Permissive-2.0","record_id":"685574e8-18fc-43fc-b42e-c99143e1e90b","update_time":"2026-08-10T22:54:24Z","confidence":1.0,"between":null,"provider":"overture","resource":"operating_status_signal","version":"2026-08-10"}],"operating_status":"open","basic_category":"personal_or_beauty_service","taxonomy":{"primary":"barber","hierarchy":["lifestyle_services","personal_or_beauty_service","barber"],"alternates":null},"version":8}},{"id":"f7991b80-5658-4d72-8599-fdc05c20a712","type":"Feature","geometry":{"type":"Point","coordinates":[-95.39582017,29.55240941]},"properties":{"categories":{"primary":"hair_salon","alternate":["beauty_salon"]},"confidence":0.9199122190475464,"websites":["http://square.site/book/C82CRW6AKY4JM/ah-siek-beauty-bar-pearland.tx"],"emails":["ahsiekbeautybar@gmail.com"],"socials":["https://www.facebook.com/1302060849818030"],"phones":["+18327033679"],"brand":{"wikidata":null,"names":{"primary":null,"common":null,"rules":null}},"addresses":[{"freeform":"11200 Broadway St Suite 1410, Rm 7","locality":"Pearland","postcode":"77584","region":"TX","country":"US"}],"names":{"primary":"Ah'Siek Beauty Bar","common":null,"rules":null},"sources":[{"property":"","dataset":"meta","license":"CDLA-Permissive-2.0","record_id":"1302060849818030","update_time":"2026-08-10T00:00:00.000Z","confidence":0.9845400452613831,"between":null,"provider":"meta","resource":"meta","version":"2026-08-10"},{"property":"/properties/confidence","dataset":"Overture","license":"CDLA-Permissive-2.0","record_id":null,"update_time":"2026-08-14T19:46:07Z","confidence":null,"between":null,"provider":"overture","resource":"confidence_calculation","version":"2026-08-14"},{"property":"/properties/operating_status","dataset":"Overture-signals","license":"CDLA-Permissive-2.0","record_id":"d060755a-4aaa-4aee-a4c7-5f52577e16a7","update_time":"2026-08-10T22:54:24Z","confidence":1.0,"between":null,"provider":"overture","resource":"operating_status_signal","version":"2026-08-10"}],"operating_status":"open","basic_category":"personal_or_beauty_service","taxonomy":{"primary":"hair_salon","hierarchy":["lifestyle_services","personal_or_beauty_service","hair_salon"],"alternates":null},"version":11}},{"id":"4c7522fa-855b-4d61-b284-12d6bbd4a649","type":"Feature","geometry":{"type":"Point","coordinates":[-95.39584405,29.55240256]},"properties":{"categories":{"primary":"barber","alternate":null},"confidence":0.9199122190475464,"websites":["http://book.thecut.co/slicksbarbershop"],"socials":["https://www.facebook.com/1179667868840411"],"phones":["+18329876498"],"brand":{"wikidata":null,"names":{"primary":null,"common":null,"rules":null}},"addresses":[{"freeform":"11200 Broadway St Suite 1410 room 24","locality":"Pearland","postcode":"77584","region":"TX","country":"US"}],"names":{"primary":"Slick Rob's Barbershop","common":null,"rules":null},"sources":[{"property":"","dataset":"meta","license":"CDLA-Permissive-2.0","record_id":"1179667868840411","update_time":"2026-08-10T00:00:00.000Z","confidence":0.955327033996582,"between":null,"provider":"meta","resource":"meta","version":"2026-08-10"},{"property":"/properties/confidence","dataset":"Overture","license":"CDLA-Permissive-2.0","record_id":null,"update_time":"2026-08-14T19:46:07Z","confidence":null,"between":null,"provider":"overture","resource":"confidence_calculation","version":"2026-08-14"},{"property":"/properties/operating_status","dataset":"Overture-signals","license":"CDLA-Permissive-2.0","record_id":"96ec940c-a802-4522-9ce5-75c682e923ae","update_time":"2026-08-10T22:54:24Z","confidence":1.0,"between":null,"provider":"overture","resource":"operating_status_signal","version":"2026-08-10"}],"operating_status":"open","basic_category":"personal_or_beauty_service","taxonomy":{"primary":"barber","hierarchy":["lifestyle_services","personal_or_beauty_service","barber"],"alternates":null},"version":8}},{"id":"e3edbe72-4ea6-4fe2-9cfa-af78e6329d31","type":"Feature","geometry":{"type":"Point","coordinates":[-95.39586021,29.55238012]},"properties":{"categories":{"primary":"beauty_salon","alternate":["hair_salon","beauty_and_spa"]},"confidence":0.9722161889076233,"websites":["https://salonsbyjc.com/location/texas-pearland-pearland-town-center/"],"emails":["hello@salonsbyjc.com"],"socials":["https://www.facebook.com/880330265363533"],"phones":["+18324302325"],"brand":{"wikidata":null,"names":{"primary":"Salons by JC - Corpus Christi","common":null,"rules":null}},"addresses":[{"freeform":"11200 Broadway St #1410","locality":"Pearland","postcode":"77584","region":"TX","country":"US"}],"names":{"primary":"Salons by JC","common":null,"rules":null},"sources":[{"property":"","dataset":"meta","license":"CDLA-Permissive-2.0","record_id":"880330265363533","update_time":"2026-08-10T00:00:00.000Z","confidence":0.9880853891372681,"between":null,"provider":"meta","resource":"meta","version":"2026-08-10"},{"property":"/properties/confidence","dataset":"Overture","license":"CDLA-Permissive-2.0","record_id":null,"update_time":"2026-08-14T19:46:07Z","confidence":null,"between":null,"provider":"overture","resource":"confidence_calculation","version":"2026-08-14"},{"property":"/properties/operating_status","dataset":"Overture-signals","license":"CDLA-Permissive-2.0","record_id":"6f552e9b-aecc-4f46-bce8-15a6a6be002c","update_time":"2026-08-10T22:54:24Z","confidence":1.0,"between":null,"provider":"overture","resource":"operating_status_signal","version":"2026-08-10"}],"operating_status":"open","basic_category":"personal_or_beauty_service","taxonomy":{"primary":"beauty_salon","hierarchy":["lifestyle_services","personal_or_beauty_service","beauty_salon"],"alternates":null},"version":11}},{"id":"80220e2a-e89c-46eb-844a-0e47dffa22aa","type":"Feature","geometry":{"type":"Point","coordinates":[-95.39576098322868,29.55243349712343]},"properties":{"categories":{"primary":"bankruptcy_law","alternate":null},"confidence":0.9199122190475464,"websites":["http://www.pearlandbankruptcyattorney.com/"],"phones":["2817094744"],"addresses":[{"freeform":"11200 Broadway St Ste 2743","locality":"Pearland","postcode":"77584","region":"TX","country":"US"}],"names":{"primary":"Pearland Bankruptcy Attorney Alex Wathen","common":null,"rules":null},"sources":[{"property":"","dataset":"Microsoft","license":"CDLA-Permissive-2.0","record_id":"281474976982083","update_time":"2015-05-27T17:23:41.987Z","confidence":0.85,"between":null,"provider":"microsoft","resource":"microsoft","version":"2025-10-20"},{"property":"/properties/confidence","dataset":"Overture","license":"CDLA-Permissive-2.0","record_id":null,"update_time":"2026-08-14T19:46:07Z","confidence":null,"between":null,"provider":"overture","resource":"confidence_calculation","version":"2026-08-14"},{"property":"/properties/operating_status","dataset":"Overture-signals","license":"CDLA-Permissive-2.0","record_id":"ff4e0d7a-3e31-4fc7-a29a-0181e6968362","update_time":"2026-08-10T22:54:24Z","confidence":1.0,"between":null,"provider":"overture","resource":"operating_status_signal","version":"2026-08-10"}],"operating_status":"open","basic_category":"attorney_or_law_firm","taxonomy":{"primary":"bankruptcy_law","hierarchy":["services_and_business","legal_service","attorney_or_law_firm","bankruptcy_law"],"alternates":null},"version":6}},{"id":"1ff5847b-b149-49b7-bab9-b981f3c840c3","type":"Feature","geometry":{"type":"Point","coordinates":[-95.39577582,29.55241138]},"properties":{"categories":{"primary":"massage_therapy","alternate":["massage_therapy"]},"confidence":0.9199122190475464,"websites":["http://Dc-Recovery.com/"],"emails":["mdecastro562@gmail.com"],"socials":["https://www.facebook.com/2006076322805059"],"phones":["+17139096652"],"brand":{"wikidata":null,"names":{"primary":null,"common":null,"rules":null}},"addresses":[{"freeform":"11200 Broadway St #1410","locality":"Pearland","postcode":"77584","region":"TX","country":"US"}],"names":{"primary":"DC Recovery","common":null,"rules":null},"sources":[{"property":"","dataset":"meta","license":"CDLA-Permissive-2.0","record_id":"2006076322805059","update_time":"2026-08-10T00:00:00.000Z","confidence":0.5503803491592407,"between":null,"provider":"meta","resource":"meta","version":"2026-08-10"},{"property":"/properties/confidence","dataset":"Overture","license":"CDLA-Permissive-2.0","record_id":null,"update_time":"2026-08-14T19:46:07Z","confidence":null,"between":null,"provider":"overture","resource":"confidence_calculation","version":"2026-08-14"},{"property":"/properties/operating_status","dataset":"Overture-signals","license":"CDLA-Permissive-2.0","record_id":"b6788cb5-df6a-4dbc-900b-47fae2d1efbf","update_time":"2026-08-10T22:54:24Z","confidence":1.0,"between":null,"provider":"overture","resource":"operating_status_signal","version":"2026-08-10"}],"operating_status":"open","basic_category":"wellness_service","taxonomy":{"primary":"massage_therapy","hierarchy":["lifestyle_services","wellness_service","massage_therapy"],"alternates":null},"version":9}},{"id":"75644193-5eec-4a84-9c9f-f65a2d63c966","type":"Feature","geometry":{"type":"Point","coordinates":[-95.396377700704,29.548206413353]},"properties":{"categories":{"primary":"church_cathedral","alternate":null},"confidence":0.7574926018714905,"socials":["https://www.facebook.com/564645820623836"],"brand":{"wikidata":null,"names":{"primary":null,"common":null,"rules":null}},"addresses":[{"freeform":null,"locality":"Pearland","postcode":null,"region":"TX","country":"US"}],"names":{"primary":"Saint Helen's Catholic Church","common":null,"rules":null},"sources":[{"property":"","dataset":"meta","license":"CDLA-Permissive-2.0","record_id":"564645820623836","update_time":"2026-08-10T00:00:00.000Z","confidence":0.7574926018714905,"between":null,"provider":"meta","resource":"meta","version":"2026-08-10"},{"property":"/properties/confidence","dataset":"Overture","license":"CDLA-Permissive-2.0","record_id":null,"update_time":"2026-08-14T19:46:07Z","confidence":null,"between":null,"provider":"overture","resource":"confidence_calculation","version":"2026-08-14"},{"property":"/properties/operating_status","dataset":"Overture-signals","license":"CDLA-Permissive-2.0","record_id":"c528472f-5894-47d8-948e-c8f9eb970c17","update_time":"2026-07-13T15:52:52Z","confidence":1.0,"between":null,"provider":"overture","resource":"operating_status_signal","version":"2026-07-13"}],"operating_status":"open","basic_category":"christian_place_of_worship","taxonomy":{"primary":"christian_place_of_worship","hierarchy":["cultural_and_historic","place_of_worship","christian_place_of_worship"],"alternates":null},"version":7}},{"id":"29d45ba0-f012-4bd8-bcd9-c3dceaecfe59","type":"Feature","geometry":{"type":"Point","coordinates":[-95.3995152,29.5503767]},"properties":{"categories":{"primary":"self_storage_facility","alternate":null},"confidence":0.9902192950248718,"websites":["https://www.cubesmart.com/texas-self-storage/pearland-self-storage/4936.html?utm_source=bing&utm_medium=places&utm_campaign=places-listings"],"phones":["2819467920"],"addresses":[{"freeform":"3200 Kirby Dr","locality":"Pearland","postcode":"77584","region":"TX","country":"US"}],"names":{"primary":"CubeSmart Self Storage","common":null,"rules":null},"sources":[{"property":"","dataset":"Microsoft","license":"CDLA-Permissive-2.0","record_id":"562949965838595","update_time":"2025-09-08T18:26:59.760Z","confidence":0.85,"between":null,"provider":"microsoft","resource":"microsoft","version":"2025-10-20"},{"property":"/properties/confidence","dataset":"Overture","license":"CDLA-Permissive-2.0","record_id":null,"update_time":"2026-08-14T19:46:07Z","confidence":null,"between":null,"provider":"overture","resource":"confidence_calculation","version":"2026-08-14"},{"property":"/properties/operating_status","dataset":"Overture-signals","license":"CDLA-Permissive-2.0","record_id":"f70b8bb2-a4e0-4026-8fc0-dc87b3f79eb4","update_time":"2026-08-10T22:54:24Z","confidence":1.0,"between":null,"provider":"overture","resource":"operating_status_signal","version":"2026-08-10"}],"operating_status":"open","basic_category":"storage_facility","taxonomy":{"primary":"self_storage_facility","hierarchy":["services_and_business","storage_facility","self_storage_facility"],"alternates":null},"version":10}},{"id":"eb5fb572-fc28-4fa4-afb5-2f0773e279d6","type":"Feature","geometry":{"type":"Point","coordinates":[-95.39974,29.55055]},"properties":{"categories":{"primary":"storage_facility","alternate":null},"confidence":0.8,"websites":["https://www.cubesmart.com/texas-self-storage/pearland-self-storage/4936.html"],"socials":["https://www.facebook.com/CubeSmartSelfStorage.Pearland.5219/"],"brand":{"wikidata":"Q5192200","names":{"primary":"CubeSmart","common":null,"rules":[]}},"addresses":[{"freeform":"3200 Kirby Dr","locality":"Pearland","postcode":"77584","region":"TX","country":"US"}],"names":{"primary":"CubeSmart of 3200 Kirby Dr Pearland","common":null,"rules":[]},"sources":[{"property":"","dataset":"AllThePlaces","license":"CC0-1.0","record_id":"Fgzzpa58zd7X6JfFTywONKg2wS8=","update_time":"2026-08-05T15:33:36.000Z","confidence":0.8,"between":null,"provider":"alltheplaces","resource":"alltheplaces","version":"2026-08-05"},{"property":"/properties/confidence","dataset":"Overture","license":"CDLA-Permissive-2.0","record_id":null,"update_time":"2026-08-14T19:46:07Z","confidence":null,"between":null,"provider":"overture","resource":"confidence_calculation","version":"2026-08-14"}],"basic_category":"storage_facility","taxonomy":{"primary":"storage_facility","hierarchy":["services_and_business","storage_facility"],"alternates":null},"version":1}},{"id":"50edbfa1-45af-4146-bdbe-c8b53ed21706","type":"Feature","geometry":{"type":"Point","coordinates":[-95.39978444851661,29.55044110904603]},"properties":{"categories":{"primary":"storage_facility","alternate":null},"confidence":0.9199122190475464,"websites":["https://www.extraspace.com/storage/facilities/us/texas/pearland/1000001091"],"emails":["fac7043@extraspace.com"],"socials":["https://www.twitter.com/extraspace","https://www.facebook.com/999269516895082"],"phones":["(832) 981-4299"],"addresses":[{"freeform":"3200 Kirby Dr","locality":"Pearland","postcode":"77584","region":"TX","country":"US"}],"names":{"primary":"Extra Space Storage","common":null,"rules":null},"sources":[{"property":"","dataset":"Foursquare","license":"Apache-2.0","record_id":"5afb021e62845c00242f4713","update_time":"2021-08-23T00:00:00.000","confidence":0.77,"between":null,"provider":"foursquare","resource":"foursquare","version":"2026-04-14"},{"property":"/properties/confidence","dataset":"Overture","license":"CDLA-Permissive-2.0","record_id":null,"update_time":"2026-08-14T19:46:07Z","confidence":null,"between":null,"provider":"overture","resource":"confidence_calculation","version":"2026-08-14"},{"property":"/properties/operating_status","dataset":"Overture-signals","license":"CDLA-Permissive-2.0","record_id":"41c35976-18b2-4127-9a87-bc86feda538b","update_time":"2026-08-10T22:54:24Z","confidence":1.0,"between":null,"provider":"overture","resource":"operating_status_signal","version":"2026-08-10"}],"operating_status":"open","basic_category":"storage_facility","taxonomy":{"primary":"storage_facility","hierarchy":["services_and_business","storage_facility"],"alternates":null},"version":5}},{"id":"7c69bee8-10ac-4898-bb1a-54784f1e1202","type":"Feature","geometry":{"type":"Point","coordinates":[-95.39893761,29.55219451]},"properties":{"categories":{"primary":"fire_department","alternate":["fire_protection_service","ambulance_and_ems_services"]},"confidence":0.9199122190475464,"websites":["http://pearlandtx.gov"],"socials":["https://www.facebook.com/1704777449792606"],"phones":["+12819975850"],"brand":{"wikidata":null,"names":{"primary":"Pearland Police Department","common":null,"rules":null}},"addresses":[{"freeform":"3100 Kirby Dr","locality":"Pearland","postcode":"77584","region":"TX","country":"US"}],"names":{"primary":"Pearland Fire Department Station 5","common":null,"rules":null},"sources":[{"property":"","dataset":"meta","license":"CDLA-Permissive-2.0","record_id":"1704777449792606","update_time":"2026-08-10T00:00:00.000Z","confidence":0.9590215086936951,"between":null,"provider":"meta","resource":"meta","version":"2026-08-10"},{"property":"/properties/confidence","dataset":"Overture","license":"CDLA-Permissive-2.0","record_id":null,"update_time":"2026-08-14T19:46:07Z","confidence":null,"between":null,"provider":"overture","resource":"confidence_calculation","version":"2026-08-14"},{"property":"/properties/operating_status","dataset":"Overture-signals","license":"CDLA-Permissive-2.0","record_id":"00f3f362-c680-4b3a-8331-0d8d78c0886a","update_time":"2026-08-10T22:54:24Z","confidence":1.0,"between":null,"provider":"overture","resource":"operating_status_signal","version":"2026-08-10"}],"operating_status":"open","basic_category":"fire_station","taxonomy":{"primary":"fire_station","hierarchy":["community_and_government","public_safety_service","fire_station"],"alternates":null},"version":8}},{"id":"cc6abfe4-c61d-446e-afbe-9c0f0730c442","type":"Feature","geometry":{"type":"Point","coordinates":[-95.39858533,29.55101332]},"properties":{"categories":{"primary":"pet_services","alternate":["animal_shelter","pet_boarding"]},"confidence":0.9902192950248718,"websites":["https://pearland.petsuitesofamerica.com/?utm_source=facebook&utm_medium=social&y_source=1_MTU0MTY2NTItNTU5LWxvY2F0aW9uLndlYnNpdGU%3D"],"emails":["pearland@petsuitesofamerica.com"],"socials":["https://www.facebook.com/102777851461331"],"phones":["+18328560023"],"brand":{"wikidata":null,"names":{"primary":"PetSuites Northshore","common":null,"rules":null}},"addresses":[{"freeform":"3205 Kirby Dr","locality":"Pearland","postcode":"77584","region":"TX","country":"US"}],"names":{"primary":"PetSuites Pearland","common":null,"rules":null},"sources":[{"property":"","dataset":"meta","license":"CDLA-Permissive-2.0","record_id":"102777851461331","update_time":"2026-08-10T00:00:00.000Z","confidence":0.9942346215248108,"between":null,"provider":"meta","resource":"meta","version":"2026-08-10"},{"property":"/properties/confidence","dataset":"Overture","license":"CDLA-Permissive-2.0","record_id":null,"update_time":"2026-08-14T19:46:07Z","confidence":null,"between":null,"provider":"overture","resource":"confidence_calculation","version":"2026-08-14"},{"property":"/properties/operating_status","dataset":"Overture-signals","license":"CDLA-Permissive-2.0","record_id":"4f1dbb78-87e1-466c-86d8-32e621b6528d","update_time":"2026-08-10T22:54:24Z","confidence":1.0,"between":null,"provider":"overture","resource":"operating_status_signal","version":"2026-08-10"}],"operating_status":"open","basic_category":"animal_or_pet_service","taxonomy":{"primary":"animal_or_pet_service","hierarchy":["lifestyle_services","animal_or_pet_service"],"alternates":null},"version":7}},{"id":"74c55e7d-f70e-4114-9dc9-921eb617b6b5","type":"Feature","geometry":{"type":"Point","coordinates":[-95.39882139,29.55290444]},"properties":{"categories":{"primary":"automotive_repair","alternate":["automotive_services_and_repair"]},"confidence":0.9902192950248718,"websites":["https://www.cbac.com/shadow-creek-ranch/"],"emails":["tx095@cbauto.net"],"socials":["https://www.facebook.com/103725867710491"],"phones":["+18323243468"],"brand":{"wikidata":null,"names":{"primary":"Christian Brothers Automotive","common":null,"rules":null}},"addresses":[{"freeform":"3080 Kirby Dr","locality":"Pearland","postcode":"77584","region":"TX","country":"US"}],"names":{"primary":"Christian Brothers Automotive","common":null,"rules":null},"sources":[{"property":"","dataset":"meta","license":"CDLA-Permissive-2.0","record_id":"103725867710491","update_time":"2026-08-10T00:00:00.000Z","confidence":0.9956638216972351,"between":null,"provider":"meta","resource":"meta","version":"2026-08-10"},{"property":"/properties/confidence","dataset":"Overture","license":"CDLA-Permissive-2.0","record_id":null,"update_time":"2026-08-14T19:46:07Z","confidence":null,"between":null,"provider":"overture","resource":"confidence_calculation","version":"2026-08-14"},{"property":"/properties/operating_status","dataset":"Overture-signals","license":"CDLA-Permissive-2.0","record_id":"1793402f-7792-4202-8e38-fee4e4dec67a","update_time":"2026-08-10T22:54:24Z","confidence":1.0,"between":null,"provider":"overture","resource":"operating_status_signal","version":"2026-08-10"}],"operating_status":"open","basic_category":"automotive_service","taxonomy":{"primary":"automotive_repair","hierarchy":["travel_and_transportation","vehicle_service","automotive_service","automotive_repair"],"alternates":null},"version":8}},{"id":"fb841c51-9151-49c1-bcc3-4ca4b5b547eb","type":"Feature","geometry":{"type":"Point","coordinates":[-95.3985869,29.552686]},"properties":{"categories":{"primary":"health_and_medical","alternate":null},"confidence":0.95,"addresses":[{"freeform":"3080 Kirby Dr","locality":"Pearland","postcode":"77584-5594","region":"TX","country":"US"}],"names":{"primary":"Phillips 4 The Win, Llc","common":null,"rules":null},"sources":[{"property":"","dataset":"BrightQuery","license":"CDLA-Permissive-2.0","record_id":"377781964","update_time":"2026-08-13T13:23:42.875Z","confidence":0.95,"between":null,"provider":"brightquery","resource":"brightquery","version":"2026-08-10"},{"property":"/properties/confidence","dataset":"Overture","license":"CDLA-Permissive-2.0","record_id":null,"update_time":"2026-08-14T19:46:07Z","confidence":null,"between":null,"provider":"overture","resource":"confidence_calculation","version":"2026-08-14"}],"operating_status":"open","basic_category":"health_care","taxonomy":{"primary":"health_care","hierarchy":["health_care"],"alternates":null},"version":1}},{"id":"df4dcc92-6c63-47ca-bf70-f9d607ec55c0","type":"Feature","geometry":{"type":"Point","coordinates":[-95.3981062,29.5530691]},"properties":{"categories":{"primary":"credit_union","alternate":["bank_credit_union"]},"confidence":0.85,"websites":["https://www.smartcu.org/"],"phones":["7138501600"],"addresses":[{"freeform":"3060 Kirby Dr Ste 117","locality":"Pearland","postcode":"77584","region":"TX","country":"US"}],"names":{"primary":"Smart Financial Credit Union","common":null,"rules":null},"sources":[{"property":"","dataset":"Microsoft","license":"CDLA-Permissive-2.0","record_id":"1407374887898220","update_time":"2022-05-30T09:21:02.713Z","confidence":0.85,"between":null,"provider":"microsoft","resource":"microsoft","version":"2025-10-20"},{"property":"/properties/confidence","dataset":"Overture","license":"CDLA-Permissive-2.0","record_id":null,"update_time":"2026-08-14T19:46:07Z","confidence":null,"between":null,"provider":"overture","resource":"confidence_calculation","version":"2026-08-14"},{"property":"/properties/operating_status","dataset":"Overture-signals","license":"CDLA-Permissive-2.0","record_id":"ef15ca42-b787-4cf7-8007-6e32ded496ff","update_time":"2026-08-10T22:54:24Z","confidence":1.0,"between":null,"provider":"overture","resource":"operating_status_signal","version":"2026-08-10"}],"operating_status":"open","basic_category":"bank_or_credit_union","taxonomy":{"primary":"credit_union","hierarchy":["services_and_business","financial_service","bank_or_credit_union","credit_union"],"alternates":null},"version":10}},{"id":"ac9d74cb-4ff7-4e26-8176-8a69f22003ac","type":"Feature","geometry":{"type":"Point","coordinates":[-95.3983828,29.5543287]},"properties":{"categories":{"primary":"blood_and_plasma_donation_center","alternate":["health_and_medical"]},"confidence":0.9625,"websites":["https://www.biolifeplasma.com/locations/texas/pearland"],"phones":["2818004531"],"addresses":[{"freeform":"3020 Kirby Dr","locality":"Pearland","postcode":"77584","region":"TX","country":"US"}],"names":{"primary":"BioLife Plasma Services","common":null,"rules":null},"sources":[{"property":"","dataset":"Microsoft","license":"CDLA-Permissive-2.0","record_id":"1407374889979267","update_time":"2025-10-02T10:58:30.167Z","confidence":0.85,"between":null,"provider":"microsoft","resource":"microsoft","version":"2025-10-20"},{"property":"/properties/confidence","dataset":"Overture","license":"CDLA-Permissive-2.0","record_id":null,"update_time":"2026-08-14T19:46:07Z","confidence":null,"between":null,"provider":"overture","resource":"confidence_calculation","version":"2026-08-14"},{"property":"/properties/operating_status","dataset":"Overture-signals","license":"CDLA-Permissive-2.0","record_id":"b4ddb234-33bb-415d-8d6d-f4bad6808393","update_time":"2026-08-10T22:54:24Z","confidence":1.0,"between":null,"provider":"overture","resource":"operating_status_signal","version":"2026-08-10"}],"operating_status":"open","basic_category":"medical_service","taxonomy":{"primary":"blood_and_plasma_donation_center","hierarchy":["health_care","medical_service","blood_and_plasma_donation_center"],"alternates":null},"version":8}},{"id":"88219744-4242-4e62-b4ad-a417c518b62b","type":"Feature","geometry":{"type":"Point","coordinates":[-95.39850723,29.55526714]},"properties":{"categories":{"primary":"grocery_store","alternate":["supermarket","discount_store"]},"confidence":0.9902192950248718,"websites":["https://stores.aldi.us/tx/pearland/11510-broadway?utm_source=fb&utm_medium=local&utm_campaign=brand&utm_content=storepage_webclick"],"socials":["https://www.facebook.com/436056110176064"],"phones":["+18559552534"],"brand":{"wikidata":null,"names":{"primary":"ALDI","common":null,"rules":null}},"addresses":[{"freeform":"11510 Broadway Unit 1","locality":"Pearland","postcode":"77584","region":"TX","country":"US"}],"names":{"primary":"Aldi","common":null,"rules":null},"sources":[{"property":"","dataset":"meta","license":"CDLA-Permissive-2.0","record_id":"436056110176064","update_time":"2026-08-10T00:00:00.000Z","confidence":0.9967040419578552,"between":null,"provider":"meta","resource":"meta","version":"2026-08-10"},{"property":"/properties/confidence","dataset":"Overture","license":"CDLA-Permissive-2.0","record_id":null,"update_time":"2026-08-14T19:46:07Z","confidence":null,"between":null,"provider":"overture","resource":"confidence_calculation","version":"2026-08-14"},{"property":"/properties/operating_status","dataset":"Overture-signals","license":"CDLA-Permissive-2.0","record_id":"d37e8ae4-3c42-42b5-8db9-f9d6ee7bf3cd","update_time":"2026-08-10T22:54:24Z","confidence":1.0,"between":null,"provider":"overture","resource":"operating_status_signal","version":"2026-08-10"}],"operating_status":"open","basic_category":"food_and_beverage_store","taxonomy":{"primary":"grocery_store","hierarchy":["shopping","food_and_beverage_store","grocery_store"],"alternates":null},"version":11}},{"id":"d0963061-ca3e-45df-9881-c29dd16c87fb","type":"Feature","geometry":{"type":"Point","coordinates":[-95.39925276,29.55500244]},"properties":{"categories":{"primary":"dialysis_clinic","alternate":["medical_center","health_and_medical"]},"confidence":0.9994091382995248,"websites":["https://www.davita.com/locations/tx/pearland/11600-broadway-st--11221"],"socials":["https://www.facebook.com/921219121279544"],"phones":["+18334221967"],"brand":{"wikidata":null,"names":{"primary":"DaVita","common":null,"rules":null}},"addresses":[{"freeform":"11600 W Broadway St","locality":"Pearland","postcode":"77584","region":"TX","country":"US"}],"names":{"primary":"DaVita Southfield Dialysis","common":null,"rules":null},"sources":[{"property":"","dataset":"meta","license":"CDLA-Permissive-2.0","record_id":"921219121279544","update_time":"2026-08-10T00:00:00.000Z","confidence":0.9314942955970764,"between":null,"provider":"meta","resource":"meta","version":"2026-08-10"},{"property":"/properties/confidence","dataset":"Overture","license":"CDLA-Permissive-2.0","record_id":null,"update_time":"2026-08-14T19:46:07Z","confidence":null,"between":null,"provider":"overture","resource":"confidence_calculation","version":"2026-08-14"}],"basic_category":"specialized_medical_facility","taxonomy":{"primary":"dialysis_clinic","hierarchy":["health_care","specialized_medical_facility","dialysis_clinic"],"alternates":null},"version":10}},{"id":"d7521cea-ef65-4719-b3f9-fda2ed357925","type":"Feature","geometry":{"type":"Point","coordinates":[-95.39911433,29.55369509]},"properties":{"categories":{"primary":"home_goods_store","alternate":["furniture_store","home_and_garden"]},"confidence":0.999989086484909,"websites":["https://www.athome.com/store/texas-pearland/"],"emails":["customercareline@athome.com"],"socials":["https://www.facebook.com/288655634958554"],"phones":["+13462073077"],"brand":{"wikidata":null,"names":{"primary":"At Home","common":null,"rules":null}},"addresses":[{"freeform":"3000 Kirby Dr","locality":"Pearland","postcode":"77584-5594","region":"TX","country":"US"}],"names":{"primary":"At Home","common":null,"rules":null},"sources":[{"property":"","dataset":"meta","license":"CDLA-Permissive-2.0","record_id":"288655634958554","update_time":"2026-08-10T00:00:00.000Z","confidence":0.9936733245849609,"between":null,"provider":"meta","resource":"meta","version":"2026-08-10"},{"property":"/properties/confidence","dataset":"Overture","license":"CDLA-Permissive-2.0","record_id":null,"update_time":"2026-08-14T19:46:07Z","confidence":null,"between":null,"provider":"overture","resource":"confidence_calculation","version":"2026-08-14"}],"basic_category":"hardware_home_and_garden_store","taxonomy":{"primary":"home_goods_store","hierarchy":["shopping","specialty_store","hardware_home_and_garden_store","home_goods_store"],"alternates":null},"version":7}},{"id":"39bb6841-a797-4159-b690-72e82b48716a","type":"Feature","geometry":{"type":"Point","coordinates":[-95.399811,29.5555447]},"properties":{"categories":{"primary":"automotive_services_and_repair","alternate":null},"confidence":0.9199122190475464,"websites":["https://www.servicestreettexas.com/broadway?utm_source=apple&utm_medium=organic&utm_campaign=apple-maps-store_1714"],"phones":["3467398833"],"addresses":[{"freeform":"11620 Broadway St","locality":"Pearland","postcode":"77584","region":"TX","country":"US"}],"names":{"primary":"Service Street Tire & Auto Repair","common":null,"rules":null},"sources":[{"property":"","dataset":"Microsoft","license":"CDLA-Permissive-2.0","record_id":"844424934552688","update_time":"2024-12-10T06:32:06.713Z","confidence":0.85,"between":null,"provider":"microsoft","resource":"microsoft","version":"2025-10-20"},{"property":"/properties/confidence","dataset":"Overture","license":"CDLA-Permissive-2.0","record_id":null,"update_time":"2026-08-14T19:46:07Z","confidence":null,"between":null,"provider":"overture","resource":"confidence_calculation","version":"2026-08-14"},{"property":"/properties/operating_status","dataset":"Overture-signals","license":"CDLA-Permissive-2.0","record_id":"8f5718d5-9a8e-44c4-8d3b-96f2cff13513","update_time":"2026-08-10T22:54:24Z","confidence":1.0,"between":null,"provider":"overture","resource":"operating_status_signal","version":"2026-08-10"}],"operating_status":"open","basic_category":"automotive_service","taxonomy":{"primary":"automotive_service","hierarchy":["travel_and_transportation","vehicle_service","automotive_service"],"alternates":null},"version":8}},{"id":"2bd56910-85a9-45ec-bf9a-755d8e49aa3b","type":"Feature","geometry":{"type":"Point","coordinates":[-95.3997446,29.5551001]},"properties":{"categories":{"primary":"automotive_repair","alternate":null},"confidence":0.9425,"websites":["driversautorepair.com"],"phones":["12815981654"],"addresses":[{"freeform":"11620 Broadway St","locality":"Pearland","postcode":"77584-3780","region":"TX","country":"US"}],"names":{"primary":"Driver's Auto Repair","common":null,"rules":null},"sources":[{"property":"","dataset":"BrightQuery","license":"CDLA-Permissive-2.0","record_id":"90585755","update_time":"2026-08-13T13:23:42.875Z","confidence":0.75,"between":null,"provider":"brightquery","resource":"brightquery","version":"2026-08-10"},{"property":"/properties/confidence","dataset":"Overture","license":"CDLA-Permissive-2.0","record_id":null,"update_time":"2026-08-14T19:46:07Z","confidence":null,"between":null,"provider":"overture","resource":"confidence_calculation","version":"2026-08-14"}],"operating_status":"permanently_closed","basic_category":"automotive_service","taxonomy":{"primary":"automotive_repair","hierarchy":["travel_and_transportation","vehicle_service","automotive_service","automotive_repair"],"alternates":null},"version":6}},{"id":"6233151c-0327-4a1a-b85c-6f4625412046","type":"Feature","geometry":{"type":"Point","coordinates":[-95.39979439999999,29.555090931284646]},"properties":{"confidence":0.9783663180619478,"websites":["https://www.roosterridgecarcare.com/?y_source=1_MjAwMjUxODIyNy00ODMtbG9jYXRpb24ud2Vic2l0ZQ%3D%3D"],"phones":["2815981654"],"addresses":[{"freeform":"11620 Broadway Street","locality":"Pearland","postcode":"77584","region":"TX","country":"US"}],"names":{"primary":"Rooster Ridge Car Care - Pearland","common":null,"rules":null},"sources":[{"property":"","dataset":"Microsoft","license":"CDLA-Permissive-2.0","record_id":"562949967080722","update_time":"2025-05-23T20:14:53.273Z","confidence":0.85,"between":null,"provider":"microsoft","resource":"microsoft","version":"2025-10-20"},{"property":"/properties/confidence","dataset":"Overture","license":"CDLA-Permissive-2.0","record_id":null,"update_time":"2026-08-14T19:46:07Z","confidence":null,"between":null,"provider":"overture","resource":"confidence_calculation","version":"2026-08-14"}],"version":2}},{"id":"a938d434-d848-45f5-b641-6590bde0f6d0","type":"Feature","geometry":{"type":"Point","coordinates":[-95.400008,29.540656]},"properties":{"categories":{"primary":"car_wash","alternate":null},"confidence":1.0,"websites":["https://www.circlek.com/circle-k-carwash"],"phones":["+18003248464"],"addresses":[{"freeform":"11642 Magnolia Pkwy","locality":"Manvel","postcode":"77578","region":"TX","country":"US"}],"names":{"primary":"Circle K | Car Wash","common":null,"rules":null},"sources":[{"property":"","dataset":"DAC","license":"CDLA-Permissive-2.0","record_id":"overture:places:place:9000683443","update_time":"2026-08-11T20:47:18.614Z","confidence":1.0,"between":null,"provider":"dac","resource":"dac","version":"2026-08-10"},{"property":"/properties/confidence","dataset":"Overture","license":"CDLA-Permissive-2.0","record_id":null,"update_time":"2026-08-14T19:46:07Z","confidence":null,"between":null,"provider":"overture","resource":"confidence_calculation","version":"2026-08-14"}],"basic_category":"automotive_service","taxonomy":{"primary":"car_wash","hierarchy":["travel_and_transportation","vehicle_service","automotive_service","car_wash"],"alternates":null},"version":3}},{"id":"d7f6e6a0-9f7c-437f-998c-e479d1b88ed5","type":"Feature","geometry":{"type":"Point","coordinates":[-95.400008,29.540656]},"properties":{"categories":{"primary":"convenience_store","alternate":null},"confidence":0.9902192950248718,"websites":["https://www.circlek.com/","https://www.circlek.com/store-locator/US/manvel/11642-magnolia-pkwy/2703594"],"phones":["+12816929750"],"addresses":[{"freeform":"11642 Magnolia Pkwy","locality":"Manvel","postcode":"77578","region":"TX","country":"US"}],"names":{"primary":"Circle K","common":null,"rules":null},"sources":[{"property":"","dataset":"DAC","license":"CDLA-Permissive-2.0","record_id":"overture:places:place:9000501387","update_time":"2026-08-11T20:47:18.614Z","confidence":1.0,"between":null,"provider":"dac","resource":"dac","version":"2026-08-10"},{"property":"/properties/confidence","dataset":"Overture","license":"CDLA-Permissive-2.0","record_id":null,"update_time":"2026-08-14T19:46:07Z","confidence":null,"between":null,"provider":"overture","resource":"confidence_calculation","version":"2026-08-14"},{"property":"/properties/operating_status","dataset":"Overture-signals","license":"CDLA-Permissive-2.0","record_id":"5f6eac01-dc8a-40cf-8a7c-801a783a2bc6","update_time":"2026-08-10T22:54:24Z","confidence":1.0,"between":null,"provider":"overture","resource":"operating_status_signal","version":"2026-08-10"}],"operating_status":"open","basic_category":"convenience_store","taxonomy":{"primary":"convenience_store","hierarchy":["shopping","convenience_store"],"alternates":null},"version":7}},{"id":"aeb54d4f-f84a-42a1-8f2a-7601026fffcf","type":"Feature","geometry":{"type":"Point","coordinates":[-95.4,29.622]},"properties":{"categories":{"primary":"park","alternate":["landmark_and_historical_building"]},"confidence":0.9722161889076233,"socials":["https://www.facebook.com/111079898942768"],"brand":{"wikidata":null,"names":{"primary":null,"common":null,"rules":null}},"addresses":[{"freeform":null,"locality":"Houston","postcode":null,"region":"TX","country":"US"}],"names":{"primary":"City Park, Houston","common":null,"rules":null},"sources":[{"property":"","dataset":"meta","license":"CDLA-Permissive-2.0","record_id":"111079898942768","update_time":"2026-08-10T00:00:00.000Z","confidence":0.7325975298881531,"between":null,"provider":"meta","resource":"meta","version":"2026-08-10"},{"property":"/properties/confidence","dataset":"Overture","license":"CDLA-Permissive-2.0","record_id":null,"update_time":"2026-08-14T19:46:07Z","confidence":null,"between":null,"provider":"overture","resource":"confidence_calculation","version":"2026-08-14"},{"property":"/properties/operating_status","dataset":"Overture-signals","license":"CDLA-Permissive-2.0","record_id":"ab4d5644-5334-4a03-be18-0af47923fd81","update_time":"2026-08-10T22:54:24Z","confidence":1.0,"between":null,"provider":"overture","resource":"operating_status_signal","version":"2026-08-10"}],"operating_status":"open","basic_category":"park","taxonomy":{"primary":"park","hierarchy":["sports_and_recreation","park"],"alternates":null},"version":4}},{"id":"4f274db7-effc-48dc-9bb3-666a3be4f7e1","type":"Feature","geometry":{"type":"Point","coordinates":[-95.3961868286133,29.6357574462891]},"properties":{"categories":{"primary":"gym","alternate":["active_life"]},"confidence":0.9199122190475464,"websites":["http://athletetrainingandhealth.com/"],"phones":["7139090085"],"addresses":[{"freeform":"12211 Kirby Dr","locality":"Houston","postcode":"77045","region":"TX","country":"US"}],"names":{"primary":"Athlete Training + Health","common":null,"rules":null},"sources":[{"property":"","dataset":"Microsoft","license":"CDLA-Permissive-2.0","record_id":"281474978212019","update_time":"2017-04-25T20:54:36.370Z","confidence":0.85,"between":null,"provider":"microsoft","resource":"microsoft","version":"2025-10-20"},{"property":"/properties/confidence","dataset":"Overture","license":"CDLA-Permissive-2.0","record_id":null,"update_time":"2026-08-14T19:46:07Z","confidence":null,"between":null,"provider":"overture","resource":"confidence_calculation","version":"2026-08-14"},{"property":"/properties/operating_status","dataset":"Overture-signals","license":"CDLA-Permissive-2.0","record_id":"f7e79a57-e7ab-4233-8db2-79d3091cd85f","update_time":"2026-08-10T22:54:24Z","confidence":1.0,"between":null,"provider":"overture","resource":"operating_status_signal","version":"2026-08-10"}],"operating_status":"open","basic_category":"gym","taxonomy":{"primary":"gym","hierarchy":["sports_and_recreation","sport_or_fitness_facility","gym"],"alternates":null},"version":6}},{"id":"2c735a43-06e2-45a9-b231-3ec4556811b8","type":"Feature","geometry":{"type":"Point","coordinates":[-95.39617730475898,29.635839940861768]},"properties":{"categories":{"primary":"sandwich_shop","alternate":null},"confidence":0.9199122190475464,"websites":["http://www.subway.com"],"socials":["https://www.facebook.com/425683380914273"],"phones":["(832) 615-7329"],"addresses":[{"freeform":"12211 Kirby Dr","locality":"Houston","postcode":"77045","region":"TX","country":"US"}],"names":{"primary":"Subway","common":null,"rules":null},"sources":[{"property":"","dataset":"Foursquare","license":"Apache-2.0","record_id":"52dd384d498e3dd42a1fa83c","update_time":"2023-05-02T00:00:00.000","confidence":0.77,"between":null,"provider":"foursquare","resource":"foursquare","version":"2026-04-14"},{"property":"/properties/confidence","dataset":"Overture","license":"CDLA-Permissive-2.0","record_id":null,"update_time":"2026-08-14T19:46:07Z","confidence":null,"between":null,"provider":"overture","resource":"confidence_calculation","version":"2026-08-14"},{"property":"/properties/operating_status","dataset":"Overture-signals","license":"CDLA-Permissive-2.0","record_id":"297c7074-f20e-4627-afcc-5e17ca5b4070","update_time":"2026-08-10T22:54:24Z","confidence":1.0,"between":null,"provider":"overture","resource":"operating_status_signal","version":"2026-08-10"}],"operating_status":"open","basic_category":"casual_eatery","taxonomy":{"primary":"sandwich_shop","hierarchy":["food_and_drink","casual_eatery","sandwich_shop"],"alternates":null},"version":4}},{"id":"0079d947-8d1e-4f4a-bb2e-feb689a51b9c","type":"Feature","geometry":{"type":"Point","coordinates":[-95.39612002,29.63609899]},"properties":{"categories":{"primary":"gym","alternate":["active_life","sports_club_and_league"]},"confidence":0.9009873098134995,"websites":["http://www.cesperformance.com"],"emails":["careers@cesperformance.com"],"socials":["https://www.facebook.com/149685778544383"],"phones":["+17139090085"],"brand":{"wikidata":null,"names":{"primary":null,"common":null,"rules":null}},"addresses":[{"freeform":"12211 Kirby Dr","locality":"Houston","postcode":"77045-4859","region":"TX","country":"US"}],"names":{"primary":"CES Performance","common":null,"rules":null},"sources":[{"property":"","dataset":"meta","license":"CDLA-Permissive-2.0","record_id":"149685778544383","update_time":"2026-08-10T00:00:00.000Z","confidence":0.5695100426673889,"between":null,"provider":"meta","resource":"meta","version":"2026-08-10"},{"property":"/properties/confidence","dataset":"Overture","license":"CDLA-Permissive-2.0","record_id":null,"update_time":"2026-08-14T19:46:07Z","confidence":null,"between":null,"provider":"overture","resource":"confidence_calculation","version":"2026-08-14"},{"property":"/properties/operating_status","dataset":"Overture-signals","license":"CDLA-Permissive-2.0","record_id":"96b417ab-5f7d-49a4-b1d4-a5ee12058dae","update_time":"2026-08-10T22:54:24Z","confidence":1.0,"between":null,"provider":"overture","resource":"operating_status_signal","version":"2026-08-10"}],"operating_status":"open","basic_category":"gym","taxonomy":{"primary":"gym","hierarchy":["sports_and_recreation","sport_or_fitness_facility","gym"],"alternates":null},"version":7}},{"id":"b7d4e64f-4409-4697-bf7c-4aaa0be79bf6","type":"Feature","geometry":{"type":"Point","coordinates":[-95.39608592,29.63613564]},"properties":{"categories":{"primary":"orthopedist","alternate":["health_and_medical","physical_therapy"]},"confidence":0.9902192950248718,"websites":["https://www.houstonmethodist.org/"],"socials":["https://www.facebook.com/761395350715769"],"phones":["+17134413000"],"brand":{"wikidata":null,"names":{"primary":"Houston Methodist","common":null,"rules":null}},"addresses":[{"freeform":"12211 Kirby Dr Suite 200","locality":"Houston","postcode":"77045","region":"TX","country":"US"}],"names":{"primary":"Houston Methodist Orthopedics & Sports Medicine Rehab","common":null,"rules":null},"sources":[{"property":"","dataset":"meta","license":"CDLA-Permissive-2.0","record_id":"761395350715769","update_time":"2026-08-10T00:00:00.000Z","confidence":0.9607003927230835,"between":null,"provider":"meta","resource":"meta","version":"2026-08-10"},{"property":"/properties/confidence","dataset":"Overture","license":"CDLA-Permissive-2.0","record_id":null,"update_time":"2026-08-14T19:46:07Z","confidence":null,"between":null,"provider":"overture","resource":"confidence_calculation","version":"2026-08-14"},{"property":"/properties/operating_status","dataset":"Overture-signals","license":"CDLA-Permissive-2.0","record_id":"ac6fb380-e3d7-4ac2-926b-c3a5f1c0e5d8","update_time":"2026-08-10T22:54:24Z","confidence":1.0,"between":null,"provider":"overture","resource":"operating_status_signal","version":"2026-08-10"}],"operating_status":"open","basic_category":"specialized_health_care","taxonomy":{"primary":"orthopedics","hierarchy":["health_care","outpatient_care_facility","specialized_health_care","musculoskeletal_medicine","orthopedics"],"alternates":null},"version":10}},{"id":"f4f3aa44-f364-4b4f-b3fc-52ea6e00acea","type":"Feature","geometry":{"type":"Point","coordinates":[-95.396087,29.635789]},"properties":{"categories":{"primary":"professional_sports_league","alternate":["amateur_sports_league","school_sports_league"]},"confidence":0.15539322793483734,"websites":["https://linktr.ee/houstonsabercats?utm_source=linktree_profile_share&ltsid=a98c6d44-6940-405d-a58d-9fb755d0d2f9"],"emails":["info@houstonsabercats.com"],"socials":["https://www.facebook.com/1731814580463303"],"phones":["+17139550948"],"brand":{"wikidata":null,"names":{"primary":null,"common":null,"rules":null}},"addresses":[{"freeform":"12211 Kirby Dr","locality":"Houston","postcode":"77045-4859","region":"TX","country":"US"}],"names":{"primary":"Houston SaberCats Rugby","common":null,"rules":null},"sources":[{"property":"","dataset":"meta","license":"CDLA-Permissive-2.0","record_id":"1731814580463303","update_time":"2026-08-10T00:00:00.000Z","confidence":0.15539322793483734,"between":null,"provider":"meta","resource":"meta","version":"2026-08-10"},{"property":"/properties/confidence","dataset":"Overture","license":"CDLA-Permissive-2.0","record_id":null,"update_time":"2026-08-14T19:46:07Z","confidence":null,"between":null,"provider":"overture","resource":"confidence_calculation","version":"2026-08-14"},{"property":"/properties/operating_status","dataset":"Overture-signals","license":"CDLA-Permissive-2.0","record_id":"f9dbf62d-48f0-4d1c-a76d-5de854d5a6f2","update_time":"2026-08-10T22:54:24Z","confidence":1.0,"between":null,"provider":"overture","resource":"operating_status_signal","version":"2026-08-10"}],"operating_status":"open","basic_category":"sport_league","taxonomy":{"primary":"professional_sport_league","hierarchy":["sports_and_recreation","sport_league","professional_sport_league"],"alternates":null},"version":9}},{"id":"292ad0b5-d062-462e-83d8-208d64d66876","type":"Feature","geometry":{"type":"Point","coordinates":[-95.397904,29.63967]},"properties":{"categories":{"primary":"hospice","alternate":null},"confidence":0.9902192950248718,"websites":["https://www.harborhospice.com"],"phones":["17134135200"],"addresses":[{"freeform":"11990 Kirby Dr","locality":"Houston","postcode":"77045-4860","region":"TX","country":"US"}],"names":{"primary":"Harbor Hospice House Of Houston","common":null,"rules":null},"sources":[{"property":"","dataset":"BrightQuery","license":"CDLA-Permissive-2.0","record_id":"98606719","update_time":"2026-08-13T13:23:42.875Z","confidence":0.95,"between":null,"provider":"brightquery","resource":"brightquery","version":"2026-08-10"},{"property":"/properties/confidence","dataset":"Overture","license":"CDLA-Permissive-2.0","record_id":null,"update_time":"2026-08-14T19:46:07Z","confidence":null,"between":null,"provider":"overture","resource":"confidence_calculation","version":"2026-08-14"},{"property":"/properties/operating_status","dataset":"Overture-signals","license":"CDLA-Permissive-2.0","record_id":"0a98c87f-36b5-4593-bf47-d19bb16c4720","update_time":"2026-08-10T22:54:24Z","confidence":1.0,"between":null,"provider":"overture","resource":"operating_status_signal","version":"2026-08-10"}],"operating_status":"open","basic_category":"medical_service","taxonomy":{"primary":"hospice","hierarchy":["health_care","medical_service","hospice"],"alternates":null},"version":10}},{"id":"927905c4-5a06-42b0-9613-68d8989d7a7c","type":"Feature","geometry":{"type":"Point","coordinates":[-95.39796283,29.63890571]},"properties":{"categories":{"primary":"caterer","alternate":["professional_services","food_beverage_service_distribution"]},"confidence":0.3554665446281433,"websites":["http://www.citadelcatering.com/"],"emails":["andy@citadelcatering.com"],"socials":["https://www.facebook.com/2287899164810343"],"phones":["+18326405236"],"brand":{"wikidata":null,"names":{"primary":null,"common":null,"rules":null}},"addresses":[{"freeform":"12130 Kirby Dr #100","locality":"Houston","postcode":"77045","region":"TX","country":"US"}],"names":{"primary":"Citadel Catering","common":null,"rules":null},"sources":[{"property":"","dataset":"meta","license":"CDLA-Permissive-2.0","record_id":"2287899164810343","update_time":"2026-08-10T00:00:00.000Z","confidence":0.3554665446281433,"between":null,"provider":"meta","resource":"meta","version":"2026-08-10"},{"property":"/properties/confidence","dataset":"Overture","license":"CDLA-Permissive-2.0","record_id":null,"update_time":"2026-08-14T19:46:07Z","confidence":null,"between":null,"provider":"overture","resource":"confidence_calculation","version":"2026-08-14"}],"basic_category":"event_or_party_service","taxonomy":{"primary":"caterer","hierarchy":["services_and_business","event_or_party_service","caterer"],"alternates":null},"version":9}},{"id":"c8f20cdd-e80e-42e1-853a-f1006d8c2e0e","type":"Feature","geometry":{"type":"Point","coordinates":[-95.39797662,29.63904395]},"properties":{"categories":{"primary":"party_and_event_planning","alternate":["topic_concert_venue"]},"confidence":0.9998954960808157,"websites":["http://www.citadelhouston.com"],"emails":["sales@citadelhouston.com"],"socials":["https://www.facebook.com/523444997789011"],"phones":["+18324327005"],"brand":{"wikidata":null,"names":{"primary":null,"common":null,"rules":null}},"addresses":[{"freeform":"12130 Kirby Dr #101","locality":"Houston","postcode":"77045","region":"TX","country":"US"}],"names":{"primary":"Citadel Houston","common":null,"rules":null},"sources":[{"property":"","dataset":"meta","license":"CDLA-Permissive-2.0","record_id":"523444997789011","update_time":"2026-08-10T00:00:00.000Z","confidence":0.9932686686515808,"between":null,"provider":"meta","resource":"meta","version":"2026-08-10"},{"property":"/properties/confidence","dataset":"Overture","license":"CDLA-Permissive-2.0","record_id":null,"update_time":"2026-08-14T19:46:07Z","confidence":null,"between":null,"provider":"overture","resource":"confidence_calculation","version":"2026-08-14"},{"property":"/properties/operating_status","dataset":"Overture-signals","license":"CDLA-Permissive-2.0","record_id":"ef50a4d2-9e1f-4de1-bc8b-018487e10dd8","update_time":"2026-08-10T22:54:24Z","confidence":1.0,"between":null,"provider":"overture","resource":"operating_status_signal","version":"2026-08-10"}],"operating_status":"open","basic_category":"event_or_party_service","taxonomy":{"primary":"party_and_event_planning","hierarchy":["services_and_business","event_or_party_service","party_and_event_planning"],"alternates":null},"version":10}},{"id":"6308a475-b0be-4872-a108-00631b1217d6","type":"Feature","geometry":{"type":"Point","coordinates":[-95.398292,29.638732]},"properties":{"categories":{"primary":"venue_and_event_space","alternate":null},"confidence":0.75,"websites":["https://www.houstonwhiskeysocial.com"],"addresses":[{"freeform":"12130 Kirby Dr  Ste 1","locality":"Houston","postcode":"77045-4856","region":"TX","country":"US"}],"names":{"primary":"The Houston Whiskey Social","common":null,"rules":null},"sources":[{"property":"","dataset":"BrightQuery","license":"CDLA-Permissive-2.0","record_id":"88698241","update_time":"2026-08-13T13:23:42.875Z","confidence":0.75,"between":null,"provider":"brightquery","resource":"brightquery","version":"2026-08-10"},{"property":"/properties/confidence","dataset":"Overture","license":"CDLA-Permissive-2.0","record_id":null,"update_time":"2026-08-14T19:46:07Z","confidence":null,"between":null,"provider":"overture","resource":"confidence_calculation","version":"2026-08-14"},{"property":"/properties/operating_status","dataset":"Overture-signals","license":"CDLA-Permissive-2.0","record_id":"b19c4393-db8b-47c9-b670-7625025feda9","update_time":"2026-08-10T22:54:24Z","confidence":1.0,"between":null,"provider":"overture","resource":"operating_status_signal","version":"2026-08-10"}],"operating_status":"open","basic_category":"event_venue","taxonomy":{"primary":"event_venue","hierarchy":["arts_and_entertainment","event_venue"],"alternates":null},"version":1}},{"id":"a10153a9-d8b1-45d3-b65d-dd30c6aee198","type":"Feature","geometry":{"type":"Point","coordinates":[-95.39838016033173,29.635191549440012]},"properties":{"categories":{"primary":"horse_boarding","alternate":["horseback_riding_service","equestrian_facility"]},"confidence":0.9804435968399048,"websites":["http://www.solstice-farms.net"],"emails":["equinesenior@gmail.com"],"socials":["https://www.facebook.com/153741584675025"],"phones":["+17134339817"],"brand":{"wikidata":null,"names":{"primary":null,"common":null,"rules":null}},"addresses":[{"freeform":"12500 Edwina Blvd","locality":"Houston","postcode":"77045","region":"TX","country":"US"}],"names":{"primary":"Solstice Farms","common":null,"rules":null},"sources":[{"property":"","dataset":"meta","license":"CDLA-Permissive-2.0","record_id":"153741584675025","update_time":"2026-08-10T00:00:00.000Z","confidence":0.9804435968399048,"between":null,"provider":"meta","resource":"meta","version":"2026-08-10"},{"property":"/properties/confidence","dataset":"Overture","license":"CDLA-Permissive-2.0","record_id":null,"update_time":"2026-08-14T19:46:07Z","confidence":null,"between":null,"provider":"overture","resource":"confidence_calculation","version":"2026-08-14"},{"property":"/properties/operating_status","dataset":"Overture-signals","license":"CDLA-Permissive-2.0","record_id":"9a172f8e-1121-484a-940c-c84e5f72785e","update_time":"2026-08-10T22:54:24Z","confidence":1.0,"between":null,"provider":"overture","resource":"operating_status_signal","version":"2026-08-10"}],"operating_status":"open","basic_category":"animal_or_pet_service","taxonomy":{"primary":"horse_boarding","hierarchy":["lifestyle_services","animal_or_pet_service","equine_service","horse_boarding"],"alternates":null},"version":11}},{"id":"ca8a6ef1-3b90-4133-8dc2-21a7910e0510","type":"Feature","geometry":{"type":"Point","coordinates":[-95.39984,29.651955]},"properties":{"categories":{"primary":"hospital","alternate":null},"confidence":0.9359873288869858,"socials":["https://www.facebook.com/988763764640279"],"phones":["+18323556061"],"brand":{"wikidata":null,"names":{"primary":null,"common":null,"rules":null}},"addresses":[{"freeform":null,"locality":"Houston","postcode":null,"region":"TX","country":"US"}],"names":{"primary":"Baylor St. Luke's Medical Center","common":null,"rules":null},"sources":[{"property":"","dataset":"meta","license":"CDLA-Permissive-2.0","record_id":"988763764640279","update_time":"2026-08-10T00:00:00.000Z","confidence":0.7216840386390686,"between":null,"provider":"meta","resource":"meta","version":"2026-08-10"},{"property":"/properties/confidence","dataset":"Overture","license":"CDLA-Permissive-2.0","record_id":null,"update_time":"2026-08-14T19:46:07Z","confidence":null,"between":null,"provider":"overture","resource":"confidence_calculation","version":"2026-08-14"}],"basic_category":"hospital","taxonomy":{"primary":"hospital","hierarchy":["health_care","hospital"],"alternates":null},"version":6}},{"id":"af07426d-8f72-4ed4-9354-189a73a06c45","type":"Feature","geometry":{"type":"Point","coordinates":[-95.397148,29.643021]},"properties":{"categories":{"primary":"gas_station","alternate":null},"confidence":0.8,"websites":["https://www.exxon.com/en/find-station/exxon-houston-tx-kirbyexpress-200329689"],"brand":{"wikidata":"Q109675651","names":{"primary":"Exxon","common":null,"rules":[]}},"addresses":[{"freeform":"1898 AIRPORT BLVD","locality":"HOUSTON","postcode":"77051","region":"TX","country":"US"}],"names":{"primary":"KIRBY EXPRESS","common":null,"rules":[]},"sources":[{"property":"","dataset":"AllThePlaces","license":"CC0-1.0","record_id":"ZPlBh8waQYSzfkc9Pd4f5-Q88n4=","update_time":"2026-08-05T15:33:36.000Z","confidence":0.8,"between":null,"provider":"alltheplaces","resource":"alltheplaces","version":"2026-08-05"},{"property":"/properties/confidence","dataset":"Overture","license":"CDLA-Permissive-2.0","record_id":null,"update_time":"2026-08-14T19:46:07Z","confidence":null,"between":null,"provider":"overture","resource":"confidence_calculation","version":"2026-08-14"},{"property":"/properties/operating_status","dataset":"Overture-signals","license":"CDLA-Permissive-2.0","record_id":"8fc2538e-0954-4275-bd95-0100e5237a79","update_time":"2026-07-20T15:59:09Z","confidence":1.0,"between":null,"provider":"overture","resource":"operating_status_signal","version":"2026-07-20"}],"operating_status":"open","basic_category":"gas_station","taxonomy":{"primary":"gas_station","hierarchy":["travel_and_transportation","fueling_station","gas_station"],"alternates":null},"version":1}},{"id":"c5a76485-49f2-4d50-950c-18143909ff7b","type":"Feature","geometry":{"type":"Point","coordinates":[-95.3975214,29.6430378]},"properties":{"categories":{"primary":"gas_station","alternate":["automotive"]},"confidence":0.9902192950248718,"websites":["https://www.exxon.com/en/find-station/exxon-houston-tx-kirbyexpress-200329689?utm_medium=referral&utm_source=yxt-bing&utm_campaign=us_fue_ret_xom_yxt"],"phones":["7135399115"],"addresses":[{"freeform":"1898 Airport Blvd","locality":"Houston","postcode":"77051","region":"TX","country":"US"}],"names":{"primary":"Exxon","common":null,"rules":null},"sources":[{"property":"","dataset":"Microsoft","license":"CDLA-Permissive-2.0","record_id":"562949965926884","update_time":"2025-09-30T20:06:11.680Z","confidence":0.85,"between":null,"provider":"microsoft","resource":"microsoft","version":"2025-10-20"},{"property":"/properties/confidence","dataset":"Overture","license":"CDLA-Permissive-2.0","record_id":null,"update_time":"2026-08-14T19:46:07Z","confidence":null,"between":null,"provider":"overture","resource":"confidence_calculation","version":"2026-08-14"},{"property":"/properties/operating_status","dataset":"Overture-signals","license":"CDLA-Permissive-2.0","record_id":"4fa9bc51-4f58-47cd-8d0e-c2a6de495576","update_time":"2026-08-10T22:54:24Z","confidence":1.0,"between":null,"provider":"overture","resource":"operating_status_signal","version":"2026-08-10"}],"operating_status":"open","basic_category":"gas_station","taxonomy":{"primary":"gas_station","hierarchy":["travel_and_transportation","fueling_station","gas_station"],"alternates":null},"version":6}},{"id":"b7a208ba-d9f0-40fd-a852-7367ee921976","type":"Feature","geometry":{"type":"Point","coordinates":[-95.39782,29.6411]},"properties":{"categories":{"primary":"health_and_medical","alternate":["hospital","doctor"]},"confidence":0.7174009680747986,"emails":["intake@sequoiatelehealth.com"],"socials":["https://www.facebook.com/2149862911925843"],"phones":["+12813058495"],"brand":{"wikidata":null,"names":{"primary":null,"common":null,"rules":null}},"addresses":[{"freeform":"25511 Budde Rd","locality":"Spring","postcode":"77380-2080","region":"TX","country":"US"}],"names":{"primary":"Sequoia Health","common":null,"rules":null},"sources":[{"property":"","dataset":"meta","license":"CDLA-Permissive-2.0","record_id":"2149862911925843","update_time":"2026-08-10T00:00:00.000Z","confidence":0.7174009680747986,"between":null,"provider":"meta","resource":"meta","version":"2026-08-10"},{"property":"/properties/confidence","dataset":"Overture","license":"CDLA-Permissive-2.0","record_id":null,"update_time":"2026-08-14T19:46:07Z","confidence":null,"between":null,"provider":"overture","resource":"confidence_calculation","version":"2026-08-14"}],"basic_category":"health_care","taxonomy":{"primary":"health_care","hierarchy":["health_care"],"alternates":null},"version":2}},{"id":"542f8a96-b946-472b-ac96-43644fc6ab72","type":"Feature","geometry":{"type":"Point","coordinates":[-95.3976543,29.6411557]},"properties":{"categories":{"primary":"home_developer","alternate":["builders"]},"confidence":0.85,"websites":["https://www.khov.com/find-new-homes/texas/houston/77051/k-hovnanian-homes/bayou-oaks-at-west-orem---40'-homesites"],"phones":["8884251508"],"addresses":[{"freeform":"2024 Groveland Glen Dr","locality":"Houston","postcode":"77051","region":"TX","country":"US"}],"names":{"primary":"K. Hovnanian Homes Bayou Oaks at West Orem","common":null,"rules":null},"sources":[{"property":"","dataset":"Microsoft","license":"CDLA-Permissive-2.0","record_id":"562949965981511","update_time":"2025-09-11T04:27:10.337Z","confidence":0.85,"between":null,"provider":"microsoft","resource":"microsoft","version":"2025-10-20"},{"property":"/properties/confidence","dataset":"Overture","license":"CDLA-Permissive-2.0","record_id":null,"update_time":"2026-08-14T19:46:07Z","confidence":null,"between":null,"provider":"overture","resource":"confidence_calculation","version":"2026-08-14"}],"basic_category":"real_estate_service","taxonomy":{"primary":"home_developer","hierarchy":["services_and_business","real_estate_service","builder","home_developer"],"alternates":null},"version":5}},{"id":"39288b0b-2681-49d9-ac31-32798e540869","type":"Feature","geometry":{"type":"Point","coordinates":[-95.39782925,29.6403789]},"properties":{"categories":{"primary":"hospice","alternate":["hospital","health_and_medical"]},"confidence":0.8761563897132874,"websites":["http://www.harborhospice.com/"],"socials":["https://www.facebook.com/303221783354437"],"phones":["+17137775290"],"brand":{"wikidata":null,"names":{"primary":"Harbor Hospice, Clear Lake","common":null,"rules":null}},"addresses":[{"freeform":"11980 Kirby Dr Ste 220","locality":"Houston","postcode":"77045","region":"TX","country":"US"}],"names":{"primary":"Harbor Hospice Central Houston","common":null,"rules":null},"sources":[{"property":"","dataset":"meta","license":"CDLA-Permissive-2.0","record_id":"303221783354437","update_time":"2026-08-10T00:00:00.000Z","confidence":0.8761563897132874,"between":null,"provider":"meta","resource":"meta","version":"2026-08-10"},{"property":"/properties/confidence","dataset":"Overture","license":"CDLA-Permissive-2.0","record_id":null,"update_time":"2026-08-14T19:46:07Z","confidence":null,"between":null,"provider":"overture","resource":"confidence_calculation","version":"2026-08-14"},{"property":"/properties/operating_status","dataset":"Overture-signals","license":"CDLA-Permissive-2.0","record_id":"8281f37f-4c01-4810-a79b-5a493953b4a5","update_time":"2026-08-10T22:54:24Z","confidence":1.0,"between":null,"provider":"overture","resource":"operating_status_signal","version":"2026-08-10"}],"operating_status":"open","basic_category":"medical_service","taxonomy":{"primary":"hospice","hierarchy":["health_care","medical_service","hospice"],"alternates":null},"version":2}},{"id":"616c9a9b-acca-4bf4-a994-ac799f0d63db","type":"Feature","geometry":{"type":"Point","coordinates":[-95.397831,29.640317]},"properties":{"categories":{"primary":"health_and_medical","alternate":null},"confidence":0.95,"websites":["https://www.chrysalishealthcare.com"],"addresses":[{"freeform":"11980 Kirby Dr Ste 102","locality":"Houston","postcode":"77045-4860","region":"TX","country":"US"}],"names":{"primary":"Chrysalis Home Healthcare","common":null,"rules":null},"sources":[{"property":"","dataset":"BrightQuery","license":"CDLA-Permissive-2.0","record_id":"382696979","update_time":"2026-08-13T13:23:42.875Z","confidence":0.95,"between":null,"provider":"brightquery","resource":"brightquery","version":"2026-08-10"},{"property":"/properties/confidence","dataset":"Overture","license":"CDLA-Permissive-2.0","record_id":null,"update_time":"2026-08-14T19:46:07Z","confidence":null,"between":null,"provider":"overture","resource":"confidence_calculation","version":"2026-08-14"}],"operating_status":"open","basic_category":"health_care","taxonomy":{"primary":"health_care","hierarchy":["health_care"],"alternates":null},"version":1}},{"id":"c58382df-eaaf-4283-8a7f-8605f3d489e9","type":"Feature","geometry":{"type":"Point","coordinates":[-95.397831,29.640317]},"properties":{"categories":{"primary":"health_and_medical","alternate":null},"confidence":0.95,"websites":["https://sequoiamedicalpractice.com"],"addresses":[{"freeform":"11980 Kirby Dr Ste 102","locality":"Houston","postcode":"77045-4860","region":"TX","country":"US"}],"names":{"primary":"Sequoia Medical Practice","common":null,"rules":null},"sources":[{"property":"","dataset":"BrightQuery","license":"CDLA-Permissive-2.0","record_id":"384826727","update_time":"2026-08-13T13:23:42.875Z","confidence":0.95,"between":null,"provider":"brightquery","resource":"brightquery","version":"2026-08-10"},{"property":"/properties/confidence","dataset":"Overture","license":"CDLA-Permissive-2.0","record_id":null,"update_time":"2026-08-14T19:46:07Z","confidence":null,"between":null,"provider":"overture","resource":"confidence_calculation","version":"2026-08-14"}],"operating_status":"open","basic_category":"health_care","taxonomy":{"primary":"health_care","hierarchy":["health_care"],"alternates":null},"version":1}},{"id":"e4b09999-089d-4b02-bb64-4920937e93b4","type":"Feature","geometry":{"type":"Point","coordinates":[-95.39160707,29.64080108]},"properties":{"categories":{"primary":"high_school","alternate":["public_school"]},"confidence":0.9983033657073974,"websites":["http://www.houstonisd.org/SECHS"],"socials":["https://www.facebook.com/230451553968390"],"phones":["+17137323623"],"brand":{"wikidata":null,"names":{"primary":null,"common":null,"rules":null}},"addresses":[{"freeform":"1930 Airport Blvd","locality":"Houston","postcode":"77051","region":"TX","country":"US"}],"names":{"primary":"South Early College High School","common":null,"rules":null},"sources":[{"property":"","dataset":"meta","license":"CDLA-Permissive-2.0","record_id":"230451553968390","update_time":"2026-08-10T00:00:00.000Z","confidence":0.9926233291625977,"between":null,"provider":"meta","resource":"meta","version":"2026-08-10"},{"property":"/properties/confidence","dataset":"Overture","license":"CDLA-Permissive-2.0","record_id":null,"update_time":"2026-08-14T19:46:07Z","confidence":null,"between":null,"provider":"overture","resource":"confidence_calculation","version":"2026-08-14"},{"property":"/properties/operating_status","dataset":"Overture-signals","license":"CDLA-Permissive-2.0","record_id":"848a027d-8f41-473d-8cef-b01660893db8","update_time":"2026-07-13T15:52:52Z","confidence":1.0,"between":null,"provider":"overture","resource":"operating_status_signal","version":"2026-07-13"}],"operating_status":"open","basic_category":"high_school","taxonomy":{"primary":"high_school","hierarchy":["education","place_of_learning","school","high_school"],"alternates":null},"version":10}},{"id":"ac5c6eda-b2ca-43c6-a9ff-e8ddbb53ad76","type":"Feature","geometry":{"type":"Point","coordinates":[-95.39163519,29.63504452]},"properties":{"categories":{"primary":"professional_sports_team","alternate":["sports_club_and_league","rugby_stadium"]},"confidence":0.9199122190475464,"socials":["https://www.facebook.com/572532783266763"],"phones":["+18324910100"],"brand":{"wikidata":null,"names":{"primary":null,"common":null,"rules":null}},"addresses":[{"freeform":"2055 Mowery Rd","locality":"Houston","postcode":"77045","region":"TX","country":"US"}],"names":{"primary":"Houston SaberCats Rugby","common":null,"rules":null},"sources":[{"property":"","dataset":"meta","license":"CDLA-Permissive-2.0","record_id":"572532783266763","update_time":"2026-08-10T00:00:00.000Z","confidence":0.9420379996299744,"between":null,"provider":"meta","resource":"meta","version":"2026-08-10"},{"property":"/properties/confidence","dataset":"Overture","license":"CDLA-Permissive-2.0","record_id":null,"update_time":"2026-08-14T19:46:07Z","confidence":null,"between":null,"provider":"overture","resource":"confidence_calculation","version":"2026-08-14"},{"property":"/properties/operating_status","dataset":"Overture-signals","license":"CDLA-Permissive-2.0","record_id":"672777fe-1c0b-4ccf-93fb-a7cafa59950f","update_time":"2026-08-10T22:54:24Z","confidence":1.0,"between":null,"provider":"overture","resource":"operating_status_signal","version":"2026-08-10"}],"operating_status":"open","basic_category":"sport_team","taxonomy":{"primary":"professional_sport_team","hierarchy":["sports_and_recreation","sport_team","professional_sport_team"],"alternates":null},"version":9}},{"id":"e6e2148e-9afc-4cd0-8808-4b492fb5894d","type":"Feature","geometry":{"type":"Point","coordinates":[-95.39543278,29.63801579]},"properties":{"categories":{"primary":"sports_and_recreation_venue","alternate":["park","stadium_arena"]},"confidence":0.9492276906967163,"websites":["http://www.houstonsportspark.com"],"emails":["nwebb@houstondynamo.com"],"socials":["https://www.facebook.com/1651189581822796"],"phones":["+17134333969"],"brand":{"wikidata":null,"names":{"primary":null,"common":null,"rules":null}},"addresses":[{"freeform":"12131 Kirby Dr","locality":"Houston","postcode":"77045","region":"TX","country":"US"}],"names":{"primary":"Houston Sports Park","common":null,"rules":null},"sources":[{"property":"","dataset":"meta","license":"CDLA-Permissive-2.0","record_id":"1651189581822796","update_time":"2026-08-10T00:00:00.000Z","confidence":0.9595807790756226,"between":null,"provider":"meta","resource":"meta","version":"2026-08-10"},{"property":"/properties/confidence","dataset":"Overture","license":"CDLA-Permissive-2.0","record_id":null,"update_time":"2026-08-14T19:46:07Z","confidence":null,"between":null,"provider":"overture","resource":"confidence_calculation","version":"2026-08-14"},{"property":"/properties/operating_status","dataset":"Overture-signals","license":"CDLA-Permissive-2.0","record_id":"2e17037d-dddd-4e9f-bc07-7cfb333bfa1e","update_time":"2026-08-10T22:54:24Z","confidence":1.0,"between":null,"provider":"overture","resource":"operating_status_signal","version":"2026-08-10"}],"operating_status":"open","basic_category":"sport_or_fitness_facility","taxonomy":{"primary":"sport_or_fitness_facility","hierarchy":["sports_and_recreation","sport_or_fitness_facility"],"alternates":null},"version":11}},{"id":"08d82563-bf10-4979-bf2b-53b0d0068a40","type":"Feature","geometry":{"type":"Point","coordinates":[-95.395741,29.637574]},"properties":{"categories":{"primary":"stadium_arena","alternate":["active_life","soccer_stadium"]},"confidence":0.9199122190475464,"websites":["http://www.houstonamateursportspark.com"],"emails":["amoses@houstondynamo.com"],"socials":["https://www.facebook.com/100622222403000"],"phones":["+17132767589"],"brand":{"wikidata":null,"names":{"primary":null,"common":null,"rules":null}},"addresses":[{"freeform":"12131 Kirby Dr","locality":"Houston","postcode":"77045-4857","region":"TX","country":"US"}],"names":{"primary":"Houston Dynamo Training Facility","common":null,"rules":null},"sources":[{"property":"","dataset":"meta","license":"CDLA-Permissive-2.0","record_id":"100622222403000","update_time":"2026-08-10T00:00:00.000Z","confidence":0.9438818097114563,"between":null,"provider":"meta","resource":"meta","version":"2026-08-10"},{"property":"/properties/confidence","dataset":"Overture","license":"CDLA-Permissive-2.0","record_id":null,"update_time":"2026-08-14T19:46:07Z","confidence":null,"between":null,"provider":"overture","resource":"confidence_calculation","version":"2026-08-14"},{"property":"/properties/operating_status","dataset":"Overture-signals","license":"CDLA-Permissive-2.0","record_id":"a63d59aa-4c19-4063-9706-ccbf7a450939","update_time":"2026-08-10T22:54:24Z","confidence":1.0,"between":null,"provider":"overture","resource":"operating_status_signal","version":"2026-08-10"}],"operating_status":"open","basic_category":"stadium_arena","taxonomy":{"primary":"stadium_arena","hierarchy":["arts_and_entertainment","stadium_arena"],"alternates":null},"version":8}},{"id":"4c83b8b6-5850-4e5a-9ae9-5ff17e0de8cc","type":"Feature","geometry":{"type":"Point","coordinates":[-95.3952941894531,29.6373920440674]},"properties":{"categories":{"primary":"clinical_laboratories","alternate":["medical_center","b2b_medical_support_services","health_and_medical","business_to_business"]},"confidence":0.9199122190475464,"websites":["https://www.houstonmethodist.org/concussion/"],"phones":["7134418850"],"addresses":[{"freeform":"12131 Kirby Dr Ste 200","locality":"Houston","postcode":"77045","region":"TX","country":"US"}],"names":{"primary":"Houston Methodist Concussion Center at Houston Sports Park","common":null,"rules":null},"sources":[{"property":"","dataset":"Microsoft","license":"CDLA-Permissive-2.0","record_id":"1407374885689577","update_time":"2019-03-06T00:45:40.230Z","confidence":0.85,"between":null,"provider":"microsoft","resource":"microsoft","version":"2025-10-20"},{"property":"/properties/confidence","dataset":"Overture","license":"CDLA-Permissive-2.0","record_id":null,"update_time":"2026-08-14T19:46:07Z","confidence":null,"between":null,"provider":"overture","resource":"confidence_calculation","version":"2026-08-14"},{"property":"/properties/operating_status","dataset":"Overture-signals","license":"CDLA-Permissive-2.0","record_id":"520fed2e-b5a6-49b8-aa8a-ed0ba3c2e1c0","update_time":"2026-08-10T22:54:24Z","confidence":1.0,"between":null,"provider":"overture","resource":"operating_status_signal","version":"2026-08-10"}],"operating_status":"open","basic_category":"b2b_service","taxonomy":{"primary":"b2b_clinical_lab","hierarchy":["services_and_business","b2b_service","b2b_medical_support_service","b2b_clinical_lab"],"alternates":null},"version":6}},{"id":"f65d09ad-36f0-41af-86e5-56ca5ce1a8aa","type":"Feature","geometry":{"type":"Point","coordinates":[-95.395162,29.63798]},"properties":{"categories":{"primary":"soccer_club","alternate":null},"confidence":0.9199122190475464,"websites":["www.houstondynamofc.com"],"phones":["17134333969"],"addresses":[{"freeform":"12131 Kirby Dr","locality":"Houston","postcode":"77045-4857","region":"TX","country":"US"}],"names":{"primary":"Dynamo Soccer Llc","common":null,"rules":null},"sources":[{"property":"","dataset":"BrightQuery","license":"CDLA-Permissive-2.0","record_id":"107196814","update_time":"2026-08-13T13:23:42.875Z","confidence":0.65,"between":null,"provider":"brightquery","resource":"brightquery","version":"2026-08-10"},{"property":"/properties/confidence","dataset":"Overture","license":"CDLA-Permissive-2.0","record_id":null,"update_time":"2026-08-14T19:46:07Z","confidence":null,"between":null,"provider":"overture","resource":"confidence_calculation","version":"2026-08-14"},{"property":"/properties/operating_status","dataset":"Overture-signals","license":"CDLA-Permissive-2.0","record_id":"c03e2f77-482c-444f-9c9d-52f9c6fa7798","update_time":"2026-08-10T22:54:24Z","confidence":1.0,"between":null,"provider":"overture","resource":"operating_status_signal","version":"2026-08-10"}],"operating_status":"open","basic_category":"sport_or_recreation_club","taxonomy":{"primary":"soccer_club","hierarchy":["sports_and_recreation","sport_or_recreation_club","soccer_club"],"alternates":null},"version":2}},{"id":"72ebc179-a564-4798-baf5-c5d289b3ba5b","type":"Feature","geometry":{"type":"Point","coordinates":[-95.395162,29.63798]},"properties":{"categories":{"primary":"active_life","alternate":null},"confidence":0.95,"websites":["https://www.houstonrugby.org"],"addresses":[{"freeform":"12131 Kirby Dr","locality":"Houston","postcode":"77045-4857","region":"TX","country":"US"}],"names":{"primary":"Houston Athletic Rugby Club","common":null,"rules":null},"sources":[{"property":"","dataset":"BrightQuery","license":"CDLA-Permissive-2.0","record_id":"385999597","update_time":"2026-08-13T13:23:42.875Z","confidence":0.95,"between":null,"provider":"brightquery","resource":"brightquery","version":"2026-08-10"},{"property":"/properties/confidence","dataset":"Overture","license":"CDLA-Permissive-2.0","record_id":null,"update_time":"2026-08-14T19:46:07Z","confidence":null,"between":null,"provider":"overture","resource":"confidence_calculation","version":"2026-08-14"}],"operating_status":"open","basic_category":"sports_and_recreation","taxonomy":{"primary":"sports_and_recreation","hierarchy":["sports_and_recreation"],"alternates":null},"version":1}},{"id":"b1f12e91-7987-4f2a-ae97-797d5dbd45f8","type":"Feature","geometry":{"type":"Point","coordinates":[-95.391742,29.6282139]},"properties":{"categories":{"primary":"pizza_delivery_service","alternate":["fast_food_restaurant"]},"confidence":0.9199122190475464,"websites":["https://pizza.dominos.com/texas/houston/1416-west-orem-drive-ste-a"],"socials":["dominos","dominos"],"brand":{"wikidata":"Q839466","names":{"primary":"Domino's","common":null,"rules":[]}},"addresses":[{"freeform":"1416 West Orem Drive Ste A","locality":"Houston","postcode":"77047","region":"TX","country":"US"}],"names":{"primary":"Domino's Pizza","common":null,"rules":[]},"sources":[{"property":"","dataset":"AllThePlaces","license":"CC0-1.0","record_id":"-eBG00-n4ykzToS67ke2gw12swc=","update_time":"2026-08-05T15:33:36.000Z","confidence":0.8,"between":null,"provider":"alltheplaces","resource":"alltheplaces","version":"2026-08-05"},{"property":"/properties/confidence","dataset":"Overture","license":"CDLA-Permissive-2.0","record_id":null,"update_time":"2026-08-14T19:46:07Z","confidence":null,"between":null,"provider":"overture","resource":"confidence_calculation","version":"2026-08-14"},{"property":"/properties/operating_status","dataset":"Overture-signals","license":"CDLA-Permissive-2.0","record_id":"871da086-e744-4897-969f-7d3db0c3b686","update_time":"2026-08-10T22:54:24Z","confidence":1.0,"between":null,"provider":"overture","resource":"operating_status_signal","version":"2026-08-10"}],"operating_status":"open","basic_category":"food_service","taxonomy":{"primary":"pizza_delivery_service","hierarchy":["lifestyle_services","food_service","food_delivery_service","pizza_delivery_service"],"alternates":["fast_food_restaurant"]},"version":8}},{"id":"a65b7b05-02e6-44a2-960f-9eacfc727e46","type":"Feature","geometry":{"type":"Point","coordinates":[-95.39278180210536,29.623890464382576]},"properties":{"categories":{"primary":"park","alternate":["accommodation","real_estate"]},"confidence":0.8838739395141602,"websites":["www.cityparkhouston.com"],"socials":["https://www.facebook.com/137873686281407"],"brand":{"wikidata":null,"names":{"primary":null,"common":null,"rules":null}},"addresses":[{"freeform":"Kirby Dr @ W Orem Dr","locality":"Houston","postcode":"77047","region":"TX","country":"US"}],"names":{"primary":"City Park","common":null,"rules":null},"sources":[{"property":"","dataset":"meta","license":"CDLA-Permissive-2.0","record_id":"137873686281407","update_time":"2026-08-10T00:00:00.000Z","confidence":0.8838739395141602,"between":null,"provider":"meta","resource":"meta","version":"2026-08-10"},{"property":"/properties/confidence","dataset":"Overture","license":"CDLA-Permissive-2.0","record_id":null,"update_time":"2026-08-14T19:46:07Z","confidence":null,"between":null,"provider":"overture","resource":"confidence_calculation","version":"2026-08-14"}],"basic_category":"park","taxonomy":{"primary":"park","hierarchy":["sports_and_recreation","park"],"alternates":null},"version":2}},{"id":"261fffe3-e29c-4018-8f5f-8b3777cdb46e","type":"Feature","geometry":{"type":"Point","coordinates":[-95.3931985,29.6244492]},"properties":{"confidence":0.85,"websites":["http://dandtservice.com/"],"phones":["7133827467"],"addresses":[{"freeform":"11829 Longwood Garden Way","locality":"Houston","postcode":"77047","region":"TX","country":"US"}],"names":{"primary":"D&T Carpet Service, LLC","common":null,"rules":null},"sources":[{"property":"","dataset":"Microsoft","license":"CDLA-Permissive-2.0","record_id":"562949963853515","update_time":"2022-11-18T15:31:49.787Z","confidence":0.85,"between":null,"provider":"microsoft","resource":"microsoft","version":"2025-10-20"},{"property":"/properties/confidence","dataset":"Overture","license":"CDLA-Permissive-2.0","record_id":null,"update_time":"2026-08-14T19:46:07Z","confidence":null,"between":null,"provider":"overture","resource":"confidence_calculation","version":"2026-08-14"}],"version":2}},{"id":"39ee068e-013a-4995-aa4d-a051568990b7","type":"Feature","geometry":{"type":"Point","coordinates":[-95.39316506,29.62259391]},"properties":{"categories":{"primary":"gutter_service","alternate":["home_cleaning","home_service"]},"confidence":0.37881526350975037,"websites":["https://homesmiles.com/location/homesmiles-pearland/"],"emails":["info@homesmiles.com"],"socials":["https://www.facebook.com/787076854493270"],"phones":["+18326759397"],"brand":{"wikidata":null,"names":{"primary":"HomeSmiles","common":null,"rules":null}},"addresses":[{"freeform":"11927 Sanspereil Dr","locality":"Houston","postcode":"77047","region":"TX","country":"US"}],"names":{"primary":"HomeSmiles Pearland","common":null,"rules":null},"sources":[{"property":"","dataset":"meta","license":"CDLA-Permissive-2.0","record_id":"787076854493270","update_time":"2026-08-10T00:00:00.000Z","confidence":0.37881526350975037,"between":null,"provider":"meta","resource":"meta","version":"2026-08-10"},{"property":"/properties/confidence","dataset":"Overture","license":"CDLA-Permissive-2.0","record_id":null,"update_time":"2026-08-14T19:46:07Z","confidence":null,"between":null,"provider":"overture","resource":"confidence_calculation","version":"2026-08-14"}],"basic_category":"home_service","taxonomy":{"primary":"gutter_service","hierarchy":["services_and_business","home_service","gutter_service"],"alternates":null},"version":5}},{"id":"1278b208-2ed9-4a55-ba9f-a41fe9232840","type":"Feature","geometry":{"type":"Point","coordinates":[-95.39401,29.62093]},"properties":{"categories":{"primary":"business_advertising","alternate":null},"confidence":0.2704145610332489,"websites":["http://www.clearpath-marketing.com/"],"emails":["support@clearpath-marketing.com"],"socials":["https://www.facebook.com/1237560469438839"],"phones":["+18022660003"],"brand":{"wikidata":null,"names":{"primary":null,"common":null,"rules":null}},"addresses":[{"freeform":"1542 Summer City Dr","locality":"Houston","postcode":"77047-3414","region":"TX","country":"US"}],"names":{"primary":"Clearpath Marketing LLC","common":null,"rules":null},"sources":[{"property":"","dataset":"meta","license":"CDLA-Permissive-2.0","record_id":"1237560469438839","update_time":"2026-08-10T00:00:00.000Z","confidence":0.2704145610332489,"between":null,"provider":"meta","resource":"meta","version":"2026-08-10"},{"property":"/properties/confidence","dataset":"Overture","license":"CDLA-Permissive-2.0","record_id":null,"update_time":"2026-08-14T19:46:07Z","confidence":null,"between":null,"provider":"overture","resource":"confidence_calculation","version":"2026-08-14"}],"basic_category":"b2b_office_and_professional_service","taxonomy":{"primary":"b2b_advertising_and_marketing_service","hierarchy":["services_and_business","b2b_service","b2b_office_and_professional_service","b2b_advertising_and_marketing_service"],"alternates":null},"version":1}},{"id":"1320c2b2-609e-418e-af12-ab8073c36a8c","type":"Feature","geometry":{"type":"Point","coordinates":[-95.39395,29.62396]},"properties":{"categories":{"primary":"home_goods_store","alternate":null},"confidence":0.2057395726442337,"websites":["http://afytsh-98.myshopify.com/"],"emails":["quinbertor@outlook.com"],"socials":["https://www.facebook.com/1197038603502544"],"phones":["+17579001850"],"brand":{"wikidata":null,"names":{"primary":null,"common":null,"rules":null}},"addresses":[{"freeform":"11914 Longwood Garden Dr","locality":"Houston","postcode":"77047-4450","region":"TX","country":"US"}],"names":{"primary":"Premium Coffee Accessories Shop","common":null,"rules":null},"sources":[{"property":"","dataset":"meta","license":"CDLA-Permissive-2.0","record_id":"1197038603502544","update_time":"2026-08-10T00:00:00.000Z","confidence":0.2057395726442337,"between":null,"provider":"meta","resource":"meta","version":"2026-08-10"},{"property":"/properties/confidence","dataset":"Overture","license":"CDLA-Permissive-2.0","record_id":null,"update_time":"2026-08-14T19:46:07Z","confidence":null,"between":null,"provider":"overture","resource":"confidence_calculation","version":"2026-08-14"}],"basic_category":"hardware_home_and_garden_store","taxonomy":{"primary":"home_goods_store","hierarchy":["shopping","specialty_store","hardware_home_and_garden_store","home_goods_store"],"alternates":null},"version":1}},{"id":"6f3b945b-14d1-4127-ae40-8020bbf9d7a1","type":"Feature","geometry":{"type":"Point","coordinates":[-95.39375,29.62459]},"properties":{"categories":{"primary":"professional_services","alternate":null},"confidence":0.25391286611557007,"emails":["bearilla333@gmail.com"],"socials":["https://www.facebook.com/1006264909236421"],"phones":["+13467025032"],"brand":{"wikidata":null,"names":{"primary":null,"common":null,"rules":null}},"addresses":[{"freeform":"11826 Longwood Garden Dr","locality":"Houston","postcode":"77047-4434","region":"TX","country":"US"}],"names":{"primary":"Aerial Looks","common":null,"rules":null},"sources":[{"property":"","dataset":"meta","license":"CDLA-Permissive-2.0","record_id":"1006264909236421","update_time":"2026-08-10T00:00:00.000Z","confidence":0.25391286611557007,"between":null,"provider":"meta","resource":"meta","version":"2026-08-10"},{"property":"/properties/confidence","dataset":"Overture","license":"CDLA-Permissive-2.0","record_id":null,"update_time":"2026-08-14T19:46:07Z","confidence":null,"between":null,"provider":"overture","resource":"confidence_calculation","version":"2026-08-14"}],"basic_category":"professional_service","taxonomy":{"primary":"professional_service","hierarchy":["services_and_business","professional_service"],"alternates":null},"version":1}},{"id":"e728b2a5-a332-413b-a692-03472dbbf6c7","type":"Feature","geometry":{"type":"Point","coordinates":[-95.39427959999999,29.6237352]},"properties":{"categories":{"primary":"landmark_and_historical_building","alternate":null},"confidence":0.9722161889076233,"websites":["http://IvyLofts.prospectportal.com/"],"socials":["https://www.facebook.com/328294020347805"],"phones":["+18325349030"],"brand":{"wikidata":null,"names":{"primary":null,"common":null,"rules":null}},"addresses":[{"freeform":"1466 Ivy Park Terrace","locality":"Houston","postcode":"77047","region":"TX","country":"US"}],"names":{"primary":"Ivy Lofts","common":null,"rules":null},"sources":[{"property":"","dataset":"meta","license":"CDLA-Permissive-2.0","record_id":"328294020347805","update_time":"2026-08-10T00:00:00.000Z","confidence":0.943375289440155,"between":null,"provider":"meta","resource":"meta","version":"2026-08-10"},{"property":"/properties/confidence","dataset":"Overture","license":"CDLA-Permissive-2.0","record_id":null,"update_time":"2026-08-14T19:46:07Z","confidence":null,"between":null,"provider":"overture","resource":"confidence_calculation","version":"2026-08-14"},{"property":"/properties/operating_status","dataset":"Overture-signals","license":"CDLA-Permissive-2.0","record_id":"41245a98-1552-41ec-96e8-d9efb696c2f2","update_time":"2026-07-13T15:52:52Z","confidence":1.0,"between":null,"provider":"overture","resource":"operating_status_signal","version":"2026-07-13"}],"operating_status":"open","basic_category":"historic_site","taxonomy":{"primary":"historic_site","hierarchy":["cultural_and_historic","historic_site"],"alternates":null},"version":8}},{"id":"98ff9c4f-48d3-4b4c-9f66-af6bb2cf9a1f","type":"Feature","geometry":{"type":"Point","coordinates":[-95.39458461,29.62467437]},"properties":{"categories":{"primary":"park","alternate":["attractions_and_activities","community_center"]},"confidence":0.9595921635627747,"websites":["http://www.cityparkhouston.com/"],"emails":["contact@spectrumam.com"],"socials":["https://www.facebook.com/711810415607991"],"phones":["+17137830308"],"brand":{"wikidata":null,"names":{"primary":null,"common":null,"rules":null}},"addresses":[{"freeform":"City Park Dr &, Cogburn Park Dr","locality":"Houston","postcode":"77047","region":"TX","country":"US"}],"names":{"primary":"Central Park","common":null,"rules":null},"sources":[{"property":"","dataset":"meta","license":"CDLA-Permissive-2.0","record_id":"711810415607991","update_time":"2026-08-10T00:00:00.000Z","confidence":0.9595921635627747,"between":null,"provider":"meta","resource":"meta","version":"2026-08-10"},{"property":"/properties/confidence","dataset":"Overture","license":"CDLA-Permissive-2.0","record_id":null,"update_time":"2026-08-14T19:46:07Z","confidence":null,"between":null,"provider":"overture","resource":"confidence_calculation","version":"2026-08-14"}],"basic_category":"park","taxonomy":{"primary":"park","hierarchy":["sports_and_recreation","park"],"alternates":null},"version":10}},{"id":"f7932969-3cbf-47b2-b163-9dc29af69abb","type":"Feature","geometry":{"type":"Point","coordinates":[-95.39566,29.62676]},"properties":{"categories":{"primary":"party_and_event_planning","alternate":null},"confidence":0.19512316584587097,"websites":["http://www.princesspartiesofhouston.com/"],"emails":["info@princesspartiesofhouston.com"],"socials":["https://www.facebook.com/2331224263554988"],"phones":["+12813772295"],"brand":{"wikidata":null,"names":{"primary":null,"common":null,"rules":null}},"addresses":[{"freeform":null,"locality":"Houston","postcode":null,"region":"TX","country":"US"}],"names":{"primary":"Princess Parties of Houston","common":null,"rules":null},"sources":[{"property":"","dataset":"meta","license":"CDLA-Permissive-2.0","record_id":"2331224263554988","update_time":"2026-08-10T00:00:00.000Z","confidence":0.19512316584587097,"between":null,"provider":"meta","resource":"meta","version":"2026-08-10"},{"property":"/properties/confidence","dataset":"Overture","license":"CDLA-Permissive-2.0","record_id":null,"update_time":"2026-08-14T19:46:07Z","confidence":null,"between":null,"provider":"overture","resource":"confidence_calculation","version":"2026-08-14"}],"basic_category":"event_or_party_service","taxonomy":{"primary":"party_and_event_planning","hierarchy":["services_and_business","event_or_party_service","party_and_event_planning"],"alternates":null},"version":1}},{"id":"98e89889-0465-4bb2-b115-26042a38b1e9","type":"Feature","geometry":{"type":"Point","coordinates":[-95.3960866,29.627181]},"properties":{"categories":{"primary":"package_locker","alternate":null},"confidence":0.8,"brand":{"wikidata":"Q16974764","names":{"primary":"Amazon Locker","common":null,"rules":[]}},"addresses":[{"freeform":"Kirby Primetime Chevron, 12703 Kirby Dr","locality":"Houston","postcode":"77047-2621","region":"TX","country":"US"}],"names":{"primary":"Amazon Locker - Cowgirl","common":null,"rules":[]},"sources":[{"property":"","dataset":"AllThePlaces","license":"CC0-1.0","record_id":"0KlQYiaiSYUQWjmUnWitRSAzHKQ=","update_time":"2026-08-05T15:33:36.000Z","confidence":0.8,"between":null,"provider":"alltheplaces","resource":"alltheplaces","version":"2026-08-05"},{"property":"/properties/confidence","dataset":"Overture","license":"CDLA-Permissive-2.0","record_id":null,"update_time":"2026-08-14T19:46:07Z","confidence":null,"between":null,"provider":"overture","resource":"confidence_calculation","version":"2026-08-14"},{"property":"/properties/operating_status","dataset":"Overture-signals","license":"CDLA-Permissive-2.0","record_id":"b1fb7f53-701b-43fb-8d0d-41d652eaf25d","update_time":"2026-08-10T22:54:24Z","confidence":1.0,"between":null,"provider":"overture","resource":"operating_status_signal","version":"2026-08-10"}],"operating_status":"open","basic_category":"storage_facility","taxonomy":{"primary":"package_locker","hierarchy":["services_and_business","storage_facility","package_locker"],"alternates":null},"version":3}},{"id":"efa37a4a-fac5-477c-bb92-e33c45767637","type":"Feature","geometry":{"type":"Point","coordinates":[-95.396227,29.627287]},"properties":{"categories":{"primary":"gas_station","alternate":null},"confidence":0.9881861802339554,"websites":["https://www.chevronwithtechron.com/en_us/home/gas-station-near-me.html?/station/12703-KIRBY-DR--HOUSTON-TX-77047-id379751"],"brand":{"wikidata":"Q319642","names":{"primary":"Chevron","common":null,"rules":[]}},"addresses":[{"freeform":"12703 KIRBY DR.","locality":"HOUSTON","postcode":"77047","region":"TX","country":"US"}],"names":{"primary":"Chevron","common":null,"rules":[]},"sources":[{"property":"","dataset":"AllThePlaces","license":"CC0-1.0","record_id":"HVo3hTmlkrHXs3kvbNYCCIkJkDM=","update_time":"2026-08-05T15:33:36.000Z","confidence":0.8,"between":null,"provider":"alltheplaces","resource":"alltheplaces","version":"2026-08-05"},{"property":"/properties/confidence","dataset":"Overture","license":"CDLA-Permissive-2.0","record_id":null,"update_time":"2026-08-14T19:46:07Z","confidence":null,"between":null,"provider":"overture","resource":"confidence_calculation","version":"2026-08-14"}],"basic_category":"gas_station","taxonomy":{"primary":"gas_station","hierarchy":["travel_and_transportation","fueling_station","gas_station"],"alternates":null},"version":3}},{"id":"0faf9ae9-546d-4818-93a8-6a6f128578ca","type":"Feature","geometry":{"type":"Point","coordinates":[-95.3960448,29.62742559]},"properties":{"categories":{"primary":"cocktail_bar","alternate":["bar","theme_restaurant"]},"confidence":0.9199122190475464,"socials":["https://www.facebook.com/106742084483438"],"phones":["+17132592350"],"brand":{"wikidata":null,"names":{"primary":null,"common":null,"rules":null}},"addresses":[{"freeform":"12703 Kirby Dr Ste A","locality":"Houston","postcode":"77047","region":"TX","country":"US"}],"names":{"primary":"Daiquiri Island To Go","common":null,"rules":null},"sources":[{"property":"","dataset":"meta","license":"CDLA-Permissive-2.0","record_id":"106742084483438","update_time":"2026-08-10T00:00:00.000Z","confidence":0.615004301071167,"between":null,"provider":"meta","resource":"meta","version":"2026-08-10"},{"property":"/properties/confidence","dataset":"Overture","license":"CDLA-Permissive-2.0","record_id":null,"update_time":"2026-08-14T19:46:07Z","confidence":null,"between":null,"provider":"overture","resource":"confidence_calculation","version":"2026-08-14"},{"property":"/properties/operating_status","dataset":"Overture-signals","license":"CDLA-Permissive-2.0","record_id":"77c94f1d-447f-4d27-a9a5-9603566aa4d7","update_time":"2026-08-10T22:54:24Z","confidence":1.0,"between":null,"provider":"overture","resource":"operating_status_signal","version":"2026-08-10"}],"operating_status":"open","basic_category":"bar","taxonomy":{"primary":"cocktail_bar","hierarchy":["food_and_drink","alcoholic_beverage_venue","bar","cocktail_bar"],"alternates":null},"version":12}},{"id":"3e319213-5ae3-4c47-ae8b-cccd2d759874","type":"Feature","geometry":{"type":"Point","coordinates":[-95.3963542,29.6273508]},"properties":{"categories":{"primary":"propane_supplier","alternate":null},"confidence":0.9199122190475464,"websites":["https://bluerhino.com/propane-finder?utm_source=bing&utm_medium=map&utm_campaign=vending_map&utm_content=181927"],"phones":["3468673918"],"addresses":[{"freeform":"12703 Kirby Dr","locality":"Houston","postcode":"77047","region":"TX","country":"US"}],"names":{"primary":"Blue Rhino Propane Exchange","common":null,"rules":null},"sources":[{"property":"","dataset":"Microsoft","license":"CDLA-Permissive-2.0","record_id":"562949960469390","update_time":"2025-09-13T06:35:15.570Z","confidence":0.85,"between":null,"provider":"microsoft","resource":"microsoft","version":"2025-10-20"},{"property":"/properties/confidence","dataset":"Overture","license":"CDLA-Permissive-2.0","record_id":null,"update_time":"2026-08-14T19:46:07Z","confidence":null,"between":null,"provider":"overture","resource":"confidence_calculation","version":"2026-08-14"},{"property":"/properties/operating_status","dataset":"Overture-signals","license":"CDLA-Permissive-2.0","record_id":"0eb7730a-0d2f-4719-9a82-d5a8e893a0f5","update_time":"2026-08-10T22:54:24Z","confidence":1.0,"between":null,"provider":"overture","resource":"operating_status_signal","version":"2026-08-10"}],"operating_status":"open","basic_category":"supplier_or_distributor","taxonomy":{"primary":"propane_supplier","hierarchy":["services_and_business","b2b_service","supplier_or_distributor","propane_supplier"],"alternates":null},"version":6}},{"id":"00ad0b35-7f15-4378-b5e6-c24116209416","type":"Feature","geometry":{"type":"Point","coordinates":[-95.396311,29.62733]},"properties":{"categories":{"primary":"tobacco_shop","alternate":["retail"]},"confidence":0.9199122190475464,"websites":["https://kushkingdomtx.com/smoke-shop-in-houston/"],"phones":["2815023032"],"addresses":[{"freeform":"12703 Kirby Dr Ste C","locality":"Houston","postcode":"77047","region":"TX","country":"US"}],"names":{"primary":"Kush Kingdom | Smoke Shop","common":null,"rules":null},"sources":[{"property":"","dataset":"Microsoft","license":"CDLA-Permissive-2.0","record_id":"2251799820960328","update_time":"2025-08-28T11:56:46.007Z","confidence":0.85,"between":null,"provider":"microsoft","resource":"microsoft","version":"2025-10-20"},{"property":"/properties/confidence","dataset":"Overture","license":"CDLA-Permissive-2.0","record_id":null,"update_time":"2026-08-14T19:46:07Z","confidence":null,"between":null,"provider":"overture","resource":"confidence_calculation","version":"2026-08-14"},{"property":"/properties/operating_status","dataset":"Overture-signals","license":"CDLA-Permissive-2.0","record_id":"fc73135a-831e-4bf8-aac1-f83fa659ad53","update_time":"2026-08-10T22:54:24Z","confidence":1.0,"between":null,"provider":"overture","resource":"operating_status_signal","version":"2026-08-10"}],"operating_status":"open","basic_category":"food_and_beverage_store","taxonomy":{"primary":"tobacco_shop","hierarchy":["shopping","food_and_beverage_store","tobacco_shop"],"alternates":null},"version":9}},{"id":"4d4c03e5-2be6-46e4-80e4-325fa94a8b40","type":"Feature","geometry":{"type":"Point","coordinates":[-95.397523,29.623942]},"properties":{"categories":{"primary":"school","alternate":["elementary_school"]},"confidence":0.9620732069015503,"websites":["http://www.prestigelearningctr.com/"],"emails":["info.prestigelearning@gmail.com"],"socials":["https://www.facebook.com/100288921945355"],"phones":["+12818039828"],"brand":{"wikidata":null,"names":{"primary":null,"common":null,"rules":null}},"addresses":[{"freeform":"11834 Jelicoe Dr","locality":"Houston","postcode":"77047-3522","region":"TX","country":"US"}],"names":{"primary":"Prestige Learning Center","common":null,"rules":null},"sources":[{"property":"","dataset":"meta","license":"CDLA-Permissive-2.0","record_id":"100288921945355","update_time":"2026-08-10T00:00:00.000Z","confidence":0.9620732069015503,"between":null,"provider":"meta","resource":"meta","version":"2026-08-10"},{"property":"/properties/confidence","dataset":"Overture","license":"CDLA-Permissive-2.0","record_id":null,"update_time":"2026-08-14T19:46:07Z","confidence":null,"between":null,"provider":"overture","resource":"confidence_calculation","version":"2026-08-14"},{"property":"/properties/operating_status","dataset":"Overture-signals","license":"CDLA-Permissive-2.0","record_id":"ab3d8103-7dcf-458e-8784-5d8a956a2787","update_time":"2026-08-10T22:54:24Z","confidence":1.0,"between":null,"provider":"overture","resource":"operating_status_signal","version":"2026-08-10"}],"operating_status":"open","basic_category":"place_of_learning","taxonomy":{"primary":"school","hierarchy":["education","place_of_learning","school"],"alternates":null},"version":9}},{"id":"dd5c3a22-f4c6-4573-b546-cd27993715c4","type":"Feature","geometry":{"type":"Point","coordinates":[-95.39917,29.62173]},"properties":{"categories":{"primary":"day_care_preschool","alternate":null},"confidence":0.2898320257663727,"websites":["https://gtkidsacademy.com/"],"emails":["rdotson@gtkidsacademy.com"],"socials":["https://www.facebook.com/660492387151258"],"phones":["+12818889745"],"brand":{"wikidata":null,"names":{"primary":null,"common":null,"rules":null}},"addresses":[{"freeform":"12707 Kirby Dr","locality":"Houston","postcode":"77047-2621","region":"TX","country":"US"}],"names":{"primary":"GTK Learning Center","common":null,"rules":null},"sources":[{"property":"","dataset":"meta","license":"CDLA-Permissive-2.0","record_id":"660492387151258","update_time":"2026-08-10T00:00:00.000Z","confidence":0.2898320257663727,"between":null,"provider":"meta","resource":"meta","version":"2026-08-10"},{"property":"/properties/confidence","dataset":"Overture","license":"CDLA-Permissive-2.0","record_id":null,"update_time":"2026-08-14T19:46:07Z","confidence":null,"between":null,"provider":"overture","resource":"confidence_calculation","version":"2026-08-14"}],"basic_category":"family_service","taxonomy":{"primary":"day_care_preschool","hierarchy":["services_and_business","family_service","child_care_and_day_care","day_care_preschool"],"alternates":null},"version":2}},{"id":"b2b41df1-0b2b-4c58-b9a7-d90cd50ee628","type":"Feature","geometry":{"type":"Point","coordinates":[-95.39760291,29.61822323]},"properties":{"categories":{"primary":"construction_services","alternate":["contractor","public_utility_company"]},"confidence":0.9199122190475464,"websites":["http://www.pucc.org"],"emails":["michaelwoodcock@pucc.org"],"socials":["https://www.facebook.com/132733606778419"],"phones":["+17134341924"],"brand":{"wikidata":null,"names":{"primary":null,"common":null,"rules":null}},"addresses":[{"freeform":"13001 Elaine Rd","locality":"Houston","postcode":"77047","region":"TX","country":"US"}],"names":{"primary":"Portland Utilities Construction Co","common":null,"rules":null},"sources":[{"property":"","dataset":"meta","license":"CDLA-Permissive-2.0","record_id":"132733606778419","update_time":"2026-08-10T00:00:00.000Z","confidence":0.5797509551048279,"between":null,"provider":"meta","resource":"meta","version":"2026-08-10"},{"property":"/properties/confidence","dataset":"Overture","license":"CDLA-Permissive-2.0","record_id":null,"update_time":"2026-08-14T19:46:07Z","confidence":null,"between":null,"provider":"overture","resource":"confidence_calculation","version":"2026-08-14"},{"property":"/properties/operating_status","dataset":"Overture-signals","license":"CDLA-Permissive-2.0","record_id":"c978af6d-164d-4473-b134-320cd387b874","update_time":"2026-08-10T22:54:24Z","confidence":1.0,"between":null,"provider":"overture","resource":"operating_status_signal","version":"2026-08-10"}],"operating_status":"open","basic_category":"building_or_construction_service","taxonomy":{"primary":"building_or_construction_service","hierarchy":["services_and_business","building_or_construction_service"],"alternates":null},"version":8}},{"id":"b11efc82-0537-4e17-aaeb-058b13a1db7d","type":"Feature","geometry":{"type":"Point","coordinates":[-95.39576,29.61846]},"properties":{"categories":{"primary":"information_technology_company","alternate":null},"confidence":0.2756676971912384,"websites":["https://athlynx.ai/"],"emails":["cdozier14@dozierholdingsgroup.com.mx"],"socials":["https://www.facebook.com/1038567066015411"],"phones":["+16014985282"],"brand":{"wikidata":null,"names":{"primary":null,"common":null,"rules":null}},"addresses":[{"freeform":"12306 Lake Portal Dr","locality":"Houston","postcode":"77047-3536","region":"TX","country":"US"}],"names":{"primary":"Athlynx - The Complete Athlete Ecosystem","common":null,"rules":null},"sources":[{"property":"","dataset":"meta","license":"CDLA-Permissive-2.0","record_id":"1038567066015411","update_time":"2026-08-10T00:00:00.000Z","confidence":0.2756676971912384,"between":null,"provider":"meta","resource":"meta","version":"2026-08-10"},{"property":"/properties/confidence","dataset":"Overture","license":"CDLA-Permissive-2.0","record_id":null,"update_time":"2026-08-14T19:46:07Z","confidence":null,"between":null,"provider":"overture","resource":"confidence_calculation","version":"2026-08-14"}],"basic_category":"corporate_or_business_office","taxonomy":{"primary":"information_technology_company","hierarchy":["services_and_business","corporate_or_business_office","information_technology_company"],"alternates":null},"version":1}},{"id":"c5c3499e-c23b-47d5-819c-8c6cfd7b9bf9","type":"Feature","geometry":{"type":"Point","coordinates":[-95.399716,29.614435]},"properties":{"categories":{"primary":"towing_service","alternate":["education","automotive_repair"]},"confidence":0.658578097820282,"websites":["http://Www.swtowingce.com/"],"emails":["swtowingce@gmail.com"],"socials":["https://www.facebook.com/2034820443469227"],"phones":["+13462182888"],"brand":{"wikidata":null,"names":{"primary":null,"common":null,"rules":null}},"addresses":[{"freeform":"1429 Almeda-Genoa Rd","locality":"Houston","postcode":"77047-4211","region":"TX","country":"US"}],"names":{"primary":"SW Towing CE","common":null,"rules":null},"sources":[{"property":"","dataset":"meta","license":"CDLA-Permissive-2.0","record_id":"2034820443469227","update_time":"2026-08-10T00:00:00.000Z","confidence":0.658578097820282,"between":null,"provider":"meta","resource":"meta","version":"2026-08-10"},{"property":"/properties/confidence","dataset":"Overture","license":"CDLA-Permissive-2.0","record_id":null,"update_time":"2026-08-14T19:46:07Z","confidence":null,"between":null,"provider":"overture","resource":"confidence_calculation","version":"2026-08-14"}],"basic_category":"automotive_service","taxonomy":{"primary":"towing_service","hierarchy":["travel_and_transportation","vehicle_service","automotive_service","towing_service"],"alternates":null},"version":8}},{"id":"40e1be0c-2f66-43ab-a76e-3daf07d2e1ab","type":"Feature","geometry":{"type":"Point","coordinates":[-95.39975,29.614437]},"properties":{"categories":{"primary":"towing_service","alternate":["automotive_repair"]},"confidence":0.8499984741210938,"socials":["https://www.facebook.com/1235184863257446"],"phones":["+18325381640"],"brand":{"wikidata":null,"names":{"primary":null,"common":null,"rules":null}},"addresses":[{"freeform":"1429 Almeda Genoa Rd","locality":"Houston","postcode":"77047","region":"TX","country":"US"}],"names":{"primary":"Tow Chain Auto Storage Inc.","common":null,"rules":null},"sources":[{"property":"","dataset":"meta","license":"CDLA-Permissive-2.0","record_id":"1235184863257446","update_time":"2026-08-10T00:00:00.000Z","confidence":0.8499984741210938,"between":null,"provider":"meta","resource":"meta","version":"2026-08-10"},{"property":"/properties/confidence","dataset":"Overture","license":"CDLA-Permissive-2.0","record_id":null,"update_time":"2026-08-14T19:46:07Z","confidence":null,"between":null,"provider":"overture","resource":"confidence_calculation","version":"2026-08-14"}],"basic_category":"automotive_service","taxonomy":{"primary":"towing_service","hierarchy":["travel_and_transportation","vehicle_service","automotive_service","towing_service"],"alternates":null},"version":10}},{"id":"7373285e-e689-453d-814c-7acbe20dbf5e","type":"Feature","geometry":{"type":"Point","coordinates":[-95.395147,29.608899]},"properties":{"categories":{"primary":"music_venue","alternate":["stadium_arena","topic_concert_venue"]},"confidence":0.806465744972229,"websites":["https://local.yahoo.com/info-28095415-plaza-rodeo-san-miguel-houston"],"emails":["mariana@publicidadl.com"],"socials":["https://www.facebook.com/494209624003252"],"phones":["+17133344603"],"brand":{"wikidata":null,"names":{"primary":null,"common":null,"rules":null}},"addresses":[{"freeform":"13700 Karalas Ln","locality":"Houston","postcode":"77047-4560","region":"TX","country":"US"}],"names":{"primary":"Plaza Rodeo San Miguel","common":null,"rules":null},"sources":[{"property":"","dataset":"meta","license":"CDLA-Permissive-2.0","record_id":"494209624003252","update_time":"2026-08-10T00:00:00.000Z","confidence":0.806465744972229,"between":null,"provider":"meta","resource":"meta","version":"2026-08-10"},{"property":"/properties/confidence","dataset":"Overture","license":"CDLA-Permissive-2.0","record_id":null,"update_time":"2026-08-14T19:46:07Z","confidence":null,"between":null,"provider":"overture","resource":"confidence_calculation","version":"2026-08-14"}],"basic_category":"music_venue","taxonomy":{"primary":"music_venue","hierarchy":["arts_and_entertainment","performing_arts_venue","music_venue"],"alternates":null},"version":6}},{"id":"44a71f8b-9753-4a65-ae97-728212dcdf96","type":"Feature","geometry":{"type":"Point","coordinates":[-95.39522,29.60888]},"properties":{"categories":{"primary":"arts_and_entertainment","alternate":["rodeo","active_life"]},"confidence":0.35958951711654663,"websites":["http://www.promocioneszirandaro.com/"],"emails":["promocioneszirandaro2@gmail.com"],"socials":["https://www.facebook.com/1554620544795114"],"phones":["+12813721790"],"brand":{"wikidata":null,"names":{"primary":null,"common":null,"rules":null}},"addresses":[{"freeform":"13700 Karalas Ln","locality":"Houston","postcode":"77047-4560","region":"TX","country":"US"}],"names":{"primary":"Promociones Zirandaro","common":null,"rules":null},"sources":[{"property":"","dataset":"meta","license":"CDLA-Permissive-2.0","record_id":"1554620544795114","update_time":"2026-08-10T00:00:00.000Z","confidence":0.35958951711654663,"between":null,"provider":"meta","resource":"meta","version":"2026-08-10"},{"property":"/properties/confidence","dataset":"Overture","license":"CDLA-Permissive-2.0","record_id":null,"update_time":"2026-08-14T19:46:07Z","confidence":null,"between":null,"provider":"overture","resource":"confidence_calculation","version":"2026-08-14"}],"basic_category":"arts_and_entertainment","taxonomy":{"primary":"arts_and_entertainment","hierarchy":["arts_and_entertainment"],"alternates":null},"version":9}},{"id":"9214add8-ac18-4fc6-9aaa-d8f4c43b6188","type":"Feature","geometry":{"type":"Point","coordinates":[-95.3956984,29.6094331]},"properties":{"categories":{"primary":"venue_and_event_space","alternate":null},"confidence":0.984529972076416,"phones":["12813721790"],"addresses":[{"freeform":"13700 Karalas Ln","locality":"Houston","postcode":"77047-4560","region":"TX","country":"US"}],"names":{"primary":"Monumental Plaza Garibaldi","common":null,"rules":null},"sources":[{"property":"","dataset":"BrightQuery","license":"CDLA-Permissive-2.0","record_id":"99853241","update_time":"2026-08-13T13:23:42.875Z","confidence":0.75,"between":null,"provider":"brightquery","resource":"brightquery","version":"2026-08-10"},{"property":"/properties/confidence","dataset":"Overture","license":"CDLA-Permissive-2.0","record_id":null,"update_time":"2026-08-14T19:46:07Z","confidence":null,"between":null,"provider":"overture","resource":"confidence_calculation","version":"2026-08-14"},{"property":"/properties/operating_status","dataset":"Overture-signals","license":"CDLA-Permissive-2.0","record_id":"3927e596-a12f-4ef4-a84d-e7f515acc61f","update_time":"2026-08-10T22:54:24Z","confidence":1.0,"between":null,"provider":"overture","resource":"operating_status_signal","version":"2026-08-10"}],"operating_status":"open","basic_category":"event_venue","taxonomy":{"primary":"event_venue","hierarchy":["arts_and_entertainment","event_venue"],"alternates":null},"version":9}},{"id":"c46b38c0-5471-4c22-a9f7-e357f0f73bd6","type":"Feature","geometry":{"type":"Point","coordinates":[-95.39376028,29.61219105]},"properties":{"categories":{"primary":"auction_house","alternate":["automotive_dealer"]},"confidence":0.9722161889076233,"websites":["http://aaahoustontexas.com/"],"socials":["https://www.facebook.com/1007582945950523"],"phones":["+12818193600"],"brand":{"wikidata":null,"names":{"primary":"America's Auto Auction Richmond","common":null,"rules":null}},"addresses":[{"freeform":"1826 Almeda Genoa Rd","locality":"Houston","postcode":"77047","region":"TX","country":"US"}],"names":{"primary":"America's Auto Auction Houston","common":null,"rules":null},"sources":[{"property":"","dataset":"meta","license":"CDLA-Permissive-2.0","record_id":"1007582945950523","update_time":"2026-08-10T00:00:00.000Z","confidence":0.9301596879959106,"between":null,"provider":"meta","resource":"meta","version":"2026-08-10"},{"property":"/properties/confidence","dataset":"Overture","license":"CDLA-Permissive-2.0","record_id":null,"update_time":"2026-08-14T19:46:07Z","confidence":null,"between":null,"provider":"overture","resource":"confidence_calculation","version":"2026-08-14"},{"property":"/properties/operating_status","dataset":"Overture-signals","license":"CDLA-Permissive-2.0","record_id":"8ae48277-fe4c-4a26-a941-2c2fedefdefa","update_time":"2026-08-10T22:54:24Z","confidence":1.0,"between":null,"provider":"overture","resource":"operating_status_signal","version":"2026-08-10"}],"operating_status":"open","basic_category":"specialty_store","taxonomy":{"primary":"auction_house","hierarchy":["shopping","specialty_store","auction_house"],"alternates":null},"version":11}},{"id":"12481d50-ddea-487c-8612-593a96469abb","type":"Feature","geometry":{"type":"Point","coordinates":[-95.392378,29.613448]},"properties":{"categories":{"primary":"appliance_store","alternate":null},"confidence":0.9199122190475464,"websites":["https://www.metrowholesale.net"],"phones":["17134337248"],"addresses":[{"freeform":"2014 Almeda Genoa Rd","locality":"Houston","postcode":"77047-4408","region":"TX","country":"US"}],"names":{"primary":"Metro Wholesale Appliances","common":null,"rules":null},"sources":[{"property":"","dataset":"BrightQuery","license":"CDLA-Permissive-2.0","record_id":"94960381","update_time":"2026-08-13T13:23:42.875Z","confidence":0.95,"between":null,"provider":"brightquery","resource":"brightquery","version":"2026-08-10"},{"property":"/properties/confidence","dataset":"Overture","license":"CDLA-Permissive-2.0","record_id":null,"update_time":"2026-08-14T19:46:07Z","confidence":null,"between":null,"provider":"overture","resource":"confidence_calculation","version":"2026-08-14"},{"property":"/properties/operating_status","dataset":"Overture-signals","license":"CDLA-Permissive-2.0","record_id":"be0829c4-a0c8-4cf6-957c-4fce1aebd32c","update_time":"2026-08-10T22:54:24Z","confidence":1.0,"between":null,"provider":"overture","resource":"operating_status_signal","version":"2026-08-10"}],"operating_status":"open","basic_category":"hardware_home_and_garden_store","taxonomy":{"primary":"appliance_store","hierarchy":["shopping","specialty_store","hardware_home_and_garden_store","appliance_store"],"alternates":null},"version":8}},{"id":"86615ce8-f570-45b4-a70a-992fc2289ae0","type":"Feature","geometry":{"type":"Point","coordinates":[-95.3922277,29.61361244]},"properties":{"categories":{"primary":"hvac_services","alternate":["contractor","plumbing"]},"confidence":0.844066321849823,"websites":["http://www.trane.com"],"emails":["info@alpineairtx.com"],"socials":["https://www.facebook.com/105081886226324"],"phones":["+17134335641"],"brand":{"wikidata":null,"names":{"primary":null,"common":null,"rules":null}},"addresses":[{"freeform":"2016 Almeda Genoa Rd","locality":"Houston","postcode":"77047","region":"TX","country":"US"}],"names":{"primary":"Alpine Air Inc","common":null,"rules":null},"sources":[{"property":"","dataset":"meta","license":"CDLA-Permissive-2.0","record_id":"105081886226324","update_time":"2026-08-10T00:00:00.000Z","confidence":0.844066321849823,"between":null,"provider":"meta","resource":"meta","version":"2026-08-10"},{"property":"/properties/confidence","dataset":"Overture","license":"CDLA-Permissive-2.0","record_id":null,"update_time":"2026-08-14T19:46:07Z","confidence":null,"between":null,"provider":"overture","resource":"confidence_calculation","version":"2026-08-14"}],"basic_category":"home_service","taxonomy":{"primary":"hvac_service","hierarchy":["services_and_business","home_service","hvac_service"],"alternates":null},"version":9}},{"id":"aefa4094-3153-4d9a-a892-420a462991c3","type":"Feature","geometry":{"type":"Point","coordinates":[-95.392231,29.611696]},"properties":{"categories":{"primary":"medical_supply","alternate":["retail"]},"confidence":0.9810786012560129,"websites":["http://www.dinovomed.com/"],"phones":["8669636746"],"addresses":[{"freeform":"13511 Lew Briggs Rd","locality":"Houston","postcode":"77047","region":"TX","country":"US"}],"names":{"primary":"DiNovo Cleanroom Supplies and Packaging Solutions","common":null,"rules":null},"sources":[{"property":"","dataset":"Microsoft","license":"CDLA-Permissive-2.0","record_id":"844424935132324","update_time":"2025-09-06T14:22:33.300Z","confidence":0.85,"between":null,"provider":"microsoft","resource":"microsoft","version":"2025-10-20"},{"property":"/properties/confidence","dataset":"Overture","license":"CDLA-Permissive-2.0","record_id":null,"update_time":"2026-08-14T19:46:07Z","confidence":null,"between":null,"provider":"overture","resource":"confidence_calculation","version":"2026-08-14"}],"basic_category":"specialty_store","taxonomy":{"primary":"medical_supply_store","hierarchy":["shopping","specialty_store","medical_supply_store"],"alternates":null},"version":9}},{"id":"5d97bc30-1797-4d57-95e4-ace96337e588","type":"Feature","geometry":{"type":"Point","coordinates":[-95.39154,29.609017]},"properties":{"categories":{"primary":"equestrian_facility","alternate":null},"confidence":0.95,"websites":["http://fortsamhoustonequestriancenter.weebly.com"],"phones":["17134337669"],"addresses":[{"freeform":"13551 Lew Briggs Rd","locality":"Houston","postcode":"77047-4401","region":"TX","country":"US"}],"names":{"primary":"Sam Houston Equestrian Center","common":null,"rules":null},"sources":[{"property":"","dataset":"BrightQuery","license":"CDLA-Permissive-2.0","record_id":"92633360","update_time":"2026-08-13T13:23:42.875Z","confidence":0.95,"between":null,"provider":"brightquery","resource":"brightquery","version":"2026-08-10"},{"property":"/properties/confidence","dataset":"Overture","license":"CDLA-Permissive-2.0","record_id":null,"update_time":"2026-08-14T19:46:07Z","confidence":null,"between":null,"provider":"overture","resource":"confidence_calculation","version":"2026-08-14"}],"operating_status":"permanently_closed","basic_category":"sport_or_fitness_facility","taxonomy":{"primary":"equestrian_facility","hierarchy":["sports_and_recreation","sport_or_fitness_facility","horse_riding","equestrian_facility"],"alternates":null},"version":1}},{"id":"a63c853d-f939-43a4-9c2f-4c8b1c8c964f","type":"Feature","geometry":{"type":"Point","coordinates":[-95.39313,29.60782]},"properties":{"categories":{"primary":"contractor","alternate":["professional_services","topic_concert_venue"]},"confidence":0.9058642560243606,"websites":["https://www.instagram.com/klassicstablesevents/"],"emails":["klassicstablesofhouston@gmail.com"],"socials":["https://www.facebook.com/206520606472371"],"phones":["+17139429799"],"brand":{"wikidata":null,"names":{"primary":null,"common":null,"rules":null}},"addresses":[{"freeform":"13556 Lew Briggs Rd","locality":"Houston","postcode":"77047-4402","region":"TX","country":"US"}],"names":{"primary":"Klassic Stables Events","common":null,"rules":null},"sources":[{"property":"","dataset":"meta","license":"CDLA-Permissive-2.0","record_id":"206520606472371","update_time":"2026-08-10T00:00:00.000Z","confidence":0.590714156627655,"between":null,"provider":"meta","resource":"meta","version":"2026-08-10"},{"property":"/properties/confidence","dataset":"Overture","license":"CDLA-Permissive-2.0","record_id":null,"update_time":"2026-08-14T19:46:07Z","confidence":null,"between":null,"provider":"overture","resource":"confidence_calculation","version":"2026-08-14"}],"basic_category":"home_service","taxonomy":{"primary":"contractor","hierarchy":["services_and_business","home_service","contractor"],"alternates":null},"version":9}},{"id":"c7238375-0363-49b5-8228-65325354769e","type":"Feature","geometry":{"type":"Point","coordinates":[-95.39200720434098,29.600357741605773]},"properties":{"categories":{"primary":"horse_boarding","alternate":["topic_concert_venue","sports_and_recreation_venue"]},"confidence":0.7985416054725647,"emails":["twinnon20s@yahoo.com"],"socials":["https://www.facebook.com/1860311324222637"],"phones":["+18323866222"],"brand":{"wikidata":null,"names":{"primary":null,"common":null,"rules":null}},"addresses":[{"freeform":"1600 Fellows Rd","locality":"Houston","postcode":"77047-6212","region":"TX","country":"US"}],"names":{"primary":"Viking Ranch","common":null,"rules":null},"sources":[{"property":"","dataset":"meta","license":"CDLA-Permissive-2.0","record_id":"1860311324222637","update_time":"2026-08-10T00:00:00.000Z","confidence":0.7985416054725647,"between":null,"provider":"meta","resource":"meta","version":"2026-08-10"},{"property":"/properties/confidence","dataset":"Overture","license":"CDLA-Permissive-2.0","record_id":null,"update_time":"2026-08-14T19:46:07Z","confidence":null,"between":null,"provider":"overture","resource":"confidence_calculation","version":"2026-08-14"}],"basic_category":"animal_or_pet_service","taxonomy":{"primary":"horse_boarding","hierarchy":["lifestyle_services","animal_or_pet_service","equine_service","horse_boarding"],"alternates":null},"version":8}},{"id":"6c2895dc-92ac-4db7-90d6-aca5f5b1a2cc","type":"Feature","geometry":{"type":"Point","coordinates":[-95.39265402051544,29.598181025924497]},"properties":{"categories":{"primary":"building_supply_store","alternate":["retail"]},"confidence":0.9661489844322204,"websites":["https://www.whitecap.com/branches/584"],"phones":["8322934199"],"addresses":[{"freeform":"430 S. Sam Houston Parkway West","locality":"Houston","postcode":"77047","region":"TX","country":"US"}],"names":{"primary":"White Cap","common":null,"rules":null},"sources":[{"property":"","dataset":"Microsoft","license":"CDLA-Permissive-2.0","record_id":"562949965058638","update_time":"2025-08-19T14:02:19.620Z","confidence":0.85,"between":null,"provider":"microsoft","resource":"microsoft","version":"2025-10-20"},{"property":"/properties/confidence","dataset":"Overture","license":"CDLA-Permissive-2.0","record_id":null,"update_time":"2026-08-14T19:46:07Z","confidence":null,"between":null,"provider":"overture","resource":"confidence_calculation","version":"2026-08-14"}],"basic_category":"hardware_home_and_garden_store","taxonomy":{"primary":"building_supply_store","hierarchy":["shopping","specialty_store","hardware_home_and_garden_store","building_supply_store"],"alternates":null},"version":8}},{"id":"5f5fa61c-6576-41fe-89e3-f8e0eaab4182","type":"Feature","geometry":{"type":"Point","coordinates":[-95.3956979795489,29.598237549245706]},"properties":{"categories":{"primary":"lounge","alternate":["bar","comedy_club"]},"confidence":0.9924407005310059,"websites":["https://bar8hou.business.site/"],"socials":["https://www.facebook.com/390169724189123"],"phones":["+12817553844"],"brand":{"wikidata":null,"names":{"primary":null,"common":null,"rules":null}},"addresses":[{"freeform":"630 S Sam Houston Pkwy W","locality":"Houston","postcode":"77047","region":"TX","country":"US"}],"names":{"primary":"Legacy Bar & Venue","common":null,"rules":null},"sources":[{"property":"","dataset":"meta","license":"CDLA-Permissive-2.0","record_id":"390169724189123","update_time":"2026-08-10T00:00:00.000Z","confidence":0.9924407005310059,"between":null,"provider":"meta","resource":"meta","version":"2026-08-10"},{"property":"/properties/confidence","dataset":"Overture","license":"CDLA-Permissive-2.0","record_id":null,"update_time":"2026-08-14T19:46:07Z","confidence":null,"between":null,"provider":"overture","resource":"confidence_calculation","version":"2026-08-14"},{"property":"/properties/operating_status","dataset":"Overture-signals","license":"CDLA-Permissive-2.0","record_id":"10467228-9e68-4dc2-aae5-de5175d00e4b","update_time":"2026-08-10T22:54:24Z","confidence":1.0,"between":null,"provider":"overture","resource":"operating_status_signal","version":"2026-08-10"}],"operating_status":"open","basic_category":"lounge","taxonomy":{"primary":"lounge","hierarchy":["food_and_drink","alcoholic_beverage_venue","lounge"],"alternates":null},"version":2}},{"id":"33950964-279f-4644-b68c-ff38d0c67506","type":"Feature","geometry":{"type":"Point","coordinates":[-95.395732,29.598085]},"properties":{"categories":{"primary":"community_services_non_profits","alternate":["bar","dance_club"]},"confidence":0.9622111040353775,"websites":["http://www.greenmillsocialclub.com"],"socials":["https://www.facebook.com/466895876835520"],"phones":["+17134383301"],"brand":{"wikidata":null,"names":{"primary":null,"common":null,"rules":null}},"addresses":[{"freeform":"630 S Sam Houston Pkwy W","locality":"Houston","postcode":"77047","region":"TX","country":"US"}],"names":{"primary":"Formerly Green Mill Social CLub","common":null,"rules":null},"sources":[{"property":"","dataset":"meta","license":"CDLA-Permissive-2.0","record_id":"466895876835520","update_time":"2026-08-10T00:00:00.000Z","confidence":0.8357004523277283,"between":null,"provider":"meta","resource":"meta","version":"2026-08-10"},{"property":"/properties/confidence","dataset":"Overture","license":"CDLA-Permissive-2.0","record_id":null,"update_time":"2026-08-14T19:46:07Z","confidence":null,"between":null,"provider":"overture","resource":"confidence_calculation","version":"2026-08-14"}],"basic_category":"social_or_community_service","taxonomy":{"primary":"social_or_community_service","hierarchy":["community_and_government","social_or_community_service"],"alternates":null},"version":9}},{"id":"6b5cc13b-0039-48c3-9571-410d3d06f7be","type":"Feature","geometry":{"type":"Point","coordinates":[-95.39562821,29.5981092]},"properties":{"categories":{"primary":"liquor_store","alternate":null},"confidence":0.9199122190475464,"socials":["https://www.facebook.com/1004889359686343"],"phones":["+17134335055"],"brand":{"wikidata":null,"names":{"primary":null,"common":null,"rules":null}},"addresses":[{"freeform":"630 S Sam Houston Pkwy W","locality":"Houston","postcode":"77047","region":"TX","country":"US"}],"names":{"primary":"Pearland Liquor","common":null,"rules":null},"sources":[{"property":"","dataset":"meta","license":"CDLA-Permissive-2.0","record_id":"1004889359686343","update_time":"2026-08-10T00:00:00.000Z","confidence":0.9529193639755249,"between":null,"provider":"meta","resource":"meta","version":"2026-08-10"},{"property":"/properties/confidence","dataset":"Overture","license":"CDLA-Permissive-2.0","record_id":null,"update_time":"2026-08-14T19:46:07Z","confidence":null,"between":null,"provider":"overture","resource":"confidence_calculation","version":"2026-08-14"},{"property":"/properties/operating_status","dataset":"Overture-signals","license":"CDLA-Permissive-2.0","record_id":"c167bc49-462d-459f-b425-b68d3051b257","update_time":"2026-08-10T22:54:24Z","confidence":1.0,"between":null,"provider":"overture","resource":"operating_status_signal","version":"2026-08-10"}],"operating_status":"open","basic_category":"food_and_beverage_store","taxonomy":{"primary":"liquor_store","hierarchy":["shopping","food_and_beverage_store","liquor_store"],"alternates":null},"version":8}},{"id":"143369de-19a4-4132-abc1-1137c770f6be","type":"Feature","geometry":{"type":"Point","coordinates":[-95.3938551,29.5977043]},"properties":{"categories":{"primary":"insurance_agency","alternate":null},"confidence":0.31869009137153625,"websites":["https://agents.allstate.com/stanley-sanders-houston-tx.html"],"emails":["sbsanders56@allstate.com"],"socials":["https://www.facebook.com/1066688286725940"],"phones":["+12813035199"],"brand":{"wikidata":null,"names":{"primary":null,"common":null,"rules":null}},"addresses":[{"freeform":"630 S Sam Houston Pkwy W","locality":"Houston","postcode":"77047","region":"TX","country":"US"}],"names":{"primary":"Stanley Sanders Insurance","common":null,"rules":null},"sources":[{"property":"","dataset":"meta","license":"CDLA-Permissive-2.0","record_id":"1066688286725940","update_time":"2026-08-10T00:00:00.000Z","confidence":0.31869009137153625,"between":null,"provider":"meta","resource":"meta","version":"2026-08-10"},{"property":"/properties/confidence","dataset":"Overture","license":"CDLA-Permissive-2.0","record_id":null,"update_time":"2026-08-14T19:46:07Z","confidence":null,"between":null,"provider":"overture","resource":"confidence_calculation","version":"2026-08-14"}],"basic_category":"financial_service","taxonomy":{"primary":"insurance_agency","hierarchy":["services_and_business","financial_service","insurance_agency"],"alternates":null},"version":2}},{"id":"c03557b1-06a8-4a52-a173-169c3278b134","type":"Feature","geometry":{"type":"Point","coordinates":[-95.39176032,29.586639]},"properties":{"categories":{"primary":"landmark_and_historical_building","alternate":["real_estate"]},"confidence":0.19664335250854492,"websites":["https://www.ivyforestestates.com/?utm_knock=socialad"],"emails":["ivyforestestates-socialad@m.knck.io"],"socials":["https://www.facebook.com/751577324714731"],"phones":["+12818439861"],"brand":{"wikidata":null,"names":{"primary":null,"common":null,"rules":null}},"addresses":[{"freeform":"11121 Carleton Ln","locality":"Pearland","postcode":"77047","region":"TX","country":"US"}],"names":{"primary":"Ivy Forest Estates","common":null,"rules":null},"sources":[{"property":"","dataset":"meta","license":"CDLA-Permissive-2.0","record_id":"751577324714731","update_time":"2026-08-10T00:00:00.000Z","confidence":0.19664335250854492,"between":null,"provider":"meta","resource":"meta","version":"2026-08-10"},{"property":"/properties/confidence","dataset":"Overture","license":"CDLA-Permissive-2.0","record_id":null,"update_time":"2026-08-14T19:46:07Z","confidence":null,"between":null,"provider":"overture","resource":"confidence_calculation","version":"2026-08-14"}],"basic_category":"historic_site","taxonomy":{"primary":"historic_site","hierarchy":["cultural_and_historic","historic_site"],"alternates":null},"version":1}},{"id":"409132fe-22b0-4d87-9a74-96f6e396713f","type":"Feature","geometry":{"type":"Point","coordinates":[-95.39195483,29.58131851]},"properties":{"categories":{"primary":"weight_loss_center","alternate":["naturopathic_holistic","health_and_medical"]},"confidence":0.4943513870239258,"websites":["https://wholeinonewellnessclinic.com/"],"emails":["info@wholeinonewellnessclinic.com"],"socials":["https://www.facebook.com/107579798518175"],"phones":["+17133322535"],"brand":{"wikidata":null,"names":{"primary":null,"common":null,"rules":null}},"addresses":[{"freeform":"11161 Shadow Creek Pkwy Ste 229","locality":"Pearland","postcode":"77584","region":"TX","country":"US"}],"names":{"primary":"Whole In One Wellness Clinic","common":null,"rules":null},"sources":[{"property":"","dataset":"meta","license":"CDLA-Permissive-2.0","record_id":"107579798518175","update_time":"2026-08-10T00:00:00.000Z","confidence":0.4943513870239258,"between":null,"provider":"meta","resource":"meta","version":"2026-08-10"},{"property":"/properties/confidence","dataset":"Overture","license":"CDLA-Permissive-2.0","record_id":null,"update_time":"2026-08-14T19:46:07Z","confidence":null,"between":null,"provider":"overture","resource":"confidence_calculation","version":"2026-08-14"}],"basic_category":"wellness_service","taxonomy":{"primary":"weight_loss_center","hierarchy":["lifestyle_services","wellness_service","weight_loss_center"],"alternates":null},"version":9}},{"id":"e3761b3e-1ab3-4c72-86e0-0878c9f52949","type":"Feature","geometry":{"type":"Point","coordinates":[-95.3919,29.5801]},"properties":{"confidence":0.85,"websites":["http://www.arninglawns.com/"],"phones":["2816481952"],"addresses":[{"freeform":"11111 Shadow Creek Pkwy","locality":"Pearland","postcode":"77584","region":"TX","country":"US"}],"names":{"primary":"Arning Lawns","common":null,"rules":null},"sources":[{"property":"","dataset":"Microsoft","license":"CDLA-Permissive-2.0","record_id":"1125899913720637","update_time":"2025-07-24T10:36:55.017Z","confidence":0.85,"between":null,"provider":"microsoft","resource":"microsoft","version":"2025-10-20"},{"property":"/properties/confidence","dataset":"Overture","license":"CDLA-Permissive-2.0","record_id":null,"update_time":"2026-08-14T19:46:07Z","confidence":null,"between":null,"provider":"overture","resource":"confidence_calculation","version":"2026-08-14"}],"version":2}},{"id":"ddf4b7cd-93ff-4504-8703-60430509be73","type":"Feature","geometry":{"type":"Point","coordinates":[-95.39181676,29.58067254]},"properties":{"categories":{"primary":"convenience_store","alternate":["gas_station","grocery_store"]},"confidence":0.9902192950248718,"websites":["https://www.buc-ees.com/"],"socials":["https://www.facebook.com/1155855131253620"],"phones":["+19792386390"],"brand":{"wikidata":null,"names":{"primary":"Buc-ee's","common":null,"rules":null}},"addresses":[{"freeform":"11151 Shadow Creek Pkwy","locality":"Pearland","postcode":"77584","region":"TX","country":"US"}],"names":{"primary":"Buc-ee's","common":null,"rules":null},"sources":[{"property":"","dataset":"meta","license":"CDLA-Permissive-2.0","record_id":"1155855131253620","update_time":"2026-08-10T00:00:00.000Z","confidence":0.996881365776062,"between":null,"provider":"meta","resource":"meta","version":"2026-08-10"},{"property":"/properties/confidence","dataset":"Overture","license":"CDLA-Permissive-2.0","record_id":null,"update_time":"2026-08-14T19:46:07Z","confidence":null,"between":null,"provider":"overture","resource":"confidence_calculation","version":"2026-08-14"},{"property":"/properties/operating_status","dataset":"Overture-signals","license":"CDLA-Permissive-2.0","record_id":"6f666f0a-687d-46e9-a685-650193d93aa9","update_time":"2026-08-10T22:54:24Z","confidence":1.0,"between":null,"provider":"overture","resource":"operating_status_signal","version":"2026-08-10"}],"operating_status":"open","basic_category":"convenience_store","taxonomy":{"primary":"convenience_store","hierarchy":["shopping","convenience_store"],"alternates":null},"version":8}},{"id":"e3a66e5b-d339-4e06-aceb-f3a1c87f7983","type":"Feature","geometry":{"type":"Point","coordinates":[-95.3918059,29.581211]},"properties":{"categories":{"primary":"dialysis_clinic","alternate":null},"confidence":0.75,"websites":["http://www.texascaredialysis.com"],"phones":["12815011602"],"addresses":[{"freeform":"11161 Shadow Creek Pkwy  Ste 107","locality":"Pearland","postcode":"77584-7226","region":"TX","country":"US"}],"names":{"primary":"Texas Care Dialysis","common":null,"rules":null},"sources":[{"property":"","dataset":"BrightQuery","license":"CDLA-Permissive-2.0","record_id":"90295980","update_time":"2026-08-13T13:23:42.875Z","confidence":0.75,"between":null,"provider":"brightquery","resource":"brightquery","version":"2026-08-10"},{"property":"/properties/confidence","dataset":"Overture","license":"CDLA-Permissive-2.0","record_id":null,"update_time":"2026-08-14T19:46:07Z","confidence":null,"between":null,"provider":"overture","resource":"confidence_calculation","version":"2026-08-14"}],"operating_status":"open","basic_category":"specialized_medical_facility","taxonomy":{"primary":"dialysis_clinic","hierarchy":["health_care","specialized_medical_facility","dialysis_clinic"],"alternates":null},"version":1}},{"id":"18dc105b-f30a-4569-84d2-623f03198dc8","type":"Feature","geometry":{"type":"Point","coordinates":[-95.3918059,29.581211]},"properties":{"categories":{"primary":"dialysis_clinic","alternate":null},"confidence":0.9199122190475464,"websites":["https://singularcare.net"],"phones":["17134138881"],"addresses":[{"freeform":"11161 Shadow Creek Pkwy  Ste 229","locality":"Pearland","postcode":"77584-7226","region":"TX","country":"US"}],"names":{"primary":"Singular Care Home Hemodialysis","common":null,"rules":null},"sources":[{"property":"","dataset":"BrightQuery","license":"CDLA-Permissive-2.0","record_id":"88278588","update_time":"2026-08-13T13:23:42.875Z","confidence":0.75,"between":null,"provider":"brightquery","resource":"brightquery","version":"2026-08-10"},{"property":"/properties/confidence","dataset":"Overture","license":"CDLA-Permissive-2.0","record_id":null,"update_time":"2026-08-14T19:46:07Z","confidence":null,"between":null,"provider":"overture","resource":"confidence_calculation","version":"2026-08-14"},{"property":"/properties/operating_status","dataset":"Overture-signals","license":"CDLA-Permissive-2.0","record_id":"46d40721-1ec6-4a32-ac1c-220e47eb778d","update_time":"2026-08-10T22:54:24Z","confidence":1.0,"between":null,"provider":"overture","resource":"operating_status_signal","version":"2026-08-10"}],"operating_status":"open","basic_category":"specialized_medical_facility","taxonomy":{"primary":"dialysis_clinic","hierarchy":["health_care","specialized_medical_facility","dialysis_clinic"],"alternates":null},"version":6}},{"id":"e18d9424-b6ff-461a-97a7-8c1ceb42be9c","type":"Feature","geometry":{"type":"Point","coordinates":[-95.391834,29.581308]},"properties":{"confidence":0.9199122190475464,"websites":["https://defynedbeauty.com/"],"phones":["8322284640"],"addresses":[{"freeform":"11161 Shadow Creek Pkwy Ste 107","locality":"Houston","postcode":"77584","region":"TX","country":"US"}],"names":{"primary":"Defyned Aesthetics","common":null,"rules":null},"sources":[{"property":"","dataset":"Microsoft","license":"CDLA-Permissive-2.0","record_id":"1407374891332523","update_time":"2025-04-17T11:41:59.577Z","confidence":0.85,"between":null,"provider":"microsoft","resource":"microsoft","version":"2025-10-20"},{"property":"/properties/confidence","dataset":"Overture","license":"CDLA-Permissive-2.0","record_id":null,"update_time":"2026-08-14T19:46:07Z","confidence":null,"between":null,"provider":"overture","resource":"confidence_calculation","version":"2026-08-14"},{"property":"/properties/operating_status","dataset":"Overture-signals","license":"CDLA-Permissive-2.0","record_id":"c9341367-27a3-4d8e-bd5e-c6a11a8712a9","update_time":"2026-08-10T22:54:24Z","confidence":1.0,"between":null,"provider":"overture","resource":"operating_status_signal","version":"2026-08-10"}],"operating_status":"open","version":8}},{"id":"e436c653-3cda-4219-b36c-f11b4bfe9fc7","type":"Feature","geometry":{"type":"Point","coordinates":[-95.39206595,29.5812113]},"properties":{"categories":{"primary":"endodontist","alternate":["dentist","health_and_medical"]},"confidence":0.9199122190475464,"websites":["http://www.ceteamendo.com/"],"emails":["pearland@ceteamendo.com"],"socials":["https://www.facebook.com/456461178433104"],"phones":["+12815295580"],"brand":{"wikidata":null,"names":{"primary":"Contemporary Endodontics Galleria","common":null,"rules":null}},"addresses":[{"freeform":"11161 Shadow Creek Pkwy Ste 225","locality":"Pearland","postcode":"77584","region":"TX","country":"US"}],"names":{"primary":"Contemporary Endodontics","common":null,"rules":null},"sources":[{"property":"","dataset":"meta","license":"CDLA-Permissive-2.0","record_id":"456461178433104","update_time":"2026-08-10T00:00:00.000Z","confidence":0.990955650806427,"between":null,"provider":"meta","resource":"meta","version":"2026-08-10"},{"property":"/properties/confidence","dataset":"Overture","license":"CDLA-Permissive-2.0","record_id":null,"update_time":"2026-08-14T19:46:07Z","confidence":null,"between":null,"provider":"overture","resource":"confidence_calculation","version":"2026-08-14"},{"property":"/properties/operating_status","dataset":"Overture-signals","license":"CDLA-Permissive-2.0","record_id":"ef1a8d03-fa65-4af0-894e-23cebc349cf6","update_time":"2026-08-10T22:54:24Z","confidence":1.0,"between":null,"provider":"overture","resource":"operating_status_signal","version":"2026-08-10"}],"operating_status":"open","basic_category":"dental_clinic","taxonomy":{"primary":"endodontics","hierarchy":["health_care","outpatient_care_facility","dental_clinic","endodontics"],"alternates":null},"version":11}},{"id":"baef0dd1-c7f1-421d-bc37-b379614650ef","type":"Feature","geometry":{"type":"Point","coordinates":[-95.3921509,29.5800819]},"properties":{"categories":{"primary":"advertising_agency","alternate":["public_relations","marketing_consultant"]},"confidence":0.2879643738269806,"websites":["http://www.ALdigitalmarketing.com/"],"socials":["https://www.facebook.com/472387242928033"],"phones":["+18329988339"],"brand":{"wikidata":null,"names":{"primary":null,"common":null,"rules":null}},"addresses":[{"freeform":"11233 Shadow Creek Pkwy","locality":"Pearland","postcode":"77584-4100","region":"TX","country":"US"}],"names":{"primary":"AL-Digital Marketing","common":null,"rules":null},"sources":[{"property":"","dataset":"meta","license":"CDLA-Permissive-2.0","record_id":"472387242928033","update_time":"2026-08-10T00:00:00.000Z","confidence":0.2879643738269806,"between":null,"provider":"meta","resource":"meta","version":"2026-08-10"},{"property":"/properties/confidence","dataset":"Overture","license":"CDLA-Permissive-2.0","record_id":null,"update_time":"2026-08-14T19:46:07Z","confidence":null,"between":null,"provider":"overture","resource":"confidence_calculation","version":"2026-08-14"}],"basic_category":"professional_service","taxonomy":{"primary":"advertising_agency","hierarchy":["services_and_business","professional_service","advertising_agency"],"alternates":null},"version":10}},{"id":"c565060b-a263-4953-ba1e-daa7baaa4af9","type":"Feature","geometry":{"type":"Point","coordinates":[-95.39212122559547,29.579999819397926]},"properties":{"categories":{"primary":"laser_hair_removal","alternate":["medical_spa","hair_removal","spas","beauty_and_spa"]},"confidence":0.9199122190475464,"websites":[""],"phones":["7134360148"],"addresses":[{"freeform":"11233 Shadow Creek Pkwy Ste 121","locality":"Pearland","postcode":"77584","region":"TX","country":"US"}],"names":{"primary":"Natura One Medspa","common":null,"rules":null},"sources":[{"property":"","dataset":"Microsoft","license":"CDLA-Permissive-2.0","record_id":"1407374883768047","update_time":"2014-01-22T20:58:40.570Z","confidence":0.85,"between":null,"provider":"microsoft","resource":"microsoft","version":"2025-10-20"},{"property":"/properties/confidence","dataset":"Overture","license":"CDLA-Permissive-2.0","record_id":null,"update_time":"2026-08-14T19:46:07Z","confidence":null,"between":null,"provider":"overture","resource":"confidence_calculation","version":"2026-08-14"},{"property":"/properties/operating_status","dataset":"Overture-signals","license":"CDLA-Permissive-2.0","record_id":"4a24f7f4-d815-441d-b694-e0aeaa78835a","update_time":"2026-08-10T22:54:24Z","confidence":1.0,"between":null,"provider":"overture","resource":"operating_status_signal","version":"2026-08-10"}],"operating_status":"open","basic_category":"personal_or_beauty_service","taxonomy":{"primary":"laser_hair_removal","hierarchy":["lifestyle_services","personal_or_beauty_service","hair_removal","laser_hair_removal"],"alternates":null},"version":6}},{"id":"0d36c0a1-06fd-4457-8b8e-47beb91129a1","type":"Feature","geometry":{"type":"Point","coordinates":[-95.39302,29.58015]},"properties":{"categories":{"primary":"fast_food_restaurant","alternate":null},"confidence":0.9788447022438049,"websites":["https://www.bk.com/store-locator/store/restaurant_25466"],"brand":{"wikidata":"Q177054","names":{"primary":"Burger King","common":null,"rules":[]}},"addresses":[{"freeform":"12825 Shadow Creek Parkway","locality":"Pearland","postcode":"77584","region":"TX","country":"US"}],"names":{"primary":"Burger King","common":null,"rules":[]},"sources":[{"property":"","dataset":"AllThePlaces","license":"CC0-1.0","record_id":"MThhxKQm-tr1Uw-FL-s8AB4r4IU=","update_time":"2026-08-05T15:33:36.000Z","confidence":0.8,"between":null,"provider":"alltheplaces","resource":"alltheplaces","version":"2026-08-05"},{"property":"/properties/confidence","dataset":"Overture","license":"CDLA-Permissive-2.0","record_id":null,"update_time":"2026-08-14T19:46:07Z","confidence":null,"between":null,"provider":"overture","resource":"confidence_calculation","version":"2026-08-14"},{"property":"/properties/operating_status","dataset":"Overture-signals","license":"CDLA-Permissive-2.0","record_id":"fab451b5-7d63-4603-ab25-4e267ac29486","update_time":"2026-06-26T16:25:14Z","confidence":1.0,"between":null,"provider":"overture","resource":"operating_status_signal","version":"2026-06-22"}],"operating_status":"open","basic_category":"fast_food_restaurant","taxonomy":{"primary":"fast_food_restaurant","hierarchy":["food_and_drink","casual_eatery","fast_food_restaurant"],"alternates":null},"version":9}},{"id":"f8d5d18b-3f4d-49f7-a842-6d50c59ac029","type":"Feature","geometry":{"type":"Point","coordinates":[-95.3939082,29.5801385]},"properties":{"categories":{"primary":"marketing_consultant","alternate":["consultant_and_general_service","billing_services","business_consulting","business_advertising","business_to_business_services","business_to_business"]},"confidence":0.9492276906967163,"websites":["https://www.precisionhub.com/"],"phones":["8884544325"],"addresses":[{"freeform":"11233 Shadow Creek Pkwy Ste 313","locality":"Pearland","postcode":"77584","region":"TX","country":"US"}],"names":{"primary":"Precision Hub LLC","common":null,"rules":null},"sources":[{"property":"","dataset":"Microsoft","license":"CDLA-Permissive-2.0","record_id":"1688849866454001","update_time":"2025-07-10T15:52:09.387Z","confidence":0.85,"between":null,"provider":"microsoft","resource":"microsoft","version":"2025-10-20"},{"property":"/properties/confidence","dataset":"Overture","license":"CDLA-Permissive-2.0","record_id":null,"update_time":"2026-08-14T19:46:07Z","confidence":null,"between":null,"provider":"overture","resource":"confidence_calculation","version":"2026-08-14"},{"property":"/properties/operating_status","dataset":"Overture-signals","license":"CDLA-Permissive-2.0","record_id":"9f1562c3-e3de-44e7-b160-10247d0b3519","update_time":"2026-08-10T22:54:24Z","confidence":1.0,"between":null,"provider":"overture","resource":"operating_status_signal","version":"2026-08-10"}],"operating_status":"open","basic_category":"b2b_office_and_professional_service","taxonomy":{"primary":"b2b_marketing_consultant","hierarchy":["services_and_business","b2b_service","b2b_office_and_professional_service","b2b_advertising_and_marketing_service","b2b_marketing_consultant"],"alternates":null},"version":8}},{"id":"0c3ae9e9-856c-4be5-9dc5-b3faeb11e421","type":"Feature","geometry":{"type":"Point","coordinates":[-95.39408173,29.58081558]},"properties":{"categories":{"primary":"orthopedist","alternate":["doctor","health_and_medical"]},"confidence":0.9199122190475464,"websites":["https://minivasivepain.com/pearland/"],"socials":["https://www.facebook.com/375729572281969"],"phones":["+13468006001"],"brand":{"wikidata":null,"names":{"primary":"Minivasive Pain & Orthopedics","common":null,"rules":null}},"addresses":[{"freeform":"11233 Shadow Creek Pkwy","locality":"Pearland","postcode":"77584-4100","region":"TX","country":"US"}],"names":{"primary":"Minivasive Pain & Orthopedics","common":null,"rules":null},"sources":[{"property":"","dataset":"meta","license":"CDLA-Permissive-2.0","record_id":"375729572281969","update_time":"2026-08-10T00:00:00.000Z","confidence":0.9816277623176575,"between":null,"provider":"meta","resource":"meta","version":"2026-08-10"},{"property":"/properties/confidence","dataset":"Overture","license":"CDLA-Permissive-2.0","record_id":null,"update_time":"2026-08-14T19:46:07Z","confidence":null,"between":null,"provider":"overture","resource":"confidence_calculation","version":"2026-08-14"},{"property":"/properties/operating_status","dataset":"Overture-signals","license":"CDLA-Permissive-2.0","record_id":"460d3c64-0770-4719-831a-d63aedcbcdd1","update_time":"2026-08-10T22:54:24Z","confidence":1.0,"between":null,"provider":"overture","resource":"operating_status_signal","version":"2026-08-10"}],"operating_status":"open","basic_category":"specialized_health_care","taxonomy":{"primary":"orthopedics","hierarchy":["health_care","outpatient_care_facility","specialized_health_care","musculoskeletal_medicine","orthopedics"],"alternates":null},"version":10}},{"id":"31681e6d-6c1d-4dad-8ce4-b104d0347c8f","type":"Feature","geometry":{"type":"Point","coordinates":[-95.3940893,29.58079434]},"properties":{"categories":{"primary":"copywriting_service","alternate":["writing_service","marketing_agency"]},"confidence":0.1582769900560379,"websites":["https://onecontentpro.com/"],"emails":["info@onecontentpro.com"],"socials":["https://www.facebook.com/101330099092279"],"phones":["+18007647513"],"brand":{"wikidata":null,"names":{"primary":null,"common":null,"rules":null}},"addresses":[{"freeform":"11233 Shadow Creek Pkwy #313","locality":"Pearland","postcode":"77584","region":"TX","country":"US"}],"names":{"primary":"One Content Pro","common":null,"rules":null},"sources":[{"property":"","dataset":"meta","license":"CDLA-Permissive-2.0","record_id":"101330099092279","update_time":"2026-08-10T00:00:00.000Z","confidence":0.1582769900560379,"between":null,"provider":"meta","resource":"meta","version":"2026-08-10"},{"property":"/properties/confidence","dataset":"Overture","license":"CDLA-Permissive-2.0","record_id":null,"update_time":"2026-08-14T19:46:07Z","confidence":null,"between":null,"provider":"overture","resource":"confidence_calculation","version":"2026-08-14"}],"basic_category":"professional_service","taxonomy":{"primary":"copywriting_service","hierarchy":["services_and_business","professional_service","copywriting_service"],"alternates":null},"version":1}},{"id":"979e5e93-bc63-4fe8-994c-72c70296e0f0","type":"Feature","geometry":{"type":"Point","coordinates":[-95.39406675,29.58079468]},"properties":{"categories":{"primary":"contractor","alternate":["professional_services"]},"confidence":0.2694249451160431,"websites":["http://www.alterium.com/"],"emails":["bizdevamericas@alterium.com"],"socials":["https://www.facebook.com/170506259696339"],"phones":["+12817415330"],"brand":{"wikidata":null,"names":{"primary":null,"common":null,"rules":null}},"addresses":[{"freeform":"11233 Shadow Creek Pkwy #200","locality":"Pearland","postcode":"77584","region":"TX","country":"US"}],"names":{"primary":"Alterium","common":null,"rules":null},"sources":[{"property":"","dataset":"meta","license":"CDLA-Permissive-2.0","record_id":"170506259696339","update_time":"2026-08-10T00:00:00.000Z","confidence":0.2694249451160431,"between":null,"provider":"meta","resource":"meta","version":"2026-08-10"},{"property":"/properties/confidence","dataset":"Overture","license":"CDLA-Permissive-2.0","record_id":null,"update_time":"2026-08-14T19:46:07Z","confidence":null,"between":null,"provider":"overture","resource":"confidence_calculation","version":"2026-08-14"}],"basic_category":"home_service","taxonomy":{"primary":"contractor","hierarchy":["services_and_business","home_service","contractor"],"alternates":null},"version":4}},{"id":"898ba68c-6ac1-4c30-b95c-30b754571268","type":"Feature","geometry":{"type":"Point","coordinates":[-95.39403069,29.58091063]},"properties":{"categories":{"primary":"home_cleaning","alternate":["professional_services","carpet_cleaning"]},"confidence":0.9199122190475464,"websites":["http://www.Mcdaddys.com/"],"emails":["kendreams11@aol.com"],"socials":["https://www.facebook.com/104415384421086"],"phones":["+18327254520"],"brand":{"wikidata":null,"names":{"primary":null,"common":null,"rules":null}},"addresses":[{"freeform":"11233 Shadow Creek Pkwy Ste 307","locality":"Pearland","postcode":"77584","region":"TX","country":"US"}],"names":{"primary":"McDaddy's Pressure Washing and Carpet Cleaning","common":null,"rules":null},"sources":[{"property":"","dataset":"meta","license":"CDLA-Permissive-2.0","record_id":"104415384421086","update_time":"2026-08-10T00:00:00.000Z","confidence":0.2078457772731781,"between":null,"provider":"meta","resource":"meta","version":"2026-08-10"},{"property":"/properties/confidence","dataset":"Overture","license":"CDLA-Permissive-2.0","record_id":null,"update_time":"2026-08-14T19:46:07Z","confidence":null,"between":null,"provider":"overture","resource":"confidence_calculation","version":"2026-08-14"},{"property":"/properties/operating_status","dataset":"Overture-signals","license":"CDLA-Permissive-2.0","record_id":"0dc2a089-975a-46b1-8eb1-3fdbbe8c53da","update_time":"2026-08-10T22:54:24Z","confidence":1.0,"between":null,"provider":"overture","resource":"operating_status_signal","version":"2026-08-10"}],"operating_status":"open","basic_category":"home_service","taxonomy":{"primary":"home_cleaning","hierarchy":["services_and_business","home_service","home_cleaning"],"alternates":null},"version":10}},{"id":"9008c5dd-0d24-47a3-a8b9-163e383a4190","type":"Feature","geometry":{"type":"Point","coordinates":[-95.39402985,29.58077417]},"properties":{"categories":{"primary":"dentist","alternate":["general_dentistry","medical_service_organizations"]},"confidence":0.9999454701244831,"websites":["http://www.pearlandental.com/"],"emails":["info@scr-dental.com"],"socials":["https://www.facebook.com/110990898983842"],"phones":["+12817415247"],"brand":{"wikidata":null,"names":{"primary":null,"common":null,"rules":null}},"addresses":[{"freeform":"11233 Shadow Creek Pkwy","locality":"Pearland","postcode":"77584-4100","region":"TX","country":"US"}],"names":{"primary":"Shadow Creek Ranch Dental Specialists","common":null,"rules":null},"sources":[{"property":"","dataset":"meta","license":"CDLA-Permissive-2.0","record_id":"110990898983842","update_time":"2026-08-10T00:00:00.000Z","confidence":0.9952582716941833,"between":null,"provider":"meta","resource":"meta","version":"2026-08-10"},{"property":"/properties/confidence","dataset":"Overture","license":"CDLA-Permissive-2.0","record_id":null,"update_time":"2026-08-14T19:46:07Z","confidence":null,"between":null,"provider":"overture","resource":"confidence_calculation","version":"2026-08-14"}],"basic_category":"dental_clinic","taxonomy":{"primary":"dental_clinic","hierarchy":["health_care","outpatient_care_facility","dental_clinic"],"alternates":null},"version":10}}]}